Analysis & Synthesis report for monociclo
Wed Jan 10 19:32:56 2024
Quartus Prime Version 23.1std.0 Build 991 11/28/2023 SC Lite Edition


---------------------
; Table of Contents ;
---------------------
  1. Legal Notice
  2. Analysis & Synthesis Summary
  3. Analysis & Synthesis Settings
  4. Parallel Compilation
  5. Analysis & Synthesis Source Files Read
  6. Analysis & Synthesis Resource Usage Summary
  7. Analysis & Synthesis Resource Utilization by Entity
  8. User-Specified and Inferred Latches
  9. Registers Removed During Synthesis
 10. Removed Registers Triggering Further Register Optimizations
 11. General Register Statistics
 12. Inverted Register Statistics
 13. Multiplexer Restructuring Statistics (Restructuring Performed)
 14. Parameter Settings for User Entity Instance: monociclo:DUT|AluFinal:AluFinal_u0|aluN:execute_u0
 15. Port Connectivity Checks: "monociclo:DUT|AluFinal:AluFinal_u0|aluN:execute_u0|alu:alutag[31].alu_N"
 16. Port Connectivity Checks: "monociclo:DUT|AluFinal:AluFinal_u0|aluN:execute_u0|alu:alutag[30].alu_N"
 17. Port Connectivity Checks: "monociclo:DUT|AluFinal:AluFinal_u0|aluN:execute_u0|alu:alutag[29].alu_N"
 18. Port Connectivity Checks: "monociclo:DUT|AluFinal:AluFinal_u0|aluN:execute_u0|alu:alutag[28].alu_N"
 19. Port Connectivity Checks: "monociclo:DUT|AluFinal:AluFinal_u0|aluN:execute_u0|alu:alutag[27].alu_N"
 20. Port Connectivity Checks: "monociclo:DUT|AluFinal:AluFinal_u0|aluN:execute_u0|alu:alutag[26].alu_N"
 21. Port Connectivity Checks: "monociclo:DUT|AluFinal:AluFinal_u0|aluN:execute_u0|alu:alutag[25].alu_N"
 22. Port Connectivity Checks: "monociclo:DUT|AluFinal:AluFinal_u0|aluN:execute_u0|alu:alutag[24].alu_N"
 23. Port Connectivity Checks: "monociclo:DUT|AluFinal:AluFinal_u0|aluN:execute_u0|alu:alutag[23].alu_N"
 24. Port Connectivity Checks: "monociclo:DUT|AluFinal:AluFinal_u0|aluN:execute_u0|alu:alutag[22].alu_N"
 25. Port Connectivity Checks: "monociclo:DUT|AluFinal:AluFinal_u0|aluN:execute_u0|alu:alutag[21].alu_N"
 26. Port Connectivity Checks: "monociclo:DUT|AluFinal:AluFinal_u0|aluN:execute_u0|alu:alutag[20].alu_N"
 27. Port Connectivity Checks: "monociclo:DUT|AluFinal:AluFinal_u0|aluN:execute_u0|alu:alutag[19].alu_N"
 28. Port Connectivity Checks: "monociclo:DUT|AluFinal:AluFinal_u0|aluN:execute_u0|alu:alutag[18].alu_N"
 29. Port Connectivity Checks: "monociclo:DUT|AluFinal:AluFinal_u0|aluN:execute_u0|alu:alutag[17].alu_N"
 30. Port Connectivity Checks: "monociclo:DUT|AluFinal:AluFinal_u0|aluN:execute_u0|alu:alutag[16].alu_N"
 31. Port Connectivity Checks: "monociclo:DUT|AluFinal:AluFinal_u0|aluN:execute_u0|alu:alutag[15].alu_N"
 32. Port Connectivity Checks: "monociclo:DUT|AluFinal:AluFinal_u0|aluN:execute_u0|alu:alutag[14].alu_N"
 33. Port Connectivity Checks: "monociclo:DUT|AluFinal:AluFinal_u0|aluN:execute_u0|alu:alutag[13].alu_N"
 34. Port Connectivity Checks: "monociclo:DUT|AluFinal:AluFinal_u0|aluN:execute_u0|alu:alutag[12].alu_N"
 35. Port Connectivity Checks: "monociclo:DUT|AluFinal:AluFinal_u0|aluN:execute_u0|alu:alutag[11].alu_N"
 36. Port Connectivity Checks: "monociclo:DUT|AluFinal:AluFinal_u0|aluN:execute_u0|alu:alutag[10].alu_N"
 37. Port Connectivity Checks: "monociclo:DUT|AluFinal:AluFinal_u0|aluN:execute_u0|alu:alutag[9].alu_N"
 38. Port Connectivity Checks: "monociclo:DUT|AluFinal:AluFinal_u0|aluN:execute_u0|alu:alutag[8].alu_N"
 39. Port Connectivity Checks: "monociclo:DUT|AluFinal:AluFinal_u0|aluN:execute_u0|alu:alutag[7].alu_N"
 40. Port Connectivity Checks: "monociclo:DUT|AluFinal:AluFinal_u0|aluN:execute_u0|alu:alutag[6].alu_N"
 41. Port Connectivity Checks: "monociclo:DUT|AluFinal:AluFinal_u0|aluN:execute_u0|alu:alutag[5].alu_N"
 42. Port Connectivity Checks: "monociclo:DUT|AluFinal:AluFinal_u0|aluN:execute_u0|alu:alutag[4].alu_N"
 43. Port Connectivity Checks: "monociclo:DUT|AluFinal:AluFinal_u0|aluN:execute_u0|alu:alutag[3].alu_N"
 44. Port Connectivity Checks: "monociclo:DUT|AluFinal:AluFinal_u0|aluN:execute_u0|alu:alutag[2].alu_N"
 45. Port Connectivity Checks: "monociclo:DUT|AluFinal:AluFinal_u0|aluN:execute_u0|alu:alutag[1].alu_N"
 46. Port Connectivity Checks: "monociclo:DUT|AluFinal:AluFinal_u0"
 47. Post-Synthesis Netlist Statistics for Top Partition
 48. Elapsed Time Per Partition
 49. Analysis & Synthesis Messages



----------------
; Legal Notice ;
----------------
Copyright (C) 2023  Intel Corporation. All rights reserved.
Your use of Intel Corporation's design tools, logic functions 
and other software and tools, and any partner logic 
functions, and any output files from any of the foregoing 
(including device programming or simulation files), and any 
associated documentation or information are expressly subject 
to the terms and conditions of the Intel Program License 
Subscription Agreement, the Intel Quartus Prime License Agreement,
the Intel FPGA IP License Agreement, or other applicable license
agreement, including, without limitation, that your use is for
the sole purpose of programming logic devices manufactured by
Intel and sold by Intel or its authorized distributors.  Please
refer to the applicable agreement for further details, at
https://fpgasoftware.intel.com/eula.



+-------------------------------------------------------------------------------------+
; Analysis & Synthesis Summary                                                        ;
+------------------------------------+------------------------------------------------+
; Analysis & Synthesis Status        ; Successful - Wed Jan 10 19:32:56 2024          ;
; Quartus Prime Version              ; 23.1std.0 Build 991 11/28/2023 SC Lite Edition ;
; Revision Name                      ; monociclo                                      ;
; Top-level Entity Name              ; monociclo_fpga                                 ;
; Family                             ; Cyclone IV E                                   ;
; Total logic elements               ; 3,654                                          ;
;     Total combinational functions  ; 2,374                                          ;
;     Dedicated logic registers      ; 1,384                                          ;
; Total registers                    ; 1384                                           ;
; Total pins                         ; 58                                             ;
; Total virtual pins                 ; 0                                              ;
; Total memory bits                  ; 0                                              ;
; Embedded Multiplier 9-bit elements ; 0                                              ;
; Total PLLs                         ; 0                                              ;
+------------------------------------+------------------------------------------------+


+------------------------------------------------------------------------------------------------------------+
; Analysis & Synthesis Settings                                                                              ;
+------------------------------------------------------------------+--------------------+--------------------+
; Option                                                           ; Setting            ; Default Value      ;
+------------------------------------------------------------------+--------------------+--------------------+
; Device                                                           ; EP4CE115F29C7      ;                    ;
; Top-level entity name                                            ; monociclo_fpga     ; monociclo          ;
; Family name                                                      ; Cyclone IV E       ; Cyclone V          ;
; Use smart compilation                                            ; Off                ; Off                ;
; Enable parallel Assembler and Timing Analyzer during compilation ; On                 ; On                 ;
; Enable compact report table                                      ; Off                ; Off                ;
; Restructure Multiplexers                                         ; Auto               ; Auto               ;
; Create Debugging Nodes for IP Cores                              ; Off                ; Off                ;
; Preserve fewer node names                                        ; On                 ; On                 ;
; Intel FPGA IP Evaluation Mode                                    ; Enable             ; Enable             ;
; Verilog Version                                                  ; Verilog_2001       ; Verilog_2001       ;
; VHDL Version                                                     ; VHDL_1993          ; VHDL_1993          ;
; State Machine Processing                                         ; Auto               ; Auto               ;
; Safe State Machine                                               ; Off                ; Off                ;
; Extract Verilog State Machines                                   ; On                 ; On                 ;
; Extract VHDL State Machines                                      ; On                 ; On                 ;
; Ignore Verilog initial constructs                                ; Off                ; Off                ;
; Iteration limit for constant Verilog loops                       ; 5000               ; 5000               ;
; Iteration limit for non-constant Verilog loops                   ; 250                ; 250                ;
; Add Pass-Through Logic to Inferred RAMs                          ; On                 ; On                 ;
; Infer RAMs from Raw Logic                                        ; On                 ; On                 ;
; Parallel Synthesis                                               ; On                 ; On                 ;
; DSP Block Balancing                                              ; Auto               ; Auto               ;
; NOT Gate Push-Back                                               ; On                 ; On                 ;
; Power-Up Don't Care                                              ; On                 ; On                 ;
; Remove Redundant Logic Cells                                     ; Off                ; Off                ;
; Remove Duplicate Registers                                       ; On                 ; On                 ;
; Ignore CARRY Buffers                                             ; Off                ; Off                ;
; Ignore CASCADE Buffers                                           ; Off                ; Off                ;
; Ignore GLOBAL Buffers                                            ; Off                ; Off                ;
; Ignore ROW GLOBAL Buffers                                        ; Off                ; Off                ;
; Ignore LCELL Buffers                                             ; Off                ; Off                ;
; Ignore SOFT Buffers                                              ; On                 ; On                 ;
; Limit AHDL Integers to 32 Bits                                   ; Off                ; Off                ;
; Optimization Technique                                           ; Balanced           ; Balanced           ;
; Carry Chain Length                                               ; 70                 ; 70                 ;
; Auto Carry Chains                                                ; On                 ; On                 ;
; Auto Open-Drain Pins                                             ; On                 ; On                 ;
; Perform WYSIWYG Primitive Resynthesis                            ; Off                ; Off                ;
; Auto ROM Replacement                                             ; On                 ; On                 ;
; Auto RAM Replacement                                             ; On                 ; On                 ;
; Auto DSP Block Replacement                                       ; On                 ; On                 ;
; Auto Shift Register Replacement                                  ; Auto               ; Auto               ;
; Allow Shift Register Merging across Hierarchies                  ; Auto               ; Auto               ;
; Auto Clock Enable Replacement                                    ; On                 ; On                 ;
; Strict RAM Replacement                                           ; Off                ; Off                ;
; Allow Synchronous Control Signals                                ; On                 ; On                 ;
; Force Use of Synchronous Clear Signals                           ; Off                ; Off                ;
; Auto RAM Block Balancing                                         ; On                 ; On                 ;
; Auto RAM to Logic Cell Conversion                                ; Off                ; Off                ;
; Auto Resource Sharing                                            ; Off                ; Off                ;
; Allow Any RAM Size For Recognition                               ; Off                ; Off                ;
; Allow Any ROM Size For Recognition                               ; Off                ; Off                ;
; Allow Any Shift Register Size For Recognition                    ; Off                ; Off                ;
; Use LogicLock Constraints during Resource Balancing              ; On                 ; On                 ;
; Ignore translate_off and synthesis_off directives                ; Off                ; Off                ;
; Timing-Driven Synthesis                                          ; On                 ; On                 ;
; Report Parameter Settings                                        ; On                 ; On                 ;
; Report Source Assignments                                        ; On                 ; On                 ;
; Report Connectivity Checks                                       ; On                 ; On                 ;
; Ignore Maximum Fan-Out Assignments                               ; Off                ; Off                ;
; Synchronization Register Chain Length                            ; 2                  ; 2                  ;
; Power Optimization During Synthesis                              ; Normal compilation ; Normal compilation ;
; HDL message level                                                ; Level2             ; Level2             ;
; Suppress Register Optimization Related Messages                  ; Off                ; Off                ;
; Number of Removed Registers Reported in Synthesis Report         ; 5000               ; 5000               ;
; Number of Swept Nodes Reported in Synthesis Report               ; 5000               ; 5000               ;
; Number of Inverted Registers Reported in Synthesis Report        ; 100                ; 100                ;
; Clock MUX Protection                                             ; On                 ; On                 ;
; Auto Gated Clock Conversion                                      ; Off                ; Off                ;
; Block Design Naming                                              ; Auto               ; Auto               ;
; SDC constraint protection                                        ; Off                ; Off                ;
; Synthesis Effort                                                 ; Auto               ; Auto               ;
; Shift Register Replacement - Allow Asynchronous Clear Signal     ; On                 ; On                 ;
; Pre-Mapping Resynthesis Optimization                             ; Off                ; Off                ;
; Analysis & Synthesis Message Level                               ; Medium             ; Medium             ;
; Disable Register Merging Across Hierarchies                      ; Auto               ; Auto               ;
; Resource Aware Inference For Block RAM                           ; On                 ; On                 ;
+------------------------------------------------------------------+--------------------+--------------------+


+------------------------------------------+
; Parallel Compilation                     ;
+----------------------------+-------------+
; Processors                 ; Number      ;
+----------------------------+-------------+
; Number detected on machine ; 12          ;
; Maximum allowed            ; 12          ;
;                            ;             ;
; Average used               ; 1.01        ;
; Maximum used               ; 12          ;
;                            ;             ;
; Usage by Processor         ; % Time Used ;
;     Processor 1            ; 100.0%      ;
;     Processor 2            ;   0.2%      ;
;     Processor 3            ;   0.2%      ;
;     Processor 4            ;   0.2%      ;
;     Processor 5            ;   0.1%      ;
;     Processor 6            ;   0.1%      ;
;     Processors 7-12        ;   0.1%      ;
+----------------------------+-------------+


+------------------------------------------------------------------------------------------------------------------------------------------------------------------------------------------+
; Analysis & Synthesis Source Files Read                                                                                                                                                   ;
+----------------------------------+-----------------+---------------------------------------------+-----------------------------------------------------------------------------+---------+
; File Name with User-Entered Path ; Used in Netlist ; File Type                                   ; File Name with Absolute Path                                                ; Library ;
+----------------------------------+-----------------+---------------------------------------------+-----------------------------------------------------------------------------+---------+
; alu/sumador/fulladder.v          ; yes             ; User Verilog HDL File                       ; D:/practicasArqui/ultima alu/monociclo_fpga/alu/sumador/fulladder.v         ;         ;
; alu/aluN.v                       ; yes             ; User Verilog HDL File                       ; D:/practicasArqui/ultima alu/monociclo_fpga/alu/aluN.v                      ;         ;
; alu/alu.v                        ; yes             ; User Verilog HDL File                       ; D:/practicasArqui/ultima alu/monociclo_fpga/alu/alu.v                       ;         ;
; fpga/disp7segs.v                 ; yes             ; User Verilog HDL File                       ; D:/practicasArqui/ultima alu/monociclo_fpga/fpga/disp7segs.v                ;         ;
; monociclo.v                      ; yes             ; User Verilog HDL File                       ; D:/practicasArqui/ultima alu/monociclo_fpga/monociclo.v                     ;         ;
; chache/ichache.v                 ; yes             ; User Verilog HDL File                       ; D:/practicasArqui/ultima alu/monociclo_fpga/chache/ichache.v                ;         ;
; monociclo_fpga.v                 ; yes             ; User Verilog HDL File                       ; D:/practicasArqui/ultima alu/monociclo_fpga/monociclo_fpga.v                ;         ;
; fpga/divisor50mhz.v              ; yes             ; User Verilog HDL File                       ; D:/practicasArqui/ultima alu/monociclo_fpga/fpga/divisor50mhz.v             ;         ;
; decode/decode.v                  ; yes             ; User Verilog HDL File                       ; D:/practicasArqui/ultima alu/monociclo_fpga/decode/decode.v                 ;         ;
; regfile/registerfile.v           ; yes             ; User Verilog HDL File                       ; D:/practicasArqui/ultima alu/monociclo_fpga/regfile/registerfile.v          ;         ;
; sign/signext.v                   ; yes             ; User Verilog HDL File                       ; D:/practicasArqui/ultima alu/monociclo_fpga/sign/signext.v                  ;         ;
; dcache/dcache.v                  ; yes             ; User Verilog HDL File                       ; D:/practicasArqui/ultima alu/monociclo_fpga/dcache/dcache.v                 ;         ;
; alu/flagdetector.v               ; yes             ; User Verilog HDL File                       ; D:/practicasArqui/ultima alu/monociclo_fpga/alu/flagdetector.v              ;         ;
; aluctrl/aluctrl.v                ; yes             ; User Verilog HDL File                       ; D:/practicasArqui/ultima alu/monociclo_fpga/aluctrl/aluctrl.v               ;         ;
; alu/AluChikita.v                 ; yes             ; User Verilog HDL File                       ; D:/practicasArqui/ultima alu/monociclo_fpga/alu/AluChikita.v                ;         ;
; alu/AluFinal.v                   ; yes             ; User Verilog HDL File                       ; D:/practicasArqui/ultima alu/monociclo_fpga/alu/AluFinal.v                  ;         ;
; chache/bubblesort_inst_5cv1.hex  ; yes             ; Auto-Found Hexadecimal (Intel-Format) File  ; D:/practicasArqui/ultima alu/monociclo_fpga/chache/bubblesort_inst_5cv1.hex ;         ;
+----------------------------------+-----------------+---------------------------------------------+-----------------------------------------------------------------------------+---------+


+------------------------------------------------------------------------------+
; Analysis & Synthesis Resource Usage Summary                                  ;
+---------------------------------------------+--------------------------------+
; Resource                                    ; Usage                          ;
+---------------------------------------------+--------------------------------+
; Estimated Total logic elements              ; 3,654                          ;
;                                             ;                                ;
; Total combinational functions               ; 2374                           ;
; Logic element usage by number of LUT inputs ;                                ;
;     -- 4 input functions                    ; 1720                           ;
;     -- 3 input functions                    ; 479                            ;
;     -- <=2 input functions                  ; 175                            ;
;                                             ;                                ;
; Logic elements by mode                      ;                                ;
;     -- normal mode                          ; 2333                           ;
;     -- arithmetic mode                      ; 41                             ;
;                                             ;                                ;
; Total registers                             ; 1384                           ;
;     -- Dedicated logic registers            ; 1384                           ;
;     -- I/O registers                        ; 0                              ;
;                                             ;                                ;
; I/O pins                                    ; 58                             ;
;                                             ;                                ;
; Embedded Multiplier 9-bit elements          ; 0                              ;
;                                             ;                                ;
; Maximum fan-out node                        ; divisor50mhz:div50_u0|clk1hz_o ;
; Maximum fan-out                             ; 1352                           ;
; Total fan-out                               ; 12943                          ;
; Average fan-out                             ; 3.34                           ;
+---------------------------------------------+--------------------------------+


+--------------------------------------------------------------------------------------------------------------------------------------------------------------------------------------------------------------------------------------------------------------------------------------------------------------+
; Analysis & Synthesis Resource Utilization by Entity                                                                                                                                                                                                                                                          ;
+--------------------------------------------+---------------------+---------------------------+-------------+--------------+---------+-----------+------+--------------+------------------------------------------------------------------------------------------------------+----------------+--------------+
; Compilation Hierarchy Node                 ; Combinational ALUTs ; Dedicated Logic Registers ; Memory Bits ; DSP Elements ; DSP 9x9 ; DSP 18x18 ; Pins ; Virtual Pins ; Full Hierarchy Name                                                                                  ; Entity Name    ; Library Name ;
+--------------------------------------------+---------------------+---------------------------+-------------+--------------+---------+-----------+------+--------------+------------------------------------------------------------------------------------------------------+----------------+--------------+
; |monociclo_fpga                            ; 2374 (0)            ; 1384 (0)                  ; 0           ; 0            ; 0       ; 0         ; 58   ; 0            ; |monociclo_fpga                                                                                      ; monociclo_fpga ; work         ;
;    |disp7segs:disp_0|                      ; 7 (7)               ; 0 (0)                     ; 0           ; 0            ; 0       ; 0         ; 0    ; 0            ; |monociclo_fpga|disp7segs:disp_0                                                                     ; disp7segs      ; work         ;
;    |disp7segs:disp_1|                      ; 7 (7)               ; 0 (0)                     ; 0           ; 0            ; 0       ; 0         ; 0    ; 0            ; |monociclo_fpga|disp7segs:disp_1                                                                     ; disp7segs      ; work         ;
;    |disp7segs:disp_2|                      ; 7 (7)               ; 0 (0)                     ; 0           ; 0            ; 0       ; 0         ; 0    ; 0            ; |monociclo_fpga|disp7segs:disp_2                                                                     ; disp7segs      ; work         ;
;    |disp7segs:disp_3|                      ; 7 (7)               ; 0 (0)                     ; 0           ; 0            ; 0       ; 0         ; 0    ; 0            ; |monociclo_fpga|disp7segs:disp_3                                                                     ; disp7segs      ; work         ;
;    |disp7segs:disp_4|                      ; 7 (7)               ; 0 (0)                     ; 0           ; 0            ; 0       ; 0         ; 0    ; 0            ; |monociclo_fpga|disp7segs:disp_4                                                                     ; disp7segs      ; work         ;
;    |disp7segs:disp_5|                      ; 7 (7)               ; 0 (0)                     ; 0           ; 0            ; 0       ; 0         ; 0    ; 0            ; |monociclo_fpga|disp7segs:disp_5                                                                     ; disp7segs      ; work         ;
;    |disp7segs:disp_6|                      ; 7 (7)               ; 0 (0)                     ; 0           ; 0            ; 0       ; 0         ; 0    ; 0            ; |monociclo_fpga|disp7segs:disp_6                                                                     ; disp7segs      ; work         ;
;    |disp7segs:disp_7|                      ; 7 (7)               ; 0 (0)                     ; 0           ; 0            ; 0       ; 0         ; 0    ; 0            ; |monociclo_fpga|disp7segs:disp_7                                                                     ; disp7segs      ; work         ;
;    |divisor50mhz:div50_u0|                 ; 56 (56)             ; 33 (33)                   ; 0           ; 0            ; 0       ; 0         ; 0    ; 0            ; |monociclo_fpga|divisor50mhz:div50_u0                                                                ; divisor50mhz   ; work         ;
;    |monociclo:DUT|                         ; 2262 (270)          ; 1351 (7)                  ; 0           ; 0            ; 0       ; 0         ; 0    ; 0            ; |monociclo_fpga|monociclo:DUT                                                                        ; monociclo      ; work         ;
;       |AluFinal:AluFinal_u0|               ; 393 (43)            ; 0 (0)                     ; 0           ; 0            ; 0       ; 0         ; 0    ; 0            ; |monociclo_fpga|monociclo:DUT|AluFinal:AluFinal_u0                                                   ; AluFinal       ; work         ;
;          |AluChikita:AluChikita_u0|        ; 202 (202)           ; 0 (0)                     ; 0           ; 0            ; 0       ; 0         ; 0    ; 0            ; |monociclo_fpga|monociclo:DUT|AluFinal:AluFinal_u0|AluChikita:AluChikita_u0                          ; AluChikita     ; work         ;
;          |aluN:execute_u0|                 ; 148 (0)             ; 0 (0)                     ; 0           ; 0            ; 0       ; 0         ; 0    ; 0            ; |monociclo_fpga|monociclo:DUT|AluFinal:AluFinal_u0|aluN:execute_u0                                   ; aluN           ; work         ;
;             |alu:alutag[0].alu_N|          ; 4 (3)               ; 0 (0)                     ; 0           ; 0            ; 0       ; 0         ; 0    ; 0            ; |monociclo_fpga|monociclo:DUT|AluFinal:AluFinal_u0|aluN:execute_u0|alu:alutag[0].alu_N               ; alu            ; work         ;
;                |fulladder:fa|              ; 1 (1)               ; 0 (0)                     ; 0           ; 0            ; 0       ; 0         ; 0    ; 0            ; |monociclo_fpga|monociclo:DUT|AluFinal:AluFinal_u0|aluN:execute_u0|alu:alutag[0].alu_N|fulladder:fa  ; fulladder      ; work         ;
;             |alu:alutag[10].alu_N|         ; 4 (3)               ; 0 (0)                     ; 0           ; 0            ; 0       ; 0         ; 0    ; 0            ; |monociclo_fpga|monociclo:DUT|AluFinal:AluFinal_u0|aluN:execute_u0|alu:alutag[10].alu_N              ; alu            ; work         ;
;                |fulladder:fa|              ; 1 (1)               ; 0 (0)                     ; 0           ; 0            ; 0       ; 0         ; 0    ; 0            ; |monociclo_fpga|monociclo:DUT|AluFinal:AluFinal_u0|aluN:execute_u0|alu:alutag[10].alu_N|fulladder:fa ; fulladder      ; work         ;
;             |alu:alutag[11].alu_N|         ; 4 (3)               ; 0 (0)                     ; 0           ; 0            ; 0       ; 0         ; 0    ; 0            ; |monociclo_fpga|monociclo:DUT|AluFinal:AluFinal_u0|aluN:execute_u0|alu:alutag[11].alu_N              ; alu            ; work         ;
;                |fulladder:fa|              ; 1 (1)               ; 0 (0)                     ; 0           ; 0            ; 0       ; 0         ; 0    ; 0            ; |monociclo_fpga|monociclo:DUT|AluFinal:AluFinal_u0|aluN:execute_u0|alu:alutag[11].alu_N|fulladder:fa ; fulladder      ; work         ;
;             |alu:alutag[12].alu_N|         ; 4 (3)               ; 0 (0)                     ; 0           ; 0            ; 0       ; 0         ; 0    ; 0            ; |monociclo_fpga|monociclo:DUT|AluFinal:AluFinal_u0|aluN:execute_u0|alu:alutag[12].alu_N              ; alu            ; work         ;
;                |fulladder:fa|              ; 1 (1)               ; 0 (0)                     ; 0           ; 0            ; 0       ; 0         ; 0    ; 0            ; |monociclo_fpga|monociclo:DUT|AluFinal:AluFinal_u0|aluN:execute_u0|alu:alutag[12].alu_N|fulladder:fa ; fulladder      ; work         ;
;             |alu:alutag[13].alu_N|         ; 4 (3)               ; 0 (0)                     ; 0           ; 0            ; 0       ; 0         ; 0    ; 0            ; |monociclo_fpga|monociclo:DUT|AluFinal:AluFinal_u0|aluN:execute_u0|alu:alutag[13].alu_N              ; alu            ; work         ;
;                |fulladder:fa|              ; 1 (1)               ; 0 (0)                     ; 0           ; 0            ; 0       ; 0         ; 0    ; 0            ; |monociclo_fpga|monociclo:DUT|AluFinal:AluFinal_u0|aluN:execute_u0|alu:alutag[13].alu_N|fulladder:fa ; fulladder      ; work         ;
;             |alu:alutag[14].alu_N|         ; 4 (3)               ; 0 (0)                     ; 0           ; 0            ; 0       ; 0         ; 0    ; 0            ; |monociclo_fpga|monociclo:DUT|AluFinal:AluFinal_u0|aluN:execute_u0|alu:alutag[14].alu_N              ; alu            ; work         ;
;                |fulladder:fa|              ; 1 (1)               ; 0 (0)                     ; 0           ; 0            ; 0       ; 0         ; 0    ; 0            ; |monociclo_fpga|monociclo:DUT|AluFinal:AluFinal_u0|aluN:execute_u0|alu:alutag[14].alu_N|fulladder:fa ; fulladder      ; work         ;
;             |alu:alutag[15].alu_N|         ; 4 (3)               ; 0 (0)                     ; 0           ; 0            ; 0       ; 0         ; 0    ; 0            ; |monociclo_fpga|monociclo:DUT|AluFinal:AluFinal_u0|aluN:execute_u0|alu:alutag[15].alu_N              ; alu            ; work         ;
;                |fulladder:fa|              ; 1 (1)               ; 0 (0)                     ; 0           ; 0            ; 0       ; 0         ; 0    ; 0            ; |monociclo_fpga|monociclo:DUT|AluFinal:AluFinal_u0|aluN:execute_u0|alu:alutag[15].alu_N|fulladder:fa ; fulladder      ; work         ;
;             |alu:alutag[16].alu_N|         ; 4 (3)               ; 0 (0)                     ; 0           ; 0            ; 0       ; 0         ; 0    ; 0            ; |monociclo_fpga|monociclo:DUT|AluFinal:AluFinal_u0|aluN:execute_u0|alu:alutag[16].alu_N              ; alu            ; work         ;
;                |fulladder:fa|              ; 1 (1)               ; 0 (0)                     ; 0           ; 0            ; 0       ; 0         ; 0    ; 0            ; |monociclo_fpga|monociclo:DUT|AluFinal:AluFinal_u0|aluN:execute_u0|alu:alutag[16].alu_N|fulladder:fa ; fulladder      ; work         ;
;             |alu:alutag[17].alu_N|         ; 4 (3)               ; 0 (0)                     ; 0           ; 0            ; 0       ; 0         ; 0    ; 0            ; |monociclo_fpga|monociclo:DUT|AluFinal:AluFinal_u0|aluN:execute_u0|alu:alutag[17].alu_N              ; alu            ; work         ;
;                |fulladder:fa|              ; 1 (1)               ; 0 (0)                     ; 0           ; 0            ; 0       ; 0         ; 0    ; 0            ; |monociclo_fpga|monociclo:DUT|AluFinal:AluFinal_u0|aluN:execute_u0|alu:alutag[17].alu_N|fulladder:fa ; fulladder      ; work         ;
;             |alu:alutag[18].alu_N|         ; 4 (3)               ; 0 (0)                     ; 0           ; 0            ; 0       ; 0         ; 0    ; 0            ; |monociclo_fpga|monociclo:DUT|AluFinal:AluFinal_u0|aluN:execute_u0|alu:alutag[18].alu_N              ; alu            ; work         ;
;                |fulladder:fa|              ; 1 (1)               ; 0 (0)                     ; 0           ; 0            ; 0       ; 0         ; 0    ; 0            ; |monociclo_fpga|monociclo:DUT|AluFinal:AluFinal_u0|aluN:execute_u0|alu:alutag[18].alu_N|fulladder:fa ; fulladder      ; work         ;
;             |alu:alutag[19].alu_N|         ; 4 (3)               ; 0 (0)                     ; 0           ; 0            ; 0       ; 0         ; 0    ; 0            ; |monociclo_fpga|monociclo:DUT|AluFinal:AluFinal_u0|aluN:execute_u0|alu:alutag[19].alu_N              ; alu            ; work         ;
;                |fulladder:fa|              ; 1 (1)               ; 0 (0)                     ; 0           ; 0            ; 0       ; 0         ; 0    ; 0            ; |monociclo_fpga|monociclo:DUT|AluFinal:AluFinal_u0|aluN:execute_u0|alu:alutag[19].alu_N|fulladder:fa ; fulladder      ; work         ;
;             |alu:alutag[1].alu_N|          ; 4 (3)               ; 0 (0)                     ; 0           ; 0            ; 0       ; 0         ; 0    ; 0            ; |monociclo_fpga|monociclo:DUT|AluFinal:AluFinal_u0|aluN:execute_u0|alu:alutag[1].alu_N               ; alu            ; work         ;
;                |fulladder:fa|              ; 1 (1)               ; 0 (0)                     ; 0           ; 0            ; 0       ; 0         ; 0    ; 0            ; |monociclo_fpga|monociclo:DUT|AluFinal:AluFinal_u0|aluN:execute_u0|alu:alutag[1].alu_N|fulladder:fa  ; fulladder      ; work         ;
;             |alu:alutag[20].alu_N|         ; 4 (3)               ; 0 (0)                     ; 0           ; 0            ; 0       ; 0         ; 0    ; 0            ; |monociclo_fpga|monociclo:DUT|AluFinal:AluFinal_u0|aluN:execute_u0|alu:alutag[20].alu_N              ; alu            ; work         ;
;                |fulladder:fa|              ; 1 (1)               ; 0 (0)                     ; 0           ; 0            ; 0       ; 0         ; 0    ; 0            ; |monociclo_fpga|monociclo:DUT|AluFinal:AluFinal_u0|aluN:execute_u0|alu:alutag[20].alu_N|fulladder:fa ; fulladder      ; work         ;
;             |alu:alutag[21].alu_N|         ; 4 (3)               ; 0 (0)                     ; 0           ; 0            ; 0       ; 0         ; 0    ; 0            ; |monociclo_fpga|monociclo:DUT|AluFinal:AluFinal_u0|aluN:execute_u0|alu:alutag[21].alu_N              ; alu            ; work         ;
;                |fulladder:fa|              ; 1 (1)               ; 0 (0)                     ; 0           ; 0            ; 0       ; 0         ; 0    ; 0            ; |monociclo_fpga|monociclo:DUT|AluFinal:AluFinal_u0|aluN:execute_u0|alu:alutag[21].alu_N|fulladder:fa ; fulladder      ; work         ;
;             |alu:alutag[22].alu_N|         ; 4 (3)               ; 0 (0)                     ; 0           ; 0            ; 0       ; 0         ; 0    ; 0            ; |monociclo_fpga|monociclo:DUT|AluFinal:AluFinal_u0|aluN:execute_u0|alu:alutag[22].alu_N              ; alu            ; work         ;
;                |fulladder:fa|              ; 1 (1)               ; 0 (0)                     ; 0           ; 0            ; 0       ; 0         ; 0    ; 0            ; |monociclo_fpga|monociclo:DUT|AluFinal:AluFinal_u0|aluN:execute_u0|alu:alutag[22].alu_N|fulladder:fa ; fulladder      ; work         ;
;             |alu:alutag[23].alu_N|         ; 4 (3)               ; 0 (0)                     ; 0           ; 0            ; 0       ; 0         ; 0    ; 0            ; |monociclo_fpga|monociclo:DUT|AluFinal:AluFinal_u0|aluN:execute_u0|alu:alutag[23].alu_N              ; alu            ; work         ;
;                |fulladder:fa|              ; 1 (1)               ; 0 (0)                     ; 0           ; 0            ; 0       ; 0         ; 0    ; 0            ; |monociclo_fpga|monociclo:DUT|AluFinal:AluFinal_u0|aluN:execute_u0|alu:alutag[23].alu_N|fulladder:fa ; fulladder      ; work         ;
;             |alu:alutag[24].alu_N|         ; 4 (3)               ; 0 (0)                     ; 0           ; 0            ; 0       ; 0         ; 0    ; 0            ; |monociclo_fpga|monociclo:DUT|AluFinal:AluFinal_u0|aluN:execute_u0|alu:alutag[24].alu_N              ; alu            ; work         ;
;                |fulladder:fa|              ; 1 (1)               ; 0 (0)                     ; 0           ; 0            ; 0       ; 0         ; 0    ; 0            ; |monociclo_fpga|monociclo:DUT|AluFinal:AluFinal_u0|aluN:execute_u0|alu:alutag[24].alu_N|fulladder:fa ; fulladder      ; work         ;
;             |alu:alutag[25].alu_N|         ; 4 (3)               ; 0 (0)                     ; 0           ; 0            ; 0       ; 0         ; 0    ; 0            ; |monociclo_fpga|monociclo:DUT|AluFinal:AluFinal_u0|aluN:execute_u0|alu:alutag[25].alu_N              ; alu            ; work         ;
;                |fulladder:fa|              ; 1 (1)               ; 0 (0)                     ; 0           ; 0            ; 0       ; 0         ; 0    ; 0            ; |monociclo_fpga|monociclo:DUT|AluFinal:AluFinal_u0|aluN:execute_u0|alu:alutag[25].alu_N|fulladder:fa ; fulladder      ; work         ;
;             |alu:alutag[26].alu_N|         ; 4 (3)               ; 0 (0)                     ; 0           ; 0            ; 0       ; 0         ; 0    ; 0            ; |monociclo_fpga|monociclo:DUT|AluFinal:AluFinal_u0|aluN:execute_u0|alu:alutag[26].alu_N              ; alu            ; work         ;
;                |fulladder:fa|              ; 1 (1)               ; 0 (0)                     ; 0           ; 0            ; 0       ; 0         ; 0    ; 0            ; |monociclo_fpga|monociclo:DUT|AluFinal:AluFinal_u0|aluN:execute_u0|alu:alutag[26].alu_N|fulladder:fa ; fulladder      ; work         ;
;             |alu:alutag[27].alu_N|         ; 4 (3)               ; 0 (0)                     ; 0           ; 0            ; 0       ; 0         ; 0    ; 0            ; |monociclo_fpga|monociclo:DUT|AluFinal:AluFinal_u0|aluN:execute_u0|alu:alutag[27].alu_N              ; alu            ; work         ;
;                |fulladder:fa|              ; 1 (1)               ; 0 (0)                     ; 0           ; 0            ; 0       ; 0         ; 0    ; 0            ; |monociclo_fpga|monociclo:DUT|AluFinal:AluFinal_u0|aluN:execute_u0|alu:alutag[27].alu_N|fulladder:fa ; fulladder      ; work         ;
;             |alu:alutag[28].alu_N|         ; 4 (3)               ; 0 (0)                     ; 0           ; 0            ; 0       ; 0         ; 0    ; 0            ; |monociclo_fpga|monociclo:DUT|AluFinal:AluFinal_u0|aluN:execute_u0|alu:alutag[28].alu_N              ; alu            ; work         ;
;                |fulladder:fa|              ; 1 (1)               ; 0 (0)                     ; 0           ; 0            ; 0       ; 0         ; 0    ; 0            ; |monociclo_fpga|monociclo:DUT|AluFinal:AluFinal_u0|aluN:execute_u0|alu:alutag[28].alu_N|fulladder:fa ; fulladder      ; work         ;
;             |alu:alutag[29].alu_N|         ; 7 (6)               ; 0 (0)                     ; 0           ; 0            ; 0       ; 0         ; 0    ; 0            ; |monociclo_fpga|monociclo:DUT|AluFinal:AluFinal_u0|aluN:execute_u0|alu:alutag[29].alu_N              ; alu            ; work         ;
;                |fulladder:fa|              ; 1 (1)               ; 0 (0)                     ; 0           ; 0            ; 0       ; 0         ; 0    ; 0            ; |monociclo_fpga|monociclo:DUT|AluFinal:AluFinal_u0|aluN:execute_u0|alu:alutag[29].alu_N|fulladder:fa ; fulladder      ; work         ;
;             |alu:alutag[2].alu_N|          ; 4 (3)               ; 0 (0)                     ; 0           ; 0            ; 0       ; 0         ; 0    ; 0            ; |monociclo_fpga|monociclo:DUT|AluFinal:AluFinal_u0|aluN:execute_u0|alu:alutag[2].alu_N               ; alu            ; work         ;
;                |fulladder:fa|              ; 1 (1)               ; 0 (0)                     ; 0           ; 0            ; 0       ; 0         ; 0    ; 0            ; |monociclo_fpga|monociclo:DUT|AluFinal:AluFinal_u0|aluN:execute_u0|alu:alutag[2].alu_N|fulladder:fa  ; fulladder      ; work         ;
;             |alu:alutag[30].alu_N|         ; 4 (3)               ; 0 (0)                     ; 0           ; 0            ; 0       ; 0         ; 0    ; 0            ; |monociclo_fpga|monociclo:DUT|AluFinal:AluFinal_u0|aluN:execute_u0|alu:alutag[30].alu_N              ; alu            ; work         ;
;                |fulladder:fa|              ; 1 (1)               ; 0 (0)                     ; 0           ; 0            ; 0       ; 0         ; 0    ; 0            ; |monociclo_fpga|monociclo:DUT|AluFinal:AluFinal_u0|aluN:execute_u0|alu:alutag[30].alu_N|fulladder:fa ; fulladder      ; work         ;
;             |alu:alutag[31].alu_N|         ; 3 (3)               ; 0 (0)                     ; 0           ; 0            ; 0       ; 0         ; 0    ; 0            ; |monociclo_fpga|monociclo:DUT|AluFinal:AluFinal_u0|aluN:execute_u0|alu:alutag[31].alu_N              ; alu            ; work         ;
;             |alu:alutag[3].alu_N|          ; 4 (3)               ; 0 (0)                     ; 0           ; 0            ; 0       ; 0         ; 0    ; 0            ; |monociclo_fpga|monociclo:DUT|AluFinal:AluFinal_u0|aluN:execute_u0|alu:alutag[3].alu_N               ; alu            ; work         ;
;                |fulladder:fa|              ; 1 (1)               ; 0 (0)                     ; 0           ; 0            ; 0       ; 0         ; 0    ; 0            ; |monociclo_fpga|monociclo:DUT|AluFinal:AluFinal_u0|aluN:execute_u0|alu:alutag[3].alu_N|fulladder:fa  ; fulladder      ; work         ;
;             |alu:alutag[4].alu_N|          ; 4 (3)               ; 0 (0)                     ; 0           ; 0            ; 0       ; 0         ; 0    ; 0            ; |monociclo_fpga|monociclo:DUT|AluFinal:AluFinal_u0|aluN:execute_u0|alu:alutag[4].alu_N               ; alu            ; work         ;
;                |fulladder:fa|              ; 1 (1)               ; 0 (0)                     ; 0           ; 0            ; 0       ; 0         ; 0    ; 0            ; |monociclo_fpga|monociclo:DUT|AluFinal:AluFinal_u0|aluN:execute_u0|alu:alutag[4].alu_N|fulladder:fa  ; fulladder      ; work         ;
;             |alu:alutag[5].alu_N|          ; 4 (3)               ; 0 (0)                     ; 0           ; 0            ; 0       ; 0         ; 0    ; 0            ; |monociclo_fpga|monociclo:DUT|AluFinal:AluFinal_u0|aluN:execute_u0|alu:alutag[5].alu_N               ; alu            ; work         ;
;                |fulladder:fa|              ; 1 (1)               ; 0 (0)                     ; 0           ; 0            ; 0       ; 0         ; 0    ; 0            ; |monociclo_fpga|monociclo:DUT|AluFinal:AluFinal_u0|aluN:execute_u0|alu:alutag[5].alu_N|fulladder:fa  ; fulladder      ; work         ;
;             |alu:alutag[6].alu_N|          ; 4 (3)               ; 0 (0)                     ; 0           ; 0            ; 0       ; 0         ; 0    ; 0            ; |monociclo_fpga|monociclo:DUT|AluFinal:AluFinal_u0|aluN:execute_u0|alu:alutag[6].alu_N               ; alu            ; work         ;
;                |fulladder:fa|              ; 1 (1)               ; 0 (0)                     ; 0           ; 0            ; 0       ; 0         ; 0    ; 0            ; |monociclo_fpga|monociclo:DUT|AluFinal:AluFinal_u0|aluN:execute_u0|alu:alutag[6].alu_N|fulladder:fa  ; fulladder      ; work         ;
;             |alu:alutag[7].alu_N|          ; 4 (3)               ; 0 (0)                     ; 0           ; 0            ; 0       ; 0         ; 0    ; 0            ; |monociclo_fpga|monociclo:DUT|AluFinal:AluFinal_u0|aluN:execute_u0|alu:alutag[7].alu_N               ; alu            ; work         ;
;                |fulladder:fa|              ; 1 (1)               ; 0 (0)                     ; 0           ; 0            ; 0       ; 0         ; 0    ; 0            ; |monociclo_fpga|monociclo:DUT|AluFinal:AluFinal_u0|aluN:execute_u0|alu:alutag[7].alu_N|fulladder:fa  ; fulladder      ; work         ;
;             |alu:alutag[8].alu_N|          ; 4 (3)               ; 0 (0)                     ; 0           ; 0            ; 0       ; 0         ; 0    ; 0            ; |monociclo_fpga|monociclo:DUT|AluFinal:AluFinal_u0|aluN:execute_u0|alu:alutag[8].alu_N               ; alu            ; work         ;
;                |fulladder:fa|              ; 1 (1)               ; 0 (0)                     ; 0           ; 0            ; 0       ; 0         ; 0    ; 0            ; |monociclo_fpga|monociclo:DUT|AluFinal:AluFinal_u0|aluN:execute_u0|alu:alutag[8].alu_N|fulladder:fa  ; fulladder      ; work         ;
;             |alu:alutag[9].alu_N|          ; 4 (3)               ; 0 (0)                     ; 0           ; 0            ; 0       ; 0         ; 0    ; 0            ; |monociclo_fpga|monociclo:DUT|AluFinal:AluFinal_u0|aluN:execute_u0|alu:alutag[9].alu_N               ; alu            ; work         ;
;                |fulladder:fa|              ; 1 (1)               ; 0 (0)                     ; 0           ; 0            ; 0       ; 0         ; 0    ; 0            ; |monociclo_fpga|monociclo:DUT|AluFinal:AluFinal_u0|aluN:execute_u0|alu:alutag[9].alu_N|fulladder:fa  ; fulladder      ; work         ;
;             |flagdetector:flagdetector_u0| ; 18 (18)             ; 0 (0)                     ; 0           ; 0            ; 0       ; 0         ; 0    ; 0            ; |monociclo_fpga|monociclo:DUT|AluFinal:AluFinal_u0|aluN:execute_u0|flagdetector:flagdetector_u0      ; flagdetector   ; work         ;
;       |aluctrl:aluctrl_u0|                 ; 12 (12)             ; 0 (0)                     ; 0           ; 0            ; 0       ; 0         ; 0    ; 0            ; |monociclo_fpga|monociclo:DUT|aluctrl:aluctrl_u0                                                     ; aluctrl        ; work         ;
;       |dcache:dcache_u0|                   ; 686 (686)           ; 1024 (1024)               ; 0           ; 0            ; 0       ; 0         ; 0    ; 0            ; |monociclo_fpga|monociclo:DUT|dcache:dcache_u0                                                       ; dcache         ; work         ;
;       |decode:decode_u0|                   ; 6 (6)               ; 0 (0)                     ; 0           ; 0            ; 0       ; 0         ; 0    ; 0            ; |monociclo_fpga|monociclo:DUT|decode:decode_u0                                                       ; decode         ; work         ;
;       |icache:icache_u0|                   ; 27 (27)             ; 0 (0)                     ; 0           ; 0            ; 0       ; 0         ; 0    ; 0            ; |monociclo_fpga|monociclo:DUT|icache:icache_u0                                                       ; icache         ; work         ;
;       |registerfile:regfile_u0|            ; 849 (849)           ; 320 (320)                 ; 0           ; 0            ; 0       ; 0         ; 0    ; 0            ; |monociclo_fpga|monociclo:DUT|registerfile:regfile_u0                                                ; registerfile   ; work         ;
;       |sign_extension:signext_u0|          ; 19 (19)             ; 0 (0)                     ; 0           ; 0            ; 0       ; 0         ; 0    ; 0            ; |monociclo_fpga|monociclo:DUT|sign_extension:signext_u0                                              ; sign_extension ; work         ;
+--------------------------------------------+---------------------+---------------------------+-------------+--------------+---------+-----------+------+--------------+------------------------------------------------------------------------------------------------------+----------------+--------------+
Note: For table entries with two numbers listed, the numbers in parentheses indicate the number of resources of the given type used by the specific entity alone. The numbers listed outside of parentheses indicate the total resources of the given type used by the specific entity and all of its sub-entities in the hierarchy.


+-----------------------------------------------------------------------------------------------------------------------------------------------------------------+
; User-Specified and Inferred Latches                                                                                                                             ;
+------------------------------------------------------------------------------------------+---------------------------------------------+------------------------+
; Latch Name                                                                               ; Latch Enable Signal                         ; Free of Timing Hazards ;
+------------------------------------------------------------------------------------------+---------------------------------------------+------------------------+
; monociclo:DUT|aluctrl:aluctrl_u0|aluoperacion_o[2]                                       ; monociclo:DUT|aluctrl:aluctrl_u0|Selector10 ; yes                    ;
; monociclo:DUT|aluctrl:aluctrl_u0|aluoperacion_o[0]                                       ; monociclo:DUT|aluctrl:aluctrl_u0|Selector10 ; yes                    ;
; monociclo:DUT|aluctrl:aluctrl_u0|aluoperacion_o[1]                                       ; monociclo:DUT|aluctrl:aluctrl_u0|Selector10 ; yes                    ;
; monociclo:DUT|aluctrl:aluctrl_u0|aluoperacion_o[3]                                       ; monociclo:DUT|aluctrl:aluctrl_u0|Selector10 ; yes                    ;
; monociclo:DUT|AluFinal:AluFinal_u0|aluN:execute_u0|flagdetector:flagdetector_u0|brflag_o ; VCC                                         ; yes                    ;
; monociclo:DUT|aluctrl:aluctrl_u0|brctrl_o[0]                                             ; monociclo:DUT|aluctrl:aluctrl_u0|Selector4  ; yes                    ;
; Number of user-specified and inferred latches = 6                                        ;                                             ;                        ;
+------------------------------------------------------------------------------------------+---------------------------------------------+------------------------+
Note: All latches listed above may not be present at the end of synthesis due to various synthesis optimizations.


+-------------------------------------------------------------------------------------------------+
; Registers Removed During Synthesis                                                              ;
+---------------------------------------------------+---------------------------------------------+
; Register name                                     ; Reason for Removal                          ;
+---------------------------------------------------+---------------------------------------------+
; monociclo:DUT|pc_w[7..31]                         ; Lost fanout                                 ;
; monociclo:DUT|registerfile:regfile_u0|regfile~83  ; Stuck at GND due to stuck port clock_enable ;
; monociclo:DUT|registerfile:regfile_u0|regfile~82  ; Stuck at GND due to stuck port clock_enable ;
; monociclo:DUT|registerfile:regfile_u0|regfile~81  ; Stuck at GND due to stuck port clock_enable ;
; monociclo:DUT|registerfile:regfile_u0|regfile~80  ; Stuck at GND due to stuck port clock_enable ;
; monociclo:DUT|registerfile:regfile_u0|regfile~79  ; Stuck at GND due to stuck port clock_enable ;
; monociclo:DUT|registerfile:regfile_u0|regfile~77  ; Stuck at GND due to stuck port clock_enable ;
; monociclo:DUT|registerfile:regfile_u0|regfile~76  ; Stuck at GND due to stuck port clock_enable ;
; monociclo:DUT|registerfile:regfile_u0|regfile~75  ; Stuck at GND due to stuck port clock_enable ;
; monociclo:DUT|registerfile:regfile_u0|regfile~78  ; Stuck at GND due to stuck port clock_enable ;
; monociclo:DUT|registerfile:regfile_u0|regfile~95  ; Stuck at GND due to stuck port clock_enable ;
; monociclo:DUT|registerfile:regfile_u0|regfile~94  ; Stuck at GND due to stuck port clock_enable ;
; monociclo:DUT|registerfile:regfile_u0|regfile~93  ; Stuck at GND due to stuck port clock_enable ;
; monociclo:DUT|registerfile:regfile_u0|regfile~92  ; Stuck at GND due to stuck port clock_enable ;
; monociclo:DUT|registerfile:regfile_u0|regfile~91  ; Stuck at GND due to stuck port clock_enable ;
; monociclo:DUT|registerfile:regfile_u0|regfile~90  ; Stuck at GND due to stuck port clock_enable ;
; monociclo:DUT|registerfile:regfile_u0|regfile~89  ; Stuck at GND due to stuck port clock_enable ;
; monociclo:DUT|registerfile:regfile_u0|regfile~88  ; Stuck at GND due to stuck port clock_enable ;
; monociclo:DUT|registerfile:regfile_u0|regfile~87  ; Stuck at GND due to stuck port clock_enable ;
; monociclo:DUT|registerfile:regfile_u0|regfile~86  ; Stuck at GND due to stuck port clock_enable ;
; monociclo:DUT|registerfile:regfile_u0|regfile~85  ; Stuck at GND due to stuck port clock_enable ;
; monociclo:DUT|registerfile:regfile_u0|regfile~84  ; Stuck at GND due to stuck port clock_enable ;
; monociclo:DUT|registerfile:regfile_u0|regfile~74  ; Stuck at GND due to stuck port clock_enable ;
; monociclo:DUT|registerfile:regfile_u0|regfile~73  ; Stuck at GND due to stuck port clock_enable ;
; monociclo:DUT|registerfile:regfile_u0|regfile~72  ; Stuck at GND due to stuck port clock_enable ;
; monociclo:DUT|registerfile:regfile_u0|regfile~69  ; Stuck at GND due to stuck port clock_enable ;
; monociclo:DUT|registerfile:regfile_u0|regfile~71  ; Stuck at GND due to stuck port clock_enable ;
; monociclo:DUT|registerfile:regfile_u0|regfile~70  ; Stuck at GND due to stuck port clock_enable ;
; monociclo:DUT|registerfile:regfile_u0|regfile~68  ; Stuck at GND due to stuck port clock_enable ;
; monociclo:DUT|registerfile:regfile_u0|regfile~67  ; Stuck at GND due to stuck port clock_enable ;
; monociclo:DUT|registerfile:regfile_u0|regfile~65  ; Stuck at GND due to stuck port clock_enable ;
; monociclo:DUT|registerfile:regfile_u0|regfile~64  ; Stuck at GND due to stuck port clock_enable ;
; monociclo:DUT|registerfile:regfile_u0|regfile~66  ; Stuck at GND due to stuck port clock_enable ;
; monociclo:DUT|registerfile:regfile_u0|regfile~403 ; Stuck at GND due to stuck port clock_enable ;
; monociclo:DUT|registerfile:regfile_u0|regfile~402 ; Stuck at GND due to stuck port clock_enable ;
; monociclo:DUT|registerfile:regfile_u0|regfile~401 ; Stuck at GND due to stuck port clock_enable ;
; monociclo:DUT|registerfile:regfile_u0|regfile~400 ; Stuck at GND due to stuck port clock_enable ;
; monociclo:DUT|registerfile:regfile_u0|regfile~399 ; Stuck at GND due to stuck port clock_enable ;
; monociclo:DUT|registerfile:regfile_u0|regfile~397 ; Stuck at GND due to stuck port clock_enable ;
; monociclo:DUT|registerfile:regfile_u0|regfile~396 ; Stuck at GND due to stuck port clock_enable ;
; monociclo:DUT|registerfile:regfile_u0|regfile~395 ; Stuck at GND due to stuck port clock_enable ;
; monociclo:DUT|registerfile:regfile_u0|regfile~398 ; Stuck at GND due to stuck port clock_enable ;
; monociclo:DUT|registerfile:regfile_u0|regfile~415 ; Stuck at GND due to stuck port clock_enable ;
; monociclo:DUT|registerfile:regfile_u0|regfile~414 ; Stuck at GND due to stuck port clock_enable ;
; monociclo:DUT|registerfile:regfile_u0|regfile~413 ; Stuck at GND due to stuck port clock_enable ;
; monociclo:DUT|registerfile:regfile_u0|regfile~412 ; Stuck at GND due to stuck port clock_enable ;
; monociclo:DUT|registerfile:regfile_u0|regfile~411 ; Stuck at GND due to stuck port clock_enable ;
; monociclo:DUT|registerfile:regfile_u0|regfile~410 ; Stuck at GND due to stuck port clock_enable ;
; monociclo:DUT|registerfile:regfile_u0|regfile~409 ; Stuck at GND due to stuck port clock_enable ;
; monociclo:DUT|registerfile:regfile_u0|regfile~408 ; Stuck at GND due to stuck port clock_enable ;
; monociclo:DUT|registerfile:regfile_u0|regfile~407 ; Stuck at GND due to stuck port clock_enable ;
; monociclo:DUT|registerfile:regfile_u0|regfile~406 ; Stuck at GND due to stuck port clock_enable ;
; monociclo:DUT|registerfile:regfile_u0|regfile~405 ; Stuck at GND due to stuck port clock_enable ;
; monociclo:DUT|registerfile:regfile_u0|regfile~404 ; Stuck at GND due to stuck port clock_enable ;
; monociclo:DUT|registerfile:regfile_u0|regfile~394 ; Stuck at GND due to stuck port clock_enable ;
; monociclo:DUT|registerfile:regfile_u0|regfile~393 ; Stuck at GND due to stuck port clock_enable ;
; monociclo:DUT|registerfile:regfile_u0|regfile~392 ; Stuck at GND due to stuck port clock_enable ;
; monociclo:DUT|registerfile:regfile_u0|regfile~389 ; Stuck at GND due to stuck port clock_enable ;
; monociclo:DUT|registerfile:regfile_u0|regfile~391 ; Stuck at GND due to stuck port clock_enable ;
; monociclo:DUT|registerfile:regfile_u0|regfile~390 ; Stuck at GND due to stuck port clock_enable ;
; monociclo:DUT|registerfile:regfile_u0|regfile~388 ; Stuck at GND due to stuck port clock_enable ;
; monociclo:DUT|registerfile:regfile_u0|regfile~387 ; Stuck at GND due to stuck port clock_enable ;
; monociclo:DUT|registerfile:regfile_u0|regfile~385 ; Stuck at GND due to stuck port clock_enable ;
; monociclo:DUT|registerfile:regfile_u0|regfile~384 ; Stuck at GND due to stuck port clock_enable ;
; monociclo:DUT|registerfile:regfile_u0|regfile~386 ; Stuck at GND due to stuck port clock_enable ;
; monociclo:DUT|registerfile:regfile_u0|regfile~435 ; Stuck at GND due to stuck port clock_enable ;
; monociclo:DUT|registerfile:regfile_u0|regfile~434 ; Stuck at GND due to stuck port clock_enable ;
; monociclo:DUT|registerfile:regfile_u0|regfile~433 ; Stuck at GND due to stuck port clock_enable ;
; monociclo:DUT|registerfile:regfile_u0|regfile~432 ; Stuck at GND due to stuck port clock_enable ;
; monociclo:DUT|registerfile:regfile_u0|regfile~431 ; Stuck at GND due to stuck port clock_enable ;
; monociclo:DUT|registerfile:regfile_u0|regfile~429 ; Stuck at GND due to stuck port clock_enable ;
; monociclo:DUT|registerfile:regfile_u0|regfile~428 ; Stuck at GND due to stuck port clock_enable ;
; monociclo:DUT|registerfile:regfile_u0|regfile~427 ; Stuck at GND due to stuck port clock_enable ;
; monociclo:DUT|registerfile:regfile_u0|regfile~430 ; Stuck at GND due to stuck port clock_enable ;
; monociclo:DUT|registerfile:regfile_u0|regfile~447 ; Stuck at GND due to stuck port clock_enable ;
; monociclo:DUT|registerfile:regfile_u0|regfile~446 ; Stuck at GND due to stuck port clock_enable ;
; monociclo:DUT|registerfile:regfile_u0|regfile~445 ; Stuck at GND due to stuck port clock_enable ;
; monociclo:DUT|registerfile:regfile_u0|regfile~444 ; Stuck at GND due to stuck port clock_enable ;
; monociclo:DUT|registerfile:regfile_u0|regfile~443 ; Stuck at GND due to stuck port clock_enable ;
; monociclo:DUT|registerfile:regfile_u0|regfile~442 ; Stuck at GND due to stuck port clock_enable ;
; monociclo:DUT|registerfile:regfile_u0|regfile~441 ; Stuck at GND due to stuck port clock_enable ;
; monociclo:DUT|registerfile:regfile_u0|regfile~440 ; Stuck at GND due to stuck port clock_enable ;
; monociclo:DUT|registerfile:regfile_u0|regfile~439 ; Stuck at GND due to stuck port clock_enable ;
; monociclo:DUT|registerfile:regfile_u0|regfile~438 ; Stuck at GND due to stuck port clock_enable ;
; monociclo:DUT|registerfile:regfile_u0|regfile~437 ; Stuck at GND due to stuck port clock_enable ;
; monociclo:DUT|registerfile:regfile_u0|regfile~436 ; Stuck at GND due to stuck port clock_enable ;
; monociclo:DUT|registerfile:regfile_u0|regfile~426 ; Stuck at GND due to stuck port clock_enable ;
; monociclo:DUT|registerfile:regfile_u0|regfile~425 ; Stuck at GND due to stuck port clock_enable ;
; monociclo:DUT|registerfile:regfile_u0|regfile~424 ; Stuck at GND due to stuck port clock_enable ;
; monociclo:DUT|registerfile:regfile_u0|regfile~421 ; Stuck at GND due to stuck port clock_enable ;
; monociclo:DUT|registerfile:regfile_u0|regfile~423 ; Stuck at GND due to stuck port clock_enable ;
; monociclo:DUT|registerfile:regfile_u0|regfile~422 ; Stuck at GND due to stuck port clock_enable ;
; monociclo:DUT|registerfile:regfile_u0|regfile~420 ; Stuck at GND due to stuck port clock_enable ;
; monociclo:DUT|registerfile:regfile_u0|regfile~419 ; Stuck at GND due to stuck port clock_enable ;
; monociclo:DUT|registerfile:regfile_u0|regfile~417 ; Stuck at GND due to stuck port clock_enable ;
; monociclo:DUT|registerfile:regfile_u0|regfile~416 ; Stuck at GND due to stuck port clock_enable ;
; monociclo:DUT|registerfile:regfile_u0|regfile~418 ; Stuck at GND due to stuck port clock_enable ;
; monociclo:DUT|registerfile:regfile_u0|regfile~467 ; Stuck at GND due to stuck port clock_enable ;
; monociclo:DUT|registerfile:regfile_u0|regfile~466 ; Stuck at GND due to stuck port clock_enable ;
; monociclo:DUT|registerfile:regfile_u0|regfile~465 ; Stuck at GND due to stuck port clock_enable ;
; monociclo:DUT|registerfile:regfile_u0|regfile~464 ; Stuck at GND due to stuck port clock_enable ;
; monociclo:DUT|registerfile:regfile_u0|regfile~463 ; Stuck at GND due to stuck port clock_enable ;
; monociclo:DUT|registerfile:regfile_u0|regfile~461 ; Stuck at GND due to stuck port clock_enable ;
; monociclo:DUT|registerfile:regfile_u0|regfile~460 ; Stuck at GND due to stuck port clock_enable ;
; monociclo:DUT|registerfile:regfile_u0|regfile~459 ; Stuck at GND due to stuck port clock_enable ;
; monociclo:DUT|registerfile:regfile_u0|regfile~462 ; Stuck at GND due to stuck port clock_enable ;
; monociclo:DUT|registerfile:regfile_u0|regfile~479 ; Stuck at GND due to stuck port clock_enable ;
; monociclo:DUT|registerfile:regfile_u0|regfile~478 ; Stuck at GND due to stuck port clock_enable ;
; monociclo:DUT|registerfile:regfile_u0|regfile~477 ; Stuck at GND due to stuck port clock_enable ;
; monociclo:DUT|registerfile:regfile_u0|regfile~476 ; Stuck at GND due to stuck port clock_enable ;
; monociclo:DUT|registerfile:regfile_u0|regfile~475 ; Stuck at GND due to stuck port clock_enable ;
; monociclo:DUT|registerfile:regfile_u0|regfile~474 ; Stuck at GND due to stuck port clock_enable ;
; monociclo:DUT|registerfile:regfile_u0|regfile~473 ; Stuck at GND due to stuck port clock_enable ;
; monociclo:DUT|registerfile:regfile_u0|regfile~472 ; Stuck at GND due to stuck port clock_enable ;
; monociclo:DUT|registerfile:regfile_u0|regfile~471 ; Stuck at GND due to stuck port clock_enable ;
; monociclo:DUT|registerfile:regfile_u0|regfile~470 ; Stuck at GND due to stuck port clock_enable ;
; monociclo:DUT|registerfile:regfile_u0|regfile~469 ; Stuck at GND due to stuck port clock_enable ;
; monociclo:DUT|registerfile:regfile_u0|regfile~468 ; Stuck at GND due to stuck port clock_enable ;
; monociclo:DUT|registerfile:regfile_u0|regfile~458 ; Stuck at GND due to stuck port clock_enable ;
; monociclo:DUT|registerfile:regfile_u0|regfile~457 ; Stuck at GND due to stuck port clock_enable ;
; monociclo:DUT|registerfile:regfile_u0|regfile~456 ; Stuck at GND due to stuck port clock_enable ;
; monociclo:DUT|registerfile:regfile_u0|regfile~453 ; Stuck at GND due to stuck port clock_enable ;
; monociclo:DUT|registerfile:regfile_u0|regfile~455 ; Stuck at GND due to stuck port clock_enable ;
; monociclo:DUT|registerfile:regfile_u0|regfile~454 ; Stuck at GND due to stuck port clock_enable ;
; monociclo:DUT|registerfile:regfile_u0|regfile~452 ; Stuck at GND due to stuck port clock_enable ;
; monociclo:DUT|registerfile:regfile_u0|regfile~451 ; Stuck at GND due to stuck port clock_enable ;
; monociclo:DUT|registerfile:regfile_u0|regfile~449 ; Stuck at GND due to stuck port clock_enable ;
; monociclo:DUT|registerfile:regfile_u0|regfile~448 ; Stuck at GND due to stuck port clock_enable ;
; monociclo:DUT|registerfile:regfile_u0|regfile~450 ; Stuck at GND due to stuck port clock_enable ;
; monociclo:DUT|registerfile:regfile_u0|regfile~499 ; Stuck at GND due to stuck port clock_enable ;
; monociclo:DUT|registerfile:regfile_u0|regfile~498 ; Stuck at GND due to stuck port clock_enable ;
; monociclo:DUT|registerfile:regfile_u0|regfile~497 ; Stuck at GND due to stuck port clock_enable ;
; monociclo:DUT|registerfile:regfile_u0|regfile~496 ; Stuck at GND due to stuck port clock_enable ;
; monociclo:DUT|registerfile:regfile_u0|regfile~495 ; Stuck at GND due to stuck port clock_enable ;
; monociclo:DUT|registerfile:regfile_u0|regfile~493 ; Stuck at GND due to stuck port clock_enable ;
; monociclo:DUT|registerfile:regfile_u0|regfile~492 ; Stuck at GND due to stuck port clock_enable ;
; monociclo:DUT|registerfile:regfile_u0|regfile~491 ; Stuck at GND due to stuck port clock_enable ;
; monociclo:DUT|registerfile:regfile_u0|regfile~494 ; Stuck at GND due to stuck port clock_enable ;
; monociclo:DUT|registerfile:regfile_u0|regfile~511 ; Stuck at GND due to stuck port clock_enable ;
; monociclo:DUT|registerfile:regfile_u0|regfile~510 ; Stuck at GND due to stuck port clock_enable ;
; monociclo:DUT|registerfile:regfile_u0|regfile~509 ; Stuck at GND due to stuck port clock_enable ;
; monociclo:DUT|registerfile:regfile_u0|regfile~508 ; Stuck at GND due to stuck port clock_enable ;
; monociclo:DUT|registerfile:regfile_u0|regfile~507 ; Stuck at GND due to stuck port clock_enable ;
; monociclo:DUT|registerfile:regfile_u0|regfile~506 ; Stuck at GND due to stuck port clock_enable ;
; monociclo:DUT|registerfile:regfile_u0|regfile~505 ; Stuck at GND due to stuck port clock_enable ;
; monociclo:DUT|registerfile:regfile_u0|regfile~504 ; Stuck at GND due to stuck port clock_enable ;
; monociclo:DUT|registerfile:regfile_u0|regfile~503 ; Stuck at GND due to stuck port clock_enable ;
; monociclo:DUT|registerfile:regfile_u0|regfile~502 ; Stuck at GND due to stuck port clock_enable ;
; monociclo:DUT|registerfile:regfile_u0|regfile~501 ; Stuck at GND due to stuck port clock_enable ;
; monociclo:DUT|registerfile:regfile_u0|regfile~500 ; Stuck at GND due to stuck port clock_enable ;
; monociclo:DUT|registerfile:regfile_u0|regfile~490 ; Stuck at GND due to stuck port clock_enable ;
; monociclo:DUT|registerfile:regfile_u0|regfile~489 ; Stuck at GND due to stuck port clock_enable ;
; monociclo:DUT|registerfile:regfile_u0|regfile~488 ; Stuck at GND due to stuck port clock_enable ;
; monociclo:DUT|registerfile:regfile_u0|regfile~485 ; Stuck at GND due to stuck port clock_enable ;
; monociclo:DUT|registerfile:regfile_u0|regfile~487 ; Stuck at GND due to stuck port clock_enable ;
; monociclo:DUT|registerfile:regfile_u0|regfile~486 ; Stuck at GND due to stuck port clock_enable ;
; monociclo:DUT|registerfile:regfile_u0|regfile~484 ; Stuck at GND due to stuck port clock_enable ;
; monociclo:DUT|registerfile:regfile_u0|regfile~483 ; Stuck at GND due to stuck port clock_enable ;
; monociclo:DUT|registerfile:regfile_u0|regfile~481 ; Stuck at GND due to stuck port clock_enable ;
; monociclo:DUT|registerfile:regfile_u0|regfile~480 ; Stuck at GND due to stuck port clock_enable ;
; monociclo:DUT|registerfile:regfile_u0|regfile~482 ; Stuck at GND due to stuck port clock_enable ;
; monociclo:DUT|registerfile:regfile_u0|regfile~787 ; Stuck at GND due to stuck port clock_enable ;
; monociclo:DUT|registerfile:regfile_u0|regfile~786 ; Stuck at GND due to stuck port clock_enable ;
; monociclo:DUT|registerfile:regfile_u0|regfile~785 ; Stuck at GND due to stuck port clock_enable ;
; monociclo:DUT|registerfile:regfile_u0|regfile~784 ; Stuck at GND due to stuck port clock_enable ;
; monociclo:DUT|registerfile:regfile_u0|regfile~783 ; Stuck at GND due to stuck port clock_enable ;
; monociclo:DUT|registerfile:regfile_u0|regfile~781 ; Stuck at GND due to stuck port clock_enable ;
; monociclo:DUT|registerfile:regfile_u0|regfile~780 ; Stuck at GND due to stuck port clock_enable ;
; monociclo:DUT|registerfile:regfile_u0|regfile~779 ; Stuck at GND due to stuck port clock_enable ;
; monociclo:DUT|registerfile:regfile_u0|regfile~782 ; Stuck at GND due to stuck port clock_enable ;
; monociclo:DUT|registerfile:regfile_u0|regfile~799 ; Stuck at GND due to stuck port clock_enable ;
; monociclo:DUT|registerfile:regfile_u0|regfile~798 ; Stuck at GND due to stuck port clock_enable ;
; monociclo:DUT|registerfile:regfile_u0|regfile~797 ; Stuck at GND due to stuck port clock_enable ;
; monociclo:DUT|registerfile:regfile_u0|regfile~796 ; Stuck at GND due to stuck port clock_enable ;
; monociclo:DUT|registerfile:regfile_u0|regfile~795 ; Stuck at GND due to stuck port clock_enable ;
; monociclo:DUT|registerfile:regfile_u0|regfile~794 ; Stuck at GND due to stuck port clock_enable ;
; monociclo:DUT|registerfile:regfile_u0|regfile~793 ; Stuck at GND due to stuck port clock_enable ;
; monociclo:DUT|registerfile:regfile_u0|regfile~792 ; Stuck at GND due to stuck port clock_enable ;
; monociclo:DUT|registerfile:regfile_u0|regfile~791 ; Stuck at GND due to stuck port clock_enable ;
; monociclo:DUT|registerfile:regfile_u0|regfile~790 ; Stuck at GND due to stuck port clock_enable ;
; monociclo:DUT|registerfile:regfile_u0|regfile~789 ; Stuck at GND due to stuck port clock_enable ;
; monociclo:DUT|registerfile:regfile_u0|regfile~788 ; Stuck at GND due to stuck port clock_enable ;
; monociclo:DUT|registerfile:regfile_u0|regfile~778 ; Stuck at GND due to stuck port clock_enable ;
; monociclo:DUT|registerfile:regfile_u0|regfile~777 ; Stuck at GND due to stuck port clock_enable ;
; monociclo:DUT|registerfile:regfile_u0|regfile~776 ; Stuck at GND due to stuck port clock_enable ;
; monociclo:DUT|registerfile:regfile_u0|regfile~773 ; Stuck at GND due to stuck port clock_enable ;
; monociclo:DUT|registerfile:regfile_u0|regfile~775 ; Stuck at GND due to stuck port clock_enable ;
; monociclo:DUT|registerfile:regfile_u0|regfile~774 ; Stuck at GND due to stuck port clock_enable ;
; monociclo:DUT|registerfile:regfile_u0|regfile~772 ; Stuck at GND due to stuck port clock_enable ;
; monociclo:DUT|registerfile:regfile_u0|regfile~771 ; Stuck at GND due to stuck port clock_enable ;
; monociclo:DUT|registerfile:regfile_u0|regfile~769 ; Stuck at GND due to stuck port clock_enable ;
; monociclo:DUT|registerfile:regfile_u0|regfile~768 ; Stuck at GND due to stuck port clock_enable ;
; monociclo:DUT|registerfile:regfile_u0|regfile~770 ; Stuck at GND due to stuck port clock_enable ;
; monociclo:DUT|registerfile:regfile_u0|regfile~691 ; Stuck at GND due to stuck port clock_enable ;
; monociclo:DUT|registerfile:regfile_u0|regfile~690 ; Stuck at GND due to stuck port clock_enable ;
; monociclo:DUT|registerfile:regfile_u0|regfile~689 ; Stuck at GND due to stuck port clock_enable ;
; monociclo:DUT|registerfile:regfile_u0|regfile~688 ; Stuck at GND due to stuck port clock_enable ;
; monociclo:DUT|registerfile:regfile_u0|regfile~687 ; Stuck at GND due to stuck port clock_enable ;
; monociclo:DUT|registerfile:regfile_u0|regfile~685 ; Stuck at GND due to stuck port clock_enable ;
; monociclo:DUT|registerfile:regfile_u0|regfile~684 ; Stuck at GND due to stuck port clock_enable ;
; monociclo:DUT|registerfile:regfile_u0|regfile~683 ; Stuck at GND due to stuck port clock_enable ;
; monociclo:DUT|registerfile:regfile_u0|regfile~686 ; Stuck at GND due to stuck port clock_enable ;
; monociclo:DUT|registerfile:regfile_u0|regfile~703 ; Stuck at GND due to stuck port clock_enable ;
; monociclo:DUT|registerfile:regfile_u0|regfile~702 ; Stuck at GND due to stuck port clock_enable ;
; monociclo:DUT|registerfile:regfile_u0|regfile~701 ; Stuck at GND due to stuck port clock_enable ;
; monociclo:DUT|registerfile:regfile_u0|regfile~700 ; Stuck at GND due to stuck port clock_enable ;
; monociclo:DUT|registerfile:regfile_u0|regfile~699 ; Stuck at GND due to stuck port clock_enable ;
; monociclo:DUT|registerfile:regfile_u0|regfile~698 ; Stuck at GND due to stuck port clock_enable ;
; monociclo:DUT|registerfile:regfile_u0|regfile~697 ; Stuck at GND due to stuck port clock_enable ;
; monociclo:DUT|registerfile:regfile_u0|regfile~696 ; Stuck at GND due to stuck port clock_enable ;
; monociclo:DUT|registerfile:regfile_u0|regfile~695 ; Stuck at GND due to stuck port clock_enable ;
; monociclo:DUT|registerfile:regfile_u0|regfile~694 ; Stuck at GND due to stuck port clock_enable ;
; monociclo:DUT|registerfile:regfile_u0|regfile~693 ; Stuck at GND due to stuck port clock_enable ;
; monociclo:DUT|registerfile:regfile_u0|regfile~692 ; Stuck at GND due to stuck port clock_enable ;
; monociclo:DUT|registerfile:regfile_u0|regfile~682 ; Stuck at GND due to stuck port clock_enable ;
; monociclo:DUT|registerfile:regfile_u0|regfile~681 ; Stuck at GND due to stuck port clock_enable ;
; monociclo:DUT|registerfile:regfile_u0|regfile~680 ; Stuck at GND due to stuck port clock_enable ;
; monociclo:DUT|registerfile:regfile_u0|regfile~677 ; Stuck at GND due to stuck port clock_enable ;
; monociclo:DUT|registerfile:regfile_u0|regfile~679 ; Stuck at GND due to stuck port clock_enable ;
; monociclo:DUT|registerfile:regfile_u0|regfile~678 ; Stuck at GND due to stuck port clock_enable ;
; monociclo:DUT|registerfile:regfile_u0|regfile~676 ; Stuck at GND due to stuck port clock_enable ;
; monociclo:DUT|registerfile:regfile_u0|regfile~675 ; Stuck at GND due to stuck port clock_enable ;
; monociclo:DUT|registerfile:regfile_u0|regfile~673 ; Stuck at GND due to stuck port clock_enable ;
; monociclo:DUT|registerfile:regfile_u0|regfile~672 ; Stuck at GND due to stuck port clock_enable ;
; monociclo:DUT|registerfile:regfile_u0|regfile~674 ; Stuck at GND due to stuck port clock_enable ;
; monociclo:DUT|registerfile:regfile_u0|regfile~755 ; Stuck at GND due to stuck port clock_enable ;
; monociclo:DUT|registerfile:regfile_u0|regfile~754 ; Stuck at GND due to stuck port clock_enable ;
; monociclo:DUT|registerfile:regfile_u0|regfile~753 ; Stuck at GND due to stuck port clock_enable ;
; monociclo:DUT|registerfile:regfile_u0|regfile~752 ; Stuck at GND due to stuck port clock_enable ;
; monociclo:DUT|registerfile:regfile_u0|regfile~751 ; Stuck at GND due to stuck port clock_enable ;
; monociclo:DUT|registerfile:regfile_u0|regfile~749 ; Stuck at GND due to stuck port clock_enable ;
; monociclo:DUT|registerfile:regfile_u0|regfile~748 ; Stuck at GND due to stuck port clock_enable ;
; monociclo:DUT|registerfile:regfile_u0|regfile~747 ; Stuck at GND due to stuck port clock_enable ;
; monociclo:DUT|registerfile:regfile_u0|regfile~750 ; Stuck at GND due to stuck port clock_enable ;
; monociclo:DUT|registerfile:regfile_u0|regfile~767 ; Stuck at GND due to stuck port clock_enable ;
; monociclo:DUT|registerfile:regfile_u0|regfile~766 ; Stuck at GND due to stuck port clock_enable ;
; monociclo:DUT|registerfile:regfile_u0|regfile~765 ; Stuck at GND due to stuck port clock_enable ;
; monociclo:DUT|registerfile:regfile_u0|regfile~764 ; Stuck at GND due to stuck port clock_enable ;
; monociclo:DUT|registerfile:regfile_u0|regfile~763 ; Stuck at GND due to stuck port clock_enable ;
; monociclo:DUT|registerfile:regfile_u0|regfile~762 ; Stuck at GND due to stuck port clock_enable ;
; monociclo:DUT|registerfile:regfile_u0|regfile~761 ; Stuck at GND due to stuck port clock_enable ;
; monociclo:DUT|registerfile:regfile_u0|regfile~760 ; Stuck at GND due to stuck port clock_enable ;
; monociclo:DUT|registerfile:regfile_u0|regfile~759 ; Stuck at GND due to stuck port clock_enable ;
; monociclo:DUT|registerfile:regfile_u0|regfile~758 ; Stuck at GND due to stuck port clock_enable ;
; monociclo:DUT|registerfile:regfile_u0|regfile~757 ; Stuck at GND due to stuck port clock_enable ;
; monociclo:DUT|registerfile:regfile_u0|regfile~756 ; Stuck at GND due to stuck port clock_enable ;
; monociclo:DUT|registerfile:regfile_u0|regfile~746 ; Stuck at GND due to stuck port clock_enable ;
; monociclo:DUT|registerfile:regfile_u0|regfile~745 ; Stuck at GND due to stuck port clock_enable ;
; monociclo:DUT|registerfile:regfile_u0|regfile~744 ; Stuck at GND due to stuck port clock_enable ;
; monociclo:DUT|registerfile:regfile_u0|regfile~741 ; Stuck at GND due to stuck port clock_enable ;
; monociclo:DUT|registerfile:regfile_u0|regfile~743 ; Stuck at GND due to stuck port clock_enable ;
; monociclo:DUT|registerfile:regfile_u0|regfile~742 ; Stuck at GND due to stuck port clock_enable ;
; monociclo:DUT|registerfile:regfile_u0|regfile~740 ; Stuck at GND due to stuck port clock_enable ;
; monociclo:DUT|registerfile:regfile_u0|regfile~739 ; Stuck at GND due to stuck port clock_enable ;
; monociclo:DUT|registerfile:regfile_u0|regfile~737 ; Stuck at GND due to stuck port clock_enable ;
; monociclo:DUT|registerfile:regfile_u0|regfile~736 ; Stuck at GND due to stuck port clock_enable ;
; monociclo:DUT|registerfile:regfile_u0|regfile~738 ; Stuck at GND due to stuck port clock_enable ;
; monociclo:DUT|registerfile:regfile_u0|regfile~723 ; Stuck at GND due to stuck port clock_enable ;
; monociclo:DUT|registerfile:regfile_u0|regfile~722 ; Stuck at GND due to stuck port clock_enable ;
; monociclo:DUT|registerfile:regfile_u0|regfile~721 ; Stuck at GND due to stuck port clock_enable ;
; monociclo:DUT|registerfile:regfile_u0|regfile~720 ; Stuck at GND due to stuck port clock_enable ;
; monociclo:DUT|registerfile:regfile_u0|regfile~719 ; Stuck at GND due to stuck port clock_enable ;
; monociclo:DUT|registerfile:regfile_u0|regfile~717 ; Stuck at GND due to stuck port clock_enable ;
; monociclo:DUT|registerfile:regfile_u0|regfile~716 ; Stuck at GND due to stuck port clock_enable ;
; monociclo:DUT|registerfile:regfile_u0|regfile~715 ; Stuck at GND due to stuck port clock_enable ;
; monociclo:DUT|registerfile:regfile_u0|regfile~718 ; Stuck at GND due to stuck port clock_enable ;
; monociclo:DUT|registerfile:regfile_u0|regfile~735 ; Stuck at GND due to stuck port clock_enable ;
; monociclo:DUT|registerfile:regfile_u0|regfile~734 ; Stuck at GND due to stuck port clock_enable ;
; monociclo:DUT|registerfile:regfile_u0|regfile~733 ; Stuck at GND due to stuck port clock_enable ;
; monociclo:DUT|registerfile:regfile_u0|regfile~732 ; Stuck at GND due to stuck port clock_enable ;
; monociclo:DUT|registerfile:regfile_u0|regfile~731 ; Stuck at GND due to stuck port clock_enable ;
; monociclo:DUT|registerfile:regfile_u0|regfile~730 ; Stuck at GND due to stuck port clock_enable ;
; monociclo:DUT|registerfile:regfile_u0|regfile~729 ; Stuck at GND due to stuck port clock_enable ;
; monociclo:DUT|registerfile:regfile_u0|regfile~728 ; Stuck at GND due to stuck port clock_enable ;
; monociclo:DUT|registerfile:regfile_u0|regfile~727 ; Stuck at GND due to stuck port clock_enable ;
; monociclo:DUT|registerfile:regfile_u0|regfile~726 ; Stuck at GND due to stuck port clock_enable ;
; monociclo:DUT|registerfile:regfile_u0|regfile~725 ; Stuck at GND due to stuck port clock_enable ;
; monociclo:DUT|registerfile:regfile_u0|regfile~724 ; Stuck at GND due to stuck port clock_enable ;
; monociclo:DUT|registerfile:regfile_u0|regfile~714 ; Stuck at GND due to stuck port clock_enable ;
; monociclo:DUT|registerfile:regfile_u0|regfile~713 ; Stuck at GND due to stuck port clock_enable ;
; monociclo:DUT|registerfile:regfile_u0|regfile~712 ; Stuck at GND due to stuck port clock_enable ;
; monociclo:DUT|registerfile:regfile_u0|regfile~709 ; Stuck at GND due to stuck port clock_enable ;
; monociclo:DUT|registerfile:regfile_u0|regfile~711 ; Stuck at GND due to stuck port clock_enable ;
; monociclo:DUT|registerfile:regfile_u0|regfile~710 ; Stuck at GND due to stuck port clock_enable ;
; monociclo:DUT|registerfile:regfile_u0|regfile~708 ; Stuck at GND due to stuck port clock_enable ;
; monociclo:DUT|registerfile:regfile_u0|regfile~707 ; Stuck at GND due to stuck port clock_enable ;
; monociclo:DUT|registerfile:regfile_u0|regfile~705 ; Stuck at GND due to stuck port clock_enable ;
; monociclo:DUT|registerfile:regfile_u0|regfile~704 ; Stuck at GND due to stuck port clock_enable ;
; monociclo:DUT|registerfile:regfile_u0|regfile~706 ; Stuck at GND due to stuck port clock_enable ;
; monociclo:DUT|registerfile:regfile_u0|regfile~819 ; Stuck at GND due to stuck port clock_enable ;
; monociclo:DUT|registerfile:regfile_u0|regfile~818 ; Stuck at GND due to stuck port clock_enable ;
; monociclo:DUT|registerfile:regfile_u0|regfile~817 ; Stuck at GND due to stuck port clock_enable ;
; monociclo:DUT|registerfile:regfile_u0|regfile~816 ; Stuck at GND due to stuck port clock_enable ;
; monociclo:DUT|registerfile:regfile_u0|regfile~815 ; Stuck at GND due to stuck port clock_enable ;
; monociclo:DUT|registerfile:regfile_u0|regfile~813 ; Stuck at GND due to stuck port clock_enable ;
; monociclo:DUT|registerfile:regfile_u0|regfile~812 ; Stuck at GND due to stuck port clock_enable ;
; monociclo:DUT|registerfile:regfile_u0|regfile~811 ; Stuck at GND due to stuck port clock_enable ;
; monociclo:DUT|registerfile:regfile_u0|regfile~814 ; Stuck at GND due to stuck port clock_enable ;
; monociclo:DUT|registerfile:regfile_u0|regfile~831 ; Stuck at GND due to stuck port clock_enable ;
; monociclo:DUT|registerfile:regfile_u0|regfile~830 ; Stuck at GND due to stuck port clock_enable ;
; monociclo:DUT|registerfile:regfile_u0|regfile~829 ; Stuck at GND due to stuck port clock_enable ;
; monociclo:DUT|registerfile:regfile_u0|regfile~828 ; Stuck at GND due to stuck port clock_enable ;
; monociclo:DUT|registerfile:regfile_u0|regfile~827 ; Stuck at GND due to stuck port clock_enable ;
; monociclo:DUT|registerfile:regfile_u0|regfile~826 ; Stuck at GND due to stuck port clock_enable ;
; monociclo:DUT|registerfile:regfile_u0|regfile~825 ; Stuck at GND due to stuck port clock_enable ;
; monociclo:DUT|registerfile:regfile_u0|regfile~824 ; Stuck at GND due to stuck port clock_enable ;
; monociclo:DUT|registerfile:regfile_u0|regfile~823 ; Stuck at GND due to stuck port clock_enable ;
; monociclo:DUT|registerfile:regfile_u0|regfile~822 ; Stuck at GND due to stuck port clock_enable ;
; monociclo:DUT|registerfile:regfile_u0|regfile~821 ; Stuck at GND due to stuck port clock_enable ;
; monociclo:DUT|registerfile:regfile_u0|regfile~820 ; Stuck at GND due to stuck port clock_enable ;
; monociclo:DUT|registerfile:regfile_u0|regfile~810 ; Stuck at GND due to stuck port clock_enable ;
; monociclo:DUT|registerfile:regfile_u0|regfile~809 ; Stuck at GND due to stuck port clock_enable ;
; monociclo:DUT|registerfile:regfile_u0|regfile~808 ; Stuck at GND due to stuck port clock_enable ;
; monociclo:DUT|registerfile:regfile_u0|regfile~805 ; Stuck at GND due to stuck port clock_enable ;
; monociclo:DUT|registerfile:regfile_u0|regfile~807 ; Stuck at GND due to stuck port clock_enable ;
; monociclo:DUT|registerfile:regfile_u0|regfile~806 ; Stuck at GND due to stuck port clock_enable ;
; monociclo:DUT|registerfile:regfile_u0|regfile~804 ; Stuck at GND due to stuck port clock_enable ;
; monociclo:DUT|registerfile:regfile_u0|regfile~803 ; Stuck at GND due to stuck port clock_enable ;
; monociclo:DUT|registerfile:regfile_u0|regfile~801 ; Stuck at GND due to stuck port clock_enable ;
; monociclo:DUT|registerfile:regfile_u0|regfile~800 ; Stuck at GND due to stuck port clock_enable ;
; monociclo:DUT|registerfile:regfile_u0|regfile~802 ; Stuck at GND due to stuck port clock_enable ;
; monociclo:DUT|registerfile:regfile_u0|regfile~627 ; Stuck at GND due to stuck port clock_enable ;
; monociclo:DUT|registerfile:regfile_u0|regfile~626 ; Stuck at GND due to stuck port clock_enable ;
; monociclo:DUT|registerfile:regfile_u0|regfile~625 ; Stuck at GND due to stuck port clock_enable ;
; monociclo:DUT|registerfile:regfile_u0|regfile~624 ; Stuck at GND due to stuck port clock_enable ;
; monociclo:DUT|registerfile:regfile_u0|regfile~623 ; Stuck at GND due to stuck port clock_enable ;
; monociclo:DUT|registerfile:regfile_u0|regfile~621 ; Stuck at GND due to stuck port clock_enable ;
; monociclo:DUT|registerfile:regfile_u0|regfile~620 ; Stuck at GND due to stuck port clock_enable ;
; monociclo:DUT|registerfile:regfile_u0|regfile~619 ; Stuck at GND due to stuck port clock_enable ;
; monociclo:DUT|registerfile:regfile_u0|regfile~622 ; Stuck at GND due to stuck port clock_enable ;
; monociclo:DUT|registerfile:regfile_u0|regfile~639 ; Stuck at GND due to stuck port clock_enable ;
; monociclo:DUT|registerfile:regfile_u0|regfile~638 ; Stuck at GND due to stuck port clock_enable ;
; monociclo:DUT|registerfile:regfile_u0|regfile~637 ; Stuck at GND due to stuck port clock_enable ;
; monociclo:DUT|registerfile:regfile_u0|regfile~636 ; Stuck at GND due to stuck port clock_enable ;
; monociclo:DUT|registerfile:regfile_u0|regfile~635 ; Stuck at GND due to stuck port clock_enable ;
; monociclo:DUT|registerfile:regfile_u0|regfile~634 ; Stuck at GND due to stuck port clock_enable ;
; monociclo:DUT|registerfile:regfile_u0|regfile~633 ; Stuck at GND due to stuck port clock_enable ;
; monociclo:DUT|registerfile:regfile_u0|regfile~632 ; Stuck at GND due to stuck port clock_enable ;
; monociclo:DUT|registerfile:regfile_u0|regfile~631 ; Stuck at GND due to stuck port clock_enable ;
; monociclo:DUT|registerfile:regfile_u0|regfile~630 ; Stuck at GND due to stuck port clock_enable ;
; monociclo:DUT|registerfile:regfile_u0|regfile~629 ; Stuck at GND due to stuck port clock_enable ;
; monociclo:DUT|registerfile:regfile_u0|regfile~628 ; Stuck at GND due to stuck port clock_enable ;
; monociclo:DUT|registerfile:regfile_u0|regfile~618 ; Stuck at GND due to stuck port clock_enable ;
; monociclo:DUT|registerfile:regfile_u0|regfile~617 ; Stuck at GND due to stuck port clock_enable ;
; monociclo:DUT|registerfile:regfile_u0|regfile~616 ; Stuck at GND due to stuck port clock_enable ;
; monociclo:DUT|registerfile:regfile_u0|regfile~613 ; Stuck at GND due to stuck port clock_enable ;
; monociclo:DUT|registerfile:regfile_u0|regfile~615 ; Stuck at GND due to stuck port clock_enable ;
; monociclo:DUT|registerfile:regfile_u0|regfile~614 ; Stuck at GND due to stuck port clock_enable ;
; monociclo:DUT|registerfile:regfile_u0|regfile~612 ; Stuck at GND due to stuck port clock_enable ;
; monociclo:DUT|registerfile:regfile_u0|regfile~611 ; Stuck at GND due to stuck port clock_enable ;
; monociclo:DUT|registerfile:regfile_u0|regfile~609 ; Stuck at GND due to stuck port clock_enable ;
; monociclo:DUT|registerfile:regfile_u0|regfile~608 ; Stuck at GND due to stuck port clock_enable ;
; monociclo:DUT|registerfile:regfile_u0|regfile~610 ; Stuck at GND due to stuck port clock_enable ;
; monociclo:DUT|registerfile:regfile_u0|regfile~115 ; Stuck at GND due to stuck port clock_enable ;
; monociclo:DUT|registerfile:regfile_u0|regfile~114 ; Stuck at GND due to stuck port clock_enable ;
; monociclo:DUT|registerfile:regfile_u0|regfile~113 ; Stuck at GND due to stuck port clock_enable ;
; monociclo:DUT|registerfile:regfile_u0|regfile~112 ; Stuck at GND due to stuck port clock_enable ;
; monociclo:DUT|registerfile:regfile_u0|regfile~111 ; Stuck at GND due to stuck port clock_enable ;
; monociclo:DUT|registerfile:regfile_u0|regfile~109 ; Stuck at GND due to stuck port clock_enable ;
; monociclo:DUT|registerfile:regfile_u0|regfile~108 ; Stuck at GND due to stuck port clock_enable ;
; monociclo:DUT|registerfile:regfile_u0|regfile~107 ; Stuck at GND due to stuck port clock_enable ;
; monociclo:DUT|registerfile:regfile_u0|regfile~110 ; Stuck at GND due to stuck port clock_enable ;
; monociclo:DUT|registerfile:regfile_u0|regfile~127 ; Stuck at GND due to stuck port clock_enable ;
; monociclo:DUT|registerfile:regfile_u0|regfile~126 ; Stuck at GND due to stuck port clock_enable ;
; monociclo:DUT|registerfile:regfile_u0|regfile~125 ; Stuck at GND due to stuck port clock_enable ;
; monociclo:DUT|registerfile:regfile_u0|regfile~124 ; Stuck at GND due to stuck port clock_enable ;
; monociclo:DUT|registerfile:regfile_u0|regfile~123 ; Stuck at GND due to stuck port clock_enable ;
; monociclo:DUT|registerfile:regfile_u0|regfile~122 ; Stuck at GND due to stuck port clock_enable ;
; monociclo:DUT|registerfile:regfile_u0|regfile~121 ; Stuck at GND due to stuck port clock_enable ;
; monociclo:DUT|registerfile:regfile_u0|regfile~120 ; Stuck at GND due to stuck port clock_enable ;
; monociclo:DUT|registerfile:regfile_u0|regfile~119 ; Stuck at GND due to stuck port clock_enable ;
; monociclo:DUT|registerfile:regfile_u0|regfile~118 ; Stuck at GND due to stuck port clock_enable ;
; monociclo:DUT|registerfile:regfile_u0|regfile~117 ; Stuck at GND due to stuck port clock_enable ;
; monociclo:DUT|registerfile:regfile_u0|regfile~116 ; Stuck at GND due to stuck port clock_enable ;
; monociclo:DUT|registerfile:regfile_u0|regfile~106 ; Stuck at GND due to stuck port clock_enable ;
; monociclo:DUT|registerfile:regfile_u0|regfile~105 ; Stuck at GND due to stuck port clock_enable ;
; monociclo:DUT|registerfile:regfile_u0|regfile~104 ; Stuck at GND due to stuck port clock_enable ;
; monociclo:DUT|registerfile:regfile_u0|regfile~101 ; Stuck at GND due to stuck port clock_enable ;
; monociclo:DUT|registerfile:regfile_u0|regfile~103 ; Stuck at GND due to stuck port clock_enable ;
; monociclo:DUT|registerfile:regfile_u0|regfile~102 ; Stuck at GND due to stuck port clock_enable ;
; monociclo:DUT|registerfile:regfile_u0|regfile~100 ; Stuck at GND due to stuck port clock_enable ;
; monociclo:DUT|registerfile:regfile_u0|regfile~99  ; Stuck at GND due to stuck port clock_enable ;
; monociclo:DUT|registerfile:regfile_u0|regfile~97  ; Stuck at GND due to stuck port clock_enable ;
; monociclo:DUT|registerfile:regfile_u0|regfile~96  ; Stuck at GND due to stuck port clock_enable ;
; monociclo:DUT|registerfile:regfile_u0|regfile~98  ; Stuck at GND due to stuck port clock_enable ;
; monociclo:DUT|registerfile:regfile_u0|regfile~851 ; Stuck at GND due to stuck port clock_enable ;
; monociclo:DUT|registerfile:regfile_u0|regfile~850 ; Stuck at GND due to stuck port clock_enable ;
; monociclo:DUT|registerfile:regfile_u0|regfile~849 ; Stuck at GND due to stuck port clock_enable ;
; monociclo:DUT|registerfile:regfile_u0|regfile~848 ; Stuck at GND due to stuck port clock_enable ;
; monociclo:DUT|registerfile:regfile_u0|regfile~847 ; Stuck at GND due to stuck port clock_enable ;
; monociclo:DUT|registerfile:regfile_u0|regfile~845 ; Stuck at GND due to stuck port clock_enable ;
; monociclo:DUT|registerfile:regfile_u0|regfile~844 ; Stuck at GND due to stuck port clock_enable ;
; monociclo:DUT|registerfile:regfile_u0|regfile~843 ; Stuck at GND due to stuck port clock_enable ;
; monociclo:DUT|registerfile:regfile_u0|regfile~846 ; Stuck at GND due to stuck port clock_enable ;
; monociclo:DUT|registerfile:regfile_u0|regfile~863 ; Stuck at GND due to stuck port clock_enable ;
; monociclo:DUT|registerfile:regfile_u0|regfile~862 ; Stuck at GND due to stuck port clock_enable ;
; monociclo:DUT|registerfile:regfile_u0|regfile~861 ; Stuck at GND due to stuck port clock_enable ;
; monociclo:DUT|registerfile:regfile_u0|regfile~860 ; Stuck at GND due to stuck port clock_enable ;
; monociclo:DUT|registerfile:regfile_u0|regfile~859 ; Stuck at GND due to stuck port clock_enable ;
; monociclo:DUT|registerfile:regfile_u0|regfile~858 ; Stuck at GND due to stuck port clock_enable ;
; monociclo:DUT|registerfile:regfile_u0|regfile~857 ; Stuck at GND due to stuck port clock_enable ;
; monociclo:DUT|registerfile:regfile_u0|regfile~856 ; Stuck at GND due to stuck port clock_enable ;
; monociclo:DUT|registerfile:regfile_u0|regfile~855 ; Stuck at GND due to stuck port clock_enable ;
; monociclo:DUT|registerfile:regfile_u0|regfile~854 ; Stuck at GND due to stuck port clock_enable ;
; monociclo:DUT|registerfile:regfile_u0|regfile~853 ; Stuck at GND due to stuck port clock_enable ;
; monociclo:DUT|registerfile:regfile_u0|regfile~852 ; Stuck at GND due to stuck port clock_enable ;
; monociclo:DUT|registerfile:regfile_u0|regfile~842 ; Stuck at GND due to stuck port clock_enable ;
; monociclo:DUT|registerfile:regfile_u0|regfile~841 ; Stuck at GND due to stuck port clock_enable ;
; monociclo:DUT|registerfile:regfile_u0|regfile~840 ; Stuck at GND due to stuck port clock_enable ;
; monociclo:DUT|registerfile:regfile_u0|regfile~837 ; Stuck at GND due to stuck port clock_enable ;
; monociclo:DUT|registerfile:regfile_u0|regfile~839 ; Stuck at GND due to stuck port clock_enable ;
; monociclo:DUT|registerfile:regfile_u0|regfile~838 ; Stuck at GND due to stuck port clock_enable ;
; monociclo:DUT|registerfile:regfile_u0|regfile~836 ; Stuck at GND due to stuck port clock_enable ;
; monociclo:DUT|registerfile:regfile_u0|regfile~835 ; Stuck at GND due to stuck port clock_enable ;
; monociclo:DUT|registerfile:regfile_u0|regfile~833 ; Stuck at GND due to stuck port clock_enable ;
; monociclo:DUT|registerfile:regfile_u0|regfile~832 ; Stuck at GND due to stuck port clock_enable ;
; monociclo:DUT|registerfile:regfile_u0|regfile~834 ; Stuck at GND due to stuck port clock_enable ;
; monociclo:DUT|registerfile:regfile_u0|regfile~339 ; Stuck at GND due to stuck port clock_enable ;
; monociclo:DUT|registerfile:regfile_u0|regfile~338 ; Stuck at GND due to stuck port clock_enable ;
; monociclo:DUT|registerfile:regfile_u0|regfile~337 ; Stuck at GND due to stuck port clock_enable ;
; monociclo:DUT|registerfile:regfile_u0|regfile~336 ; Stuck at GND due to stuck port clock_enable ;
; monociclo:DUT|registerfile:regfile_u0|regfile~335 ; Stuck at GND due to stuck port clock_enable ;
; monociclo:DUT|registerfile:regfile_u0|regfile~333 ; Stuck at GND due to stuck port clock_enable ;
; monociclo:DUT|registerfile:regfile_u0|regfile~332 ; Stuck at GND due to stuck port clock_enable ;
; monociclo:DUT|registerfile:regfile_u0|regfile~331 ; Stuck at GND due to stuck port clock_enable ;
; monociclo:DUT|registerfile:regfile_u0|regfile~334 ; Stuck at GND due to stuck port clock_enable ;
; monociclo:DUT|registerfile:regfile_u0|regfile~351 ; Stuck at GND due to stuck port clock_enable ;
; monociclo:DUT|registerfile:regfile_u0|regfile~350 ; Stuck at GND due to stuck port clock_enable ;
; monociclo:DUT|registerfile:regfile_u0|regfile~349 ; Stuck at GND due to stuck port clock_enable ;
; monociclo:DUT|registerfile:regfile_u0|regfile~348 ; Stuck at GND due to stuck port clock_enable ;
; monociclo:DUT|registerfile:regfile_u0|regfile~347 ; Stuck at GND due to stuck port clock_enable ;
; monociclo:DUT|registerfile:regfile_u0|regfile~346 ; Stuck at GND due to stuck port clock_enable ;
; monociclo:DUT|registerfile:regfile_u0|regfile~345 ; Stuck at GND due to stuck port clock_enable ;
; monociclo:DUT|registerfile:regfile_u0|regfile~344 ; Stuck at GND due to stuck port clock_enable ;
; monociclo:DUT|registerfile:regfile_u0|regfile~343 ; Stuck at GND due to stuck port clock_enable ;
; monociclo:DUT|registerfile:regfile_u0|regfile~342 ; Stuck at GND due to stuck port clock_enable ;
; monociclo:DUT|registerfile:regfile_u0|regfile~341 ; Stuck at GND due to stuck port clock_enable ;
; monociclo:DUT|registerfile:regfile_u0|regfile~340 ; Stuck at GND due to stuck port clock_enable ;
; monociclo:DUT|registerfile:regfile_u0|regfile~330 ; Stuck at GND due to stuck port clock_enable ;
; monociclo:DUT|registerfile:regfile_u0|regfile~329 ; Stuck at GND due to stuck port clock_enable ;
; monociclo:DUT|registerfile:regfile_u0|regfile~328 ; Stuck at GND due to stuck port clock_enable ;
; monociclo:DUT|registerfile:regfile_u0|regfile~325 ; Stuck at GND due to stuck port clock_enable ;
; monociclo:DUT|registerfile:regfile_u0|regfile~327 ; Stuck at GND due to stuck port clock_enable ;
; monociclo:DUT|registerfile:regfile_u0|regfile~326 ; Stuck at GND due to stuck port clock_enable ;
; monociclo:DUT|registerfile:regfile_u0|regfile~324 ; Stuck at GND due to stuck port clock_enable ;
; monociclo:DUT|registerfile:regfile_u0|regfile~323 ; Stuck at GND due to stuck port clock_enable ;
; monociclo:DUT|registerfile:regfile_u0|regfile~321 ; Stuck at GND due to stuck port clock_enable ;
; monociclo:DUT|registerfile:regfile_u0|regfile~320 ; Stuck at GND due to stuck port clock_enable ;
; monociclo:DUT|registerfile:regfile_u0|regfile~322 ; Stuck at GND due to stuck port clock_enable ;
; monociclo:DUT|registerfile:regfile_u0|regfile~883 ; Stuck at GND due to stuck port clock_enable ;
; monociclo:DUT|registerfile:regfile_u0|regfile~882 ; Stuck at GND due to stuck port clock_enable ;
; monociclo:DUT|registerfile:regfile_u0|regfile~881 ; Stuck at GND due to stuck port clock_enable ;
; monociclo:DUT|registerfile:regfile_u0|regfile~880 ; Stuck at GND due to stuck port clock_enable ;
; monociclo:DUT|registerfile:regfile_u0|regfile~879 ; Stuck at GND due to stuck port clock_enable ;
; monociclo:DUT|registerfile:regfile_u0|regfile~877 ; Stuck at GND due to stuck port clock_enable ;
; monociclo:DUT|registerfile:regfile_u0|regfile~876 ; Stuck at GND due to stuck port clock_enable ;
; monociclo:DUT|registerfile:regfile_u0|regfile~875 ; Stuck at GND due to stuck port clock_enable ;
; monociclo:DUT|registerfile:regfile_u0|regfile~878 ; Stuck at GND due to stuck port clock_enable ;
; monociclo:DUT|registerfile:regfile_u0|regfile~895 ; Stuck at GND due to stuck port clock_enable ;
; monociclo:DUT|registerfile:regfile_u0|regfile~894 ; Stuck at GND due to stuck port clock_enable ;
; monociclo:DUT|registerfile:regfile_u0|regfile~893 ; Stuck at GND due to stuck port clock_enable ;
; monociclo:DUT|registerfile:regfile_u0|regfile~892 ; Stuck at GND due to stuck port clock_enable ;
; monociclo:DUT|registerfile:regfile_u0|regfile~891 ; Stuck at GND due to stuck port clock_enable ;
; monociclo:DUT|registerfile:regfile_u0|regfile~890 ; Stuck at GND due to stuck port clock_enable ;
; monociclo:DUT|registerfile:regfile_u0|regfile~889 ; Stuck at GND due to stuck port clock_enable ;
; monociclo:DUT|registerfile:regfile_u0|regfile~888 ; Stuck at GND due to stuck port clock_enable ;
; monociclo:DUT|registerfile:regfile_u0|regfile~887 ; Stuck at GND due to stuck port clock_enable ;
; monociclo:DUT|registerfile:regfile_u0|regfile~886 ; Stuck at GND due to stuck port clock_enable ;
; monociclo:DUT|registerfile:regfile_u0|regfile~885 ; Stuck at GND due to stuck port clock_enable ;
; monociclo:DUT|registerfile:regfile_u0|regfile~884 ; Stuck at GND due to stuck port clock_enable ;
; monociclo:DUT|registerfile:regfile_u0|regfile~874 ; Stuck at GND due to stuck port clock_enable ;
; monociclo:DUT|registerfile:regfile_u0|regfile~873 ; Stuck at GND due to stuck port clock_enable ;
; monociclo:DUT|registerfile:regfile_u0|regfile~872 ; Stuck at GND due to stuck port clock_enable ;
; monociclo:DUT|registerfile:regfile_u0|regfile~869 ; Stuck at GND due to stuck port clock_enable ;
; monociclo:DUT|registerfile:regfile_u0|regfile~871 ; Stuck at GND due to stuck port clock_enable ;
; monociclo:DUT|registerfile:regfile_u0|regfile~870 ; Stuck at GND due to stuck port clock_enable ;
; monociclo:DUT|registerfile:regfile_u0|regfile~868 ; Stuck at GND due to stuck port clock_enable ;
; monociclo:DUT|registerfile:regfile_u0|regfile~867 ; Stuck at GND due to stuck port clock_enable ;
; monociclo:DUT|registerfile:regfile_u0|regfile~865 ; Stuck at GND due to stuck port clock_enable ;
; monociclo:DUT|registerfile:regfile_u0|regfile~864 ; Stuck at GND due to stuck port clock_enable ;
; monociclo:DUT|registerfile:regfile_u0|regfile~866 ; Stuck at GND due to stuck port clock_enable ;
; monociclo:DUT|registerfile:regfile_u0|regfile~371 ; Stuck at GND due to stuck port clock_enable ;
; monociclo:DUT|registerfile:regfile_u0|regfile~370 ; Stuck at GND due to stuck port clock_enable ;
; monociclo:DUT|registerfile:regfile_u0|regfile~369 ; Stuck at GND due to stuck port clock_enable ;
; monociclo:DUT|registerfile:regfile_u0|regfile~368 ; Stuck at GND due to stuck port clock_enable ;
; monociclo:DUT|registerfile:regfile_u0|regfile~367 ; Stuck at GND due to stuck port clock_enable ;
; monociclo:DUT|registerfile:regfile_u0|regfile~365 ; Stuck at GND due to stuck port clock_enable ;
; monociclo:DUT|registerfile:regfile_u0|regfile~364 ; Stuck at GND due to stuck port clock_enable ;
; monociclo:DUT|registerfile:regfile_u0|regfile~363 ; Stuck at GND due to stuck port clock_enable ;
; monociclo:DUT|registerfile:regfile_u0|regfile~366 ; Stuck at GND due to stuck port clock_enable ;
; monociclo:DUT|registerfile:regfile_u0|regfile~383 ; Stuck at GND due to stuck port clock_enable ;
; monociclo:DUT|registerfile:regfile_u0|regfile~382 ; Stuck at GND due to stuck port clock_enable ;
; monociclo:DUT|registerfile:regfile_u0|regfile~381 ; Stuck at GND due to stuck port clock_enable ;
; monociclo:DUT|registerfile:regfile_u0|regfile~380 ; Stuck at GND due to stuck port clock_enable ;
; monociclo:DUT|registerfile:regfile_u0|regfile~379 ; Stuck at GND due to stuck port clock_enable ;
; monociclo:DUT|registerfile:regfile_u0|regfile~378 ; Stuck at GND due to stuck port clock_enable ;
; monociclo:DUT|registerfile:regfile_u0|regfile~377 ; Stuck at GND due to stuck port clock_enable ;
; monociclo:DUT|registerfile:regfile_u0|regfile~376 ; Stuck at GND due to stuck port clock_enable ;
; monociclo:DUT|registerfile:regfile_u0|regfile~375 ; Stuck at GND due to stuck port clock_enable ;
; monociclo:DUT|registerfile:regfile_u0|regfile~374 ; Stuck at GND due to stuck port clock_enable ;
; monociclo:DUT|registerfile:regfile_u0|regfile~373 ; Stuck at GND due to stuck port clock_enable ;
; monociclo:DUT|registerfile:regfile_u0|regfile~372 ; Stuck at GND due to stuck port clock_enable ;
; monociclo:DUT|registerfile:regfile_u0|regfile~362 ; Stuck at GND due to stuck port clock_enable ;
; monociclo:DUT|registerfile:regfile_u0|regfile~361 ; Stuck at GND due to stuck port clock_enable ;
; monociclo:DUT|registerfile:regfile_u0|regfile~360 ; Stuck at GND due to stuck port clock_enable ;
; monociclo:DUT|registerfile:regfile_u0|regfile~357 ; Stuck at GND due to stuck port clock_enable ;
; monociclo:DUT|registerfile:regfile_u0|regfile~359 ; Stuck at GND due to stuck port clock_enable ;
; monociclo:DUT|registerfile:regfile_u0|regfile~358 ; Stuck at GND due to stuck port clock_enable ;
; monociclo:DUT|registerfile:regfile_u0|regfile~356 ; Stuck at GND due to stuck port clock_enable ;
; monociclo:DUT|registerfile:regfile_u0|regfile~355 ; Stuck at GND due to stuck port clock_enable ;
; monociclo:DUT|registerfile:regfile_u0|regfile~353 ; Stuck at GND due to stuck port clock_enable ;
; monociclo:DUT|registerfile:regfile_u0|regfile~352 ; Stuck at GND due to stuck port clock_enable ;
; monociclo:DUT|registerfile:regfile_u0|regfile~354 ; Stuck at GND due to stuck port clock_enable ;
; monociclo:DUT|registerfile:regfile_u0|regfile~659 ; Stuck at GND due to stuck port clock_enable ;
; monociclo:DUT|registerfile:regfile_u0|regfile~658 ; Stuck at GND due to stuck port clock_enable ;
; monociclo:DUT|registerfile:regfile_u0|regfile~657 ; Stuck at GND due to stuck port clock_enable ;
; monociclo:DUT|registerfile:regfile_u0|regfile~656 ; Stuck at GND due to stuck port clock_enable ;
; monociclo:DUT|registerfile:regfile_u0|regfile~655 ; Stuck at GND due to stuck port clock_enable ;
; monociclo:DUT|registerfile:regfile_u0|regfile~653 ; Stuck at GND due to stuck port clock_enable ;
; monociclo:DUT|registerfile:regfile_u0|regfile~652 ; Stuck at GND due to stuck port clock_enable ;
; monociclo:DUT|registerfile:regfile_u0|regfile~651 ; Stuck at GND due to stuck port clock_enable ;
; monociclo:DUT|registerfile:regfile_u0|regfile~654 ; Stuck at GND due to stuck port clock_enable ;
; monociclo:DUT|registerfile:regfile_u0|regfile~671 ; Stuck at GND due to stuck port clock_enable ;
; monociclo:DUT|registerfile:regfile_u0|regfile~670 ; Stuck at GND due to stuck port clock_enable ;
; monociclo:DUT|registerfile:regfile_u0|regfile~669 ; Stuck at GND due to stuck port clock_enable ;
; monociclo:DUT|registerfile:regfile_u0|regfile~668 ; Stuck at GND due to stuck port clock_enable ;
; monociclo:DUT|registerfile:regfile_u0|regfile~667 ; Stuck at GND due to stuck port clock_enable ;
; monociclo:DUT|registerfile:regfile_u0|regfile~666 ; Stuck at GND due to stuck port clock_enable ;
; monociclo:DUT|registerfile:regfile_u0|regfile~665 ; Stuck at GND due to stuck port clock_enable ;
; monociclo:DUT|registerfile:regfile_u0|regfile~664 ; Stuck at GND due to stuck port clock_enable ;
; monociclo:DUT|registerfile:regfile_u0|regfile~663 ; Stuck at GND due to stuck port clock_enable ;
; monociclo:DUT|registerfile:regfile_u0|regfile~662 ; Stuck at GND due to stuck port clock_enable ;
; monociclo:DUT|registerfile:regfile_u0|regfile~661 ; Stuck at GND due to stuck port clock_enable ;
; monociclo:DUT|registerfile:regfile_u0|regfile~660 ; Stuck at GND due to stuck port clock_enable ;
; monociclo:DUT|registerfile:regfile_u0|regfile~650 ; Stuck at GND due to stuck port clock_enable ;
; monociclo:DUT|registerfile:regfile_u0|regfile~649 ; Stuck at GND due to stuck port clock_enable ;
; monociclo:DUT|registerfile:regfile_u0|regfile~648 ; Stuck at GND due to stuck port clock_enable ;
; monociclo:DUT|registerfile:regfile_u0|regfile~645 ; Stuck at GND due to stuck port clock_enable ;
; monociclo:DUT|registerfile:regfile_u0|regfile~647 ; Stuck at GND due to stuck port clock_enable ;
; monociclo:DUT|registerfile:regfile_u0|regfile~646 ; Stuck at GND due to stuck port clock_enable ;
; monociclo:DUT|registerfile:regfile_u0|regfile~644 ; Stuck at GND due to stuck port clock_enable ;
; monociclo:DUT|registerfile:regfile_u0|regfile~643 ; Stuck at GND due to stuck port clock_enable ;
; monociclo:DUT|registerfile:regfile_u0|regfile~641 ; Stuck at GND due to stuck port clock_enable ;
; monociclo:DUT|registerfile:regfile_u0|regfile~640 ; Stuck at GND due to stuck port clock_enable ;
; monociclo:DUT|registerfile:regfile_u0|regfile~642 ; Stuck at GND due to stuck port clock_enable ;
; monociclo:DUT|registerfile:regfile_u0|regfile~147 ; Stuck at GND due to stuck port clock_enable ;
; monociclo:DUT|registerfile:regfile_u0|regfile~146 ; Stuck at GND due to stuck port clock_enable ;
; monociclo:DUT|registerfile:regfile_u0|regfile~145 ; Stuck at GND due to stuck port clock_enable ;
; monociclo:DUT|registerfile:regfile_u0|regfile~144 ; Stuck at GND due to stuck port clock_enable ;
; monociclo:DUT|registerfile:regfile_u0|regfile~143 ; Stuck at GND due to stuck port clock_enable ;
; monociclo:DUT|registerfile:regfile_u0|regfile~141 ; Stuck at GND due to stuck port clock_enable ;
; monociclo:DUT|registerfile:regfile_u0|regfile~140 ; Stuck at GND due to stuck port clock_enable ;
; monociclo:DUT|registerfile:regfile_u0|regfile~139 ; Stuck at GND due to stuck port clock_enable ;
; monociclo:DUT|registerfile:regfile_u0|regfile~142 ; Stuck at GND due to stuck port clock_enable ;
; monociclo:DUT|registerfile:regfile_u0|regfile~159 ; Stuck at GND due to stuck port clock_enable ;
; monociclo:DUT|registerfile:regfile_u0|regfile~158 ; Stuck at GND due to stuck port clock_enable ;
; monociclo:DUT|registerfile:regfile_u0|regfile~157 ; Stuck at GND due to stuck port clock_enable ;
; monociclo:DUT|registerfile:regfile_u0|regfile~156 ; Stuck at GND due to stuck port clock_enable ;
; monociclo:DUT|registerfile:regfile_u0|regfile~155 ; Stuck at GND due to stuck port clock_enable ;
; monociclo:DUT|registerfile:regfile_u0|regfile~154 ; Stuck at GND due to stuck port clock_enable ;
; monociclo:DUT|registerfile:regfile_u0|regfile~153 ; Stuck at GND due to stuck port clock_enable ;
; monociclo:DUT|registerfile:regfile_u0|regfile~152 ; Stuck at GND due to stuck port clock_enable ;
; monociclo:DUT|registerfile:regfile_u0|regfile~151 ; Stuck at GND due to stuck port clock_enable ;
; monociclo:DUT|registerfile:regfile_u0|regfile~150 ; Stuck at GND due to stuck port clock_enable ;
; monociclo:DUT|registerfile:regfile_u0|regfile~149 ; Stuck at GND due to stuck port clock_enable ;
; monociclo:DUT|registerfile:regfile_u0|regfile~148 ; Stuck at GND due to stuck port clock_enable ;
; monociclo:DUT|registerfile:regfile_u0|regfile~138 ; Stuck at GND due to stuck port clock_enable ;
; monociclo:DUT|registerfile:regfile_u0|regfile~137 ; Stuck at GND due to stuck port clock_enable ;
; monociclo:DUT|registerfile:regfile_u0|regfile~136 ; Stuck at GND due to stuck port clock_enable ;
; monociclo:DUT|registerfile:regfile_u0|regfile~133 ; Stuck at GND due to stuck port clock_enable ;
; monociclo:DUT|registerfile:regfile_u0|regfile~135 ; Stuck at GND due to stuck port clock_enable ;
; monociclo:DUT|registerfile:regfile_u0|regfile~134 ; Stuck at GND due to stuck port clock_enable ;
; monociclo:DUT|registerfile:regfile_u0|regfile~132 ; Stuck at GND due to stuck port clock_enable ;
; monociclo:DUT|registerfile:regfile_u0|regfile~131 ; Stuck at GND due to stuck port clock_enable ;
; monociclo:DUT|registerfile:regfile_u0|regfile~129 ; Stuck at GND due to stuck port clock_enable ;
; monociclo:DUT|registerfile:regfile_u0|regfile~128 ; Stuck at GND due to stuck port clock_enable ;
; monociclo:DUT|registerfile:regfile_u0|regfile~130 ; Stuck at GND due to stuck port clock_enable ;
; monociclo:DUT|registerfile:regfile_u0|regfile~563 ; Stuck at GND due to stuck port clock_enable ;
; monociclo:DUT|registerfile:regfile_u0|regfile~562 ; Stuck at GND due to stuck port clock_enable ;
; monociclo:DUT|registerfile:regfile_u0|regfile~561 ; Stuck at GND due to stuck port clock_enable ;
; monociclo:DUT|registerfile:regfile_u0|regfile~560 ; Stuck at GND due to stuck port clock_enable ;
; monociclo:DUT|registerfile:regfile_u0|regfile~559 ; Stuck at GND due to stuck port clock_enable ;
; monociclo:DUT|registerfile:regfile_u0|regfile~557 ; Stuck at GND due to stuck port clock_enable ;
; monociclo:DUT|registerfile:regfile_u0|regfile~556 ; Stuck at GND due to stuck port clock_enable ;
; monociclo:DUT|registerfile:regfile_u0|regfile~555 ; Stuck at GND due to stuck port clock_enable ;
; monociclo:DUT|registerfile:regfile_u0|regfile~558 ; Stuck at GND due to stuck port clock_enable ;
; monociclo:DUT|registerfile:regfile_u0|regfile~575 ; Stuck at GND due to stuck port clock_enable ;
; monociclo:DUT|registerfile:regfile_u0|regfile~574 ; Stuck at GND due to stuck port clock_enable ;
; monociclo:DUT|registerfile:regfile_u0|regfile~573 ; Stuck at GND due to stuck port clock_enable ;
; monociclo:DUT|registerfile:regfile_u0|regfile~572 ; Stuck at GND due to stuck port clock_enable ;
; monociclo:DUT|registerfile:regfile_u0|regfile~571 ; Stuck at GND due to stuck port clock_enable ;
; monociclo:DUT|registerfile:regfile_u0|regfile~570 ; Stuck at GND due to stuck port clock_enable ;
; monociclo:DUT|registerfile:regfile_u0|regfile~569 ; Stuck at GND due to stuck port clock_enable ;
; monociclo:DUT|registerfile:regfile_u0|regfile~568 ; Stuck at GND due to stuck port clock_enable ;
; monociclo:DUT|registerfile:regfile_u0|regfile~567 ; Stuck at GND due to stuck port clock_enable ;
; monociclo:DUT|registerfile:regfile_u0|regfile~566 ; Stuck at GND due to stuck port clock_enable ;
; monociclo:DUT|registerfile:regfile_u0|regfile~565 ; Stuck at GND due to stuck port clock_enable ;
; monociclo:DUT|registerfile:regfile_u0|regfile~564 ; Stuck at GND due to stuck port clock_enable ;
; monociclo:DUT|registerfile:regfile_u0|regfile~554 ; Stuck at GND due to stuck port clock_enable ;
; monociclo:DUT|registerfile:regfile_u0|regfile~553 ; Stuck at GND due to stuck port clock_enable ;
; monociclo:DUT|registerfile:regfile_u0|regfile~552 ; Stuck at GND due to stuck port clock_enable ;
; monociclo:DUT|registerfile:regfile_u0|regfile~549 ; Stuck at GND due to stuck port clock_enable ;
; monociclo:DUT|registerfile:regfile_u0|regfile~551 ; Stuck at GND due to stuck port clock_enable ;
; monociclo:DUT|registerfile:regfile_u0|regfile~550 ; Stuck at GND due to stuck port clock_enable ;
; monociclo:DUT|registerfile:regfile_u0|regfile~548 ; Stuck at GND due to stuck port clock_enable ;
; monociclo:DUT|registerfile:regfile_u0|regfile~547 ; Stuck at GND due to stuck port clock_enable ;
; monociclo:DUT|registerfile:regfile_u0|regfile~545 ; Stuck at GND due to stuck port clock_enable ;
; monociclo:DUT|registerfile:regfile_u0|regfile~544 ; Stuck at GND due to stuck port clock_enable ;
; monociclo:DUT|registerfile:regfile_u0|regfile~546 ; Stuck at GND due to stuck port clock_enable ;
; monociclo:DUT|registerfile:regfile_u0|regfile~51  ; Stuck at GND due to stuck port clock_enable ;
; monociclo:DUT|registerfile:regfile_u0|regfile~50  ; Stuck at GND due to stuck port clock_enable ;
; monociclo:DUT|registerfile:regfile_u0|regfile~49  ; Stuck at GND due to stuck port clock_enable ;
; monociclo:DUT|registerfile:regfile_u0|regfile~48  ; Stuck at GND due to stuck port clock_enable ;
; monociclo:DUT|registerfile:regfile_u0|regfile~47  ; Stuck at GND due to stuck port clock_enable ;
; monociclo:DUT|registerfile:regfile_u0|regfile~45  ; Stuck at GND due to stuck port clock_enable ;
; monociclo:DUT|registerfile:regfile_u0|regfile~44  ; Stuck at GND due to stuck port clock_enable ;
; monociclo:DUT|registerfile:regfile_u0|regfile~43  ; Stuck at GND due to stuck port clock_enable ;
; monociclo:DUT|registerfile:regfile_u0|regfile~46  ; Stuck at GND due to stuck port clock_enable ;
; monociclo:DUT|registerfile:regfile_u0|regfile~63  ; Stuck at GND due to stuck port clock_enable ;
; monociclo:DUT|registerfile:regfile_u0|regfile~62  ; Stuck at GND due to stuck port clock_enable ;
; monociclo:DUT|registerfile:regfile_u0|regfile~61  ; Stuck at GND due to stuck port clock_enable ;
; monociclo:DUT|registerfile:regfile_u0|regfile~60  ; Stuck at GND due to stuck port clock_enable ;
; monociclo:DUT|registerfile:regfile_u0|regfile~59  ; Stuck at GND due to stuck port clock_enable ;
; monociclo:DUT|registerfile:regfile_u0|regfile~58  ; Stuck at GND due to stuck port clock_enable ;
; monociclo:DUT|registerfile:regfile_u0|regfile~57  ; Stuck at GND due to stuck port clock_enable ;
; monociclo:DUT|registerfile:regfile_u0|regfile~56  ; Stuck at GND due to stuck port clock_enable ;
; monociclo:DUT|registerfile:regfile_u0|regfile~55  ; Stuck at GND due to stuck port clock_enable ;
; monociclo:DUT|registerfile:regfile_u0|regfile~54  ; Stuck at GND due to stuck port clock_enable ;
; monociclo:DUT|registerfile:regfile_u0|regfile~53  ; Stuck at GND due to stuck port clock_enable ;
; monociclo:DUT|registerfile:regfile_u0|regfile~52  ; Stuck at GND due to stuck port clock_enable ;
; monociclo:DUT|registerfile:regfile_u0|regfile~42  ; Stuck at GND due to stuck port clock_enable ;
; monociclo:DUT|registerfile:regfile_u0|regfile~41  ; Stuck at GND due to stuck port clock_enable ;
; monociclo:DUT|registerfile:regfile_u0|regfile~40  ; Stuck at GND due to stuck port clock_enable ;
; monociclo:DUT|registerfile:regfile_u0|regfile~37  ; Stuck at GND due to stuck port clock_enable ;
; monociclo:DUT|registerfile:regfile_u0|regfile~39  ; Stuck at GND due to stuck port clock_enable ;
; monociclo:DUT|registerfile:regfile_u0|regfile~38  ; Stuck at GND due to stuck port clock_enable ;
; monociclo:DUT|registerfile:regfile_u0|regfile~36  ; Stuck at GND due to stuck port clock_enable ;
; monociclo:DUT|registerfile:regfile_u0|regfile~35  ; Stuck at GND due to stuck port clock_enable ;
; monociclo:DUT|registerfile:regfile_u0|regfile~33  ; Stuck at GND due to stuck port clock_enable ;
; monociclo:DUT|registerfile:regfile_u0|regfile~32  ; Stuck at GND due to stuck port clock_enable ;
; monociclo:DUT|registerfile:regfile_u0|regfile~34  ; Stuck at GND due to stuck port clock_enable ;
; monociclo:DUT|registerfile:regfile_u0|regfile~531 ; Stuck at GND due to stuck port clock_enable ;
; monociclo:DUT|registerfile:regfile_u0|regfile~530 ; Stuck at GND due to stuck port clock_enable ;
; monociclo:DUT|registerfile:regfile_u0|regfile~529 ; Stuck at GND due to stuck port clock_enable ;
; monociclo:DUT|registerfile:regfile_u0|regfile~528 ; Stuck at GND due to stuck port clock_enable ;
; monociclo:DUT|registerfile:regfile_u0|regfile~527 ; Stuck at GND due to stuck port clock_enable ;
; monociclo:DUT|registerfile:regfile_u0|regfile~525 ; Stuck at GND due to stuck port clock_enable ;
; monociclo:DUT|registerfile:regfile_u0|regfile~524 ; Stuck at GND due to stuck port clock_enable ;
; monociclo:DUT|registerfile:regfile_u0|regfile~523 ; Stuck at GND due to stuck port clock_enable ;
; monociclo:DUT|registerfile:regfile_u0|regfile~526 ; Stuck at GND due to stuck port clock_enable ;
; monociclo:DUT|registerfile:regfile_u0|regfile~543 ; Stuck at GND due to stuck port clock_enable ;
; monociclo:DUT|registerfile:regfile_u0|regfile~542 ; Stuck at GND due to stuck port clock_enable ;
; monociclo:DUT|registerfile:regfile_u0|regfile~541 ; Stuck at GND due to stuck port clock_enable ;
; monociclo:DUT|registerfile:regfile_u0|regfile~540 ; Stuck at GND due to stuck port clock_enable ;
; monociclo:DUT|registerfile:regfile_u0|regfile~539 ; Stuck at GND due to stuck port clock_enable ;
; monociclo:DUT|registerfile:regfile_u0|regfile~538 ; Stuck at GND due to stuck port clock_enable ;
; monociclo:DUT|registerfile:regfile_u0|regfile~537 ; Stuck at GND due to stuck port clock_enable ;
; monociclo:DUT|registerfile:regfile_u0|regfile~536 ; Stuck at GND due to stuck port clock_enable ;
; monociclo:DUT|registerfile:regfile_u0|regfile~535 ; Stuck at GND due to stuck port clock_enable ;
; monociclo:DUT|registerfile:regfile_u0|regfile~534 ; Stuck at GND due to stuck port clock_enable ;
; monociclo:DUT|registerfile:regfile_u0|regfile~533 ; Stuck at GND due to stuck port clock_enable ;
; monociclo:DUT|registerfile:regfile_u0|regfile~532 ; Stuck at GND due to stuck port clock_enable ;
; monociclo:DUT|registerfile:regfile_u0|regfile~522 ; Stuck at GND due to stuck port clock_enable ;
; monociclo:DUT|registerfile:regfile_u0|regfile~521 ; Stuck at GND due to stuck port clock_enable ;
; monociclo:DUT|registerfile:regfile_u0|regfile~520 ; Stuck at GND due to stuck port clock_enable ;
; monociclo:DUT|registerfile:regfile_u0|regfile~517 ; Stuck at GND due to stuck port clock_enable ;
; monociclo:DUT|registerfile:regfile_u0|regfile~519 ; Stuck at GND due to stuck port clock_enable ;
; monociclo:DUT|registerfile:regfile_u0|regfile~518 ; Stuck at GND due to stuck port clock_enable ;
; monociclo:DUT|registerfile:regfile_u0|regfile~516 ; Stuck at GND due to stuck port clock_enable ;
; monociclo:DUT|registerfile:regfile_u0|regfile~515 ; Stuck at GND due to stuck port clock_enable ;
; monociclo:DUT|registerfile:regfile_u0|regfile~513 ; Stuck at GND due to stuck port clock_enable ;
; monociclo:DUT|registerfile:regfile_u0|regfile~512 ; Stuck at GND due to stuck port clock_enable ;
; monociclo:DUT|registerfile:regfile_u0|regfile~514 ; Stuck at GND due to stuck port clock_enable ;
; monociclo:DUT|registerfile:regfile_u0|regfile~19  ; Stuck at GND due to stuck port clock_enable ;
; monociclo:DUT|registerfile:regfile_u0|regfile~18  ; Stuck at GND due to stuck port clock_enable ;
; monociclo:DUT|registerfile:regfile_u0|regfile~17  ; Stuck at GND due to stuck port clock_enable ;
; monociclo:DUT|registerfile:regfile_u0|regfile~16  ; Stuck at GND due to stuck port clock_enable ;
; monociclo:DUT|registerfile:regfile_u0|regfile~15  ; Stuck at GND due to stuck port clock_enable ;
; monociclo:DUT|registerfile:regfile_u0|regfile~13  ; Stuck at GND due to stuck port clock_enable ;
; monociclo:DUT|registerfile:regfile_u0|regfile~12  ; Stuck at GND due to stuck port clock_enable ;
; monociclo:DUT|registerfile:regfile_u0|regfile~11  ; Stuck at GND due to stuck port clock_enable ;
; monociclo:DUT|registerfile:regfile_u0|regfile~14  ; Stuck at GND due to stuck port clock_enable ;
; monociclo:DUT|registerfile:regfile_u0|regfile~31  ; Stuck at GND due to stuck port clock_enable ;
; monociclo:DUT|registerfile:regfile_u0|regfile~30  ; Stuck at GND due to stuck port clock_enable ;
; monociclo:DUT|registerfile:regfile_u0|regfile~29  ; Stuck at GND due to stuck port clock_enable ;
; monociclo:DUT|registerfile:regfile_u0|regfile~28  ; Stuck at GND due to stuck port clock_enable ;
; monociclo:DUT|registerfile:regfile_u0|regfile~27  ; Stuck at GND due to stuck port clock_enable ;
; monociclo:DUT|registerfile:regfile_u0|regfile~26  ; Stuck at GND due to stuck port clock_enable ;
; monociclo:DUT|registerfile:regfile_u0|regfile~25  ; Stuck at GND due to stuck port clock_enable ;
; monociclo:DUT|registerfile:regfile_u0|regfile~24  ; Stuck at GND due to stuck port clock_enable ;
; monociclo:DUT|registerfile:regfile_u0|regfile~23  ; Stuck at GND due to stuck port clock_enable ;
; monociclo:DUT|registerfile:regfile_u0|regfile~22  ; Stuck at GND due to stuck port clock_enable ;
; monociclo:DUT|registerfile:regfile_u0|regfile~21  ; Stuck at GND due to stuck port clock_enable ;
; monociclo:DUT|registerfile:regfile_u0|regfile~20  ; Stuck at GND due to stuck port clock_enable ;
; monociclo:DUT|registerfile:regfile_u0|regfile~10  ; Stuck at GND due to stuck port clock_enable ;
; monociclo:DUT|registerfile:regfile_u0|regfile~9   ; Stuck at GND due to stuck port clock_enable ;
; monociclo:DUT|registerfile:regfile_u0|regfile~8   ; Stuck at GND due to stuck port clock_enable ;
; monociclo:DUT|registerfile:regfile_u0|regfile~5   ; Stuck at GND due to stuck port clock_enable ;
; monociclo:DUT|registerfile:regfile_u0|regfile~7   ; Stuck at GND due to stuck port clock_enable ;
; monociclo:DUT|registerfile:regfile_u0|regfile~6   ; Stuck at GND due to stuck port clock_enable ;
; monociclo:DUT|registerfile:regfile_u0|regfile~4   ; Stuck at GND due to stuck port clock_enable ;
; monociclo:DUT|registerfile:regfile_u0|regfile~3   ; Stuck at GND due to stuck port clock_enable ;
; monociclo:DUT|registerfile:regfile_u0|regfile~1   ; Stuck at GND due to stuck port clock_enable ;
; monociclo:DUT|registerfile:regfile_u0|regfile~0   ; Stuck at GND due to stuck port clock_enable ;
; monociclo:DUT|registerfile:regfile_u0|regfile~2   ; Stuck at GND due to stuck port clock_enable ;
; Total Number of Removed Registers = 729           ;                                             ;
+---------------------------------------------------+---------------------------------------------+


+-----------------------------------------------------------------------------------------------------------------------------------------+
; Removed Registers Triggering Further Register Optimizations                                                                             ;
+---------------------------------------------------+--------------------------------+----------------------------------------------------+
; Register name                                     ; Reason for Removal             ; Registers Removed due to This Register             ;
+---------------------------------------------------+--------------------------------+----------------------------------------------------+
; monociclo:DUT|registerfile:regfile_u0|regfile~68  ; Stuck at GND                   ; monociclo:DUT|registerfile:regfile_u0|regfile~64,  ;
;                                                   ; due to stuck port clock_enable ; monociclo:DUT|registerfile:regfile_u0|regfile~400, ;
;                                                   ;                                ; monociclo:DUT|registerfile:regfile_u0|regfile~413, ;
;                                                   ;                                ; monociclo:DUT|registerfile:regfile_u0|regfile~412, ;
;                                                   ;                                ; monociclo:DUT|registerfile:regfile_u0|regfile~411, ;
;                                                   ;                                ; monociclo:DUT|registerfile:regfile_u0|regfile~410, ;
;                                                   ;                                ; monociclo:DUT|registerfile:regfile_u0|regfile~409, ;
;                                                   ;                                ; monociclo:DUT|registerfile:regfile_u0|regfile~408, ;
;                                                   ;                                ; monociclo:DUT|registerfile:regfile_u0|regfile~389, ;
;                                                   ;                                ; monociclo:DUT|registerfile:regfile_u0|regfile~385, ;
;                                                   ;                                ; monociclo:DUT|registerfile:regfile_u0|regfile~384, ;
;                                                   ;                                ; monociclo:DUT|registerfile:regfile_u0|regfile~432, ;
;                                                   ;                                ; monociclo:DUT|registerfile:regfile_u0|regfile~447, ;
;                                                   ;                                ; monociclo:DUT|registerfile:regfile_u0|regfile~445, ;
;                                                   ;                                ; monociclo:DUT|registerfile:regfile_u0|regfile~444, ;
;                                                   ;                                ; monociclo:DUT|registerfile:regfile_u0|regfile~443, ;
;                                                   ;                                ; monociclo:DUT|registerfile:regfile_u0|regfile~442, ;
;                                                   ;                                ; monociclo:DUT|registerfile:regfile_u0|regfile~441, ;
;                                                   ;                                ; monociclo:DUT|registerfile:regfile_u0|regfile~440, ;
;                                                   ;                                ; monociclo:DUT|registerfile:regfile_u0|regfile~421, ;
;                                                   ;                                ; monociclo:DUT|registerfile:regfile_u0|regfile~417, ;
;                                                   ;                                ; monociclo:DUT|registerfile:regfile_u0|regfile~416, ;
;                                                   ;                                ; monociclo:DUT|registerfile:regfile_u0|regfile~464, ;
;                                                   ;                                ; monociclo:DUT|registerfile:regfile_u0|regfile~479, ;
;                                                   ;                                ; monociclo:DUT|registerfile:regfile_u0|regfile~477, ;
;                                                   ;                                ; monociclo:DUT|registerfile:regfile_u0|regfile~476, ;
;                                                   ;                                ; monociclo:DUT|registerfile:regfile_u0|regfile~475, ;
;                                                   ;                                ; monociclo:DUT|registerfile:regfile_u0|regfile~474, ;
;                                                   ;                                ; monociclo:DUT|registerfile:regfile_u0|regfile~473, ;
;                                                   ;                                ; monociclo:DUT|registerfile:regfile_u0|regfile~472, ;
;                                                   ;                                ; monociclo:DUT|registerfile:regfile_u0|regfile~468, ;
;                                                   ;                                ; monociclo:DUT|registerfile:regfile_u0|regfile~456, ;
;                                                   ;                                ; monociclo:DUT|registerfile:regfile_u0|regfile~453, ;
;                                                   ;                                ; monociclo:DUT|registerfile:regfile_u0|regfile~449, ;
;                                                   ;                                ; monociclo:DUT|registerfile:regfile_u0|regfile~448, ;
;                                                   ;                                ; monociclo:DUT|registerfile:regfile_u0|regfile~496, ;
;                                                   ;                                ; monociclo:DUT|registerfile:regfile_u0|regfile~511, ;
;                                                   ;                                ; monociclo:DUT|registerfile:regfile_u0|regfile~510, ;
;                                                   ;                                ; monociclo:DUT|registerfile:regfile_u0|regfile~509, ;
;                                                   ;                                ; monociclo:DUT|registerfile:regfile_u0|regfile~508, ;
;                                                   ;                                ; monociclo:DUT|registerfile:regfile_u0|regfile~507, ;
;                                                   ;                                ; monociclo:DUT|registerfile:regfile_u0|regfile~506, ;
;                                                   ;                                ; monociclo:DUT|registerfile:regfile_u0|regfile~505, ;
;                                                   ;                                ; monociclo:DUT|registerfile:regfile_u0|regfile~504, ;
;                                                   ;                                ; monociclo:DUT|registerfile:regfile_u0|regfile~500, ;
;                                                   ;                                ; monociclo:DUT|registerfile:regfile_u0|regfile~488, ;
;                                                   ;                                ; monociclo:DUT|registerfile:regfile_u0|regfile~485, ;
;                                                   ;                                ; monociclo:DUT|registerfile:regfile_u0|regfile~481, ;
;                                                   ;                                ; monociclo:DUT|registerfile:regfile_u0|regfile~480, ;
;                                                   ;                                ; monociclo:DUT|registerfile:regfile_u0|regfile~784, ;
;                                                   ;                                ; monociclo:DUT|registerfile:regfile_u0|regfile~799, ;
;                                                   ;                                ; monociclo:DUT|registerfile:regfile_u0|regfile~798, ;
;                                                   ;                                ; monociclo:DUT|registerfile:regfile_u0|regfile~797, ;
;                                                   ;                                ; monociclo:DUT|registerfile:regfile_u0|regfile~796, ;
;                                                   ;                                ; monociclo:DUT|registerfile:regfile_u0|regfile~795, ;
;                                                   ;                                ; monociclo:DUT|registerfile:regfile_u0|regfile~794, ;
;                                                   ;                                ; monociclo:DUT|registerfile:regfile_u0|regfile~793, ;
;                                                   ;                                ; monociclo:DUT|registerfile:regfile_u0|regfile~792, ;
;                                                   ;                                ; monociclo:DUT|registerfile:regfile_u0|regfile~788, ;
;                                                   ;                                ; monociclo:DUT|registerfile:regfile_u0|regfile~776, ;
;                                                   ;                                ; monociclo:DUT|registerfile:regfile_u0|regfile~773, ;
;                                                   ;                                ; monociclo:DUT|registerfile:regfile_u0|regfile~769, ;
;                                                   ;                                ; monociclo:DUT|registerfile:regfile_u0|regfile~768, ;
;                                                   ;                                ; monociclo:DUT|registerfile:regfile_u0|regfile~688, ;
;                                                   ;                                ; monociclo:DUT|registerfile:regfile_u0|regfile~703, ;
;                                                   ;                                ; monociclo:DUT|registerfile:regfile_u0|regfile~702, ;
;                                                   ;                                ; monociclo:DUT|registerfile:regfile_u0|regfile~701, ;
;                                                   ;                                ; monociclo:DUT|registerfile:regfile_u0|regfile~700, ;
;                                                   ;                                ; monociclo:DUT|registerfile:regfile_u0|regfile~699, ;
;                                                   ;                                ; monociclo:DUT|registerfile:regfile_u0|regfile~698, ;
;                                                   ;                                ; monociclo:DUT|registerfile:regfile_u0|regfile~697, ;
;                                                   ;                                ; monociclo:DUT|registerfile:regfile_u0|regfile~696, ;
;                                                   ;                                ; monociclo:DUT|registerfile:regfile_u0|regfile~692, ;
;                                                   ;                                ; monociclo:DUT|registerfile:regfile_u0|regfile~680, ;
;                                                   ;                                ; monociclo:DUT|registerfile:regfile_u0|regfile~677, ;
;                                                   ;                                ; monociclo:DUT|registerfile:regfile_u0|regfile~673, ;
;                                                   ;                                ; monociclo:DUT|registerfile:regfile_u0|regfile~672, ;
;                                                   ;                                ; monociclo:DUT|registerfile:regfile_u0|regfile~752, ;
;                                                   ;                                ; monociclo:DUT|registerfile:regfile_u0|regfile~767, ;
;                                                   ;                                ; monociclo:DUT|registerfile:regfile_u0|regfile~766, ;
;                                                   ;                                ; monociclo:DUT|registerfile:regfile_u0|regfile~765, ;
;                                                   ;                                ; monociclo:DUT|registerfile:regfile_u0|regfile~764, ;
;                                                   ;                                ; monociclo:DUT|registerfile:regfile_u0|regfile~763, ;
;                                                   ;                                ; monociclo:DUT|registerfile:regfile_u0|regfile~762, ;
;                                                   ;                                ; monociclo:DUT|registerfile:regfile_u0|regfile~761, ;
;                                                   ;                                ; monociclo:DUT|registerfile:regfile_u0|regfile~760, ;
;                                                   ;                                ; monociclo:DUT|registerfile:regfile_u0|regfile~756, ;
;                                                   ;                                ; monociclo:DUT|registerfile:regfile_u0|regfile~744, ;
;                                                   ;                                ; monociclo:DUT|registerfile:regfile_u0|regfile~741, ;
;                                                   ;                                ; monociclo:DUT|registerfile:regfile_u0|regfile~737, ;
;                                                   ;                                ; monociclo:DUT|registerfile:regfile_u0|regfile~736, ;
;                                                   ;                                ; monociclo:DUT|registerfile:regfile_u0|regfile~720, ;
;                                                   ;                                ; monociclo:DUT|registerfile:regfile_u0|regfile~735, ;
;                                                   ;                                ; monociclo:DUT|registerfile:regfile_u0|regfile~734, ;
;                                                   ;                                ; monociclo:DUT|registerfile:regfile_u0|regfile~733, ;
;                                                   ;                                ; monociclo:DUT|registerfile:regfile_u0|regfile~732, ;
;                                                   ;                                ; monociclo:DUT|registerfile:regfile_u0|regfile~731, ;
;                                                   ;                                ; monociclo:DUT|registerfile:regfile_u0|regfile~730, ;
;                                                   ;                                ; monociclo:DUT|registerfile:regfile_u0|regfile~729, ;
;                                                   ;                                ; monociclo:DUT|registerfile:regfile_u0|regfile~728, ;
;                                                   ;                                ; monociclo:DUT|registerfile:regfile_u0|regfile~724, ;
;                                                   ;                                ; monociclo:DUT|registerfile:regfile_u0|regfile~712, ;
;                                                   ;                                ; monociclo:DUT|registerfile:regfile_u0|regfile~709, ;
;                                                   ;                                ; monociclo:DUT|registerfile:regfile_u0|regfile~705, ;
;                                                   ;                                ; monociclo:DUT|registerfile:regfile_u0|regfile~704, ;
;                                                   ;                                ; monociclo:DUT|registerfile:regfile_u0|regfile~816, ;
;                                                   ;                                ; monociclo:DUT|registerfile:regfile_u0|regfile~831, ;
;                                                   ;                                ; monociclo:DUT|registerfile:regfile_u0|regfile~830, ;
;                                                   ;                                ; monociclo:DUT|registerfile:regfile_u0|regfile~829, ;
;                                                   ;                                ; monociclo:DUT|registerfile:regfile_u0|regfile~828, ;
;                                                   ;                                ; monociclo:DUT|registerfile:regfile_u0|regfile~827, ;
;                                                   ;                                ; monociclo:DUT|registerfile:regfile_u0|regfile~826, ;
;                                                   ;                                ; monociclo:DUT|registerfile:regfile_u0|regfile~825, ;
;                                                   ;                                ; monociclo:DUT|registerfile:regfile_u0|regfile~824, ;
;                                                   ;                                ; monociclo:DUT|registerfile:regfile_u0|regfile~820, ;
;                                                   ;                                ; monociclo:DUT|registerfile:regfile_u0|regfile~808, ;
;                                                   ;                                ; monociclo:DUT|registerfile:regfile_u0|regfile~805, ;
;                                                   ;                                ; monociclo:DUT|registerfile:regfile_u0|regfile~801, ;
;                                                   ;                                ; monociclo:DUT|registerfile:regfile_u0|regfile~800, ;
;                                                   ;                                ; monociclo:DUT|registerfile:regfile_u0|regfile~624, ;
;                                                   ;                                ; monociclo:DUT|registerfile:regfile_u0|regfile~639, ;
;                                                   ;                                ; monociclo:DUT|registerfile:regfile_u0|regfile~638, ;
;                                                   ;                                ; monociclo:DUT|registerfile:regfile_u0|regfile~637, ;
;                                                   ;                                ; monociclo:DUT|registerfile:regfile_u0|regfile~636, ;
;                                                   ;                                ; monociclo:DUT|registerfile:regfile_u0|regfile~635, ;
;                                                   ;                                ; monociclo:DUT|registerfile:regfile_u0|regfile~634, ;
;                                                   ;                                ; monociclo:DUT|registerfile:regfile_u0|regfile~633, ;
;                                                   ;                                ; monociclo:DUT|registerfile:regfile_u0|regfile~632, ;
;                                                   ;                                ; monociclo:DUT|registerfile:regfile_u0|regfile~628, ;
;                                                   ;                                ; monociclo:DUT|registerfile:regfile_u0|regfile~616, ;
;                                                   ;                                ; monociclo:DUT|registerfile:regfile_u0|regfile~613, ;
;                                                   ;                                ; monociclo:DUT|registerfile:regfile_u0|regfile~609, ;
;                                                   ;                                ; monociclo:DUT|registerfile:regfile_u0|regfile~608, ;
;                                                   ;                                ; monociclo:DUT|registerfile:regfile_u0|regfile~112, ;
;                                                   ;                                ; monociclo:DUT|registerfile:regfile_u0|regfile~127, ;
;                                                   ;                                ; monociclo:DUT|registerfile:regfile_u0|regfile~126, ;
;                                                   ;                                ; monociclo:DUT|registerfile:regfile_u0|regfile~125, ;
;                                                   ;                                ; monociclo:DUT|registerfile:regfile_u0|regfile~124, ;
;                                                   ;                                ; monociclo:DUT|registerfile:regfile_u0|regfile~123, ;
;                                                   ;                                ; monociclo:DUT|registerfile:regfile_u0|regfile~122, ;
;                                                   ;                                ; monociclo:DUT|registerfile:regfile_u0|regfile~121, ;
;                                                   ;                                ; monociclo:DUT|registerfile:regfile_u0|regfile~120, ;
;                                                   ;                                ; monociclo:DUT|registerfile:regfile_u0|regfile~116, ;
;                                                   ;                                ; monociclo:DUT|registerfile:regfile_u0|regfile~104, ;
;                                                   ;                                ; monociclo:DUT|registerfile:regfile_u0|regfile~101, ;
;                                                   ;                                ; monociclo:DUT|registerfile:regfile_u0|regfile~97,  ;
;                                                   ;                                ; monociclo:DUT|registerfile:regfile_u0|regfile~96,  ;
;                                                   ;                                ; monociclo:DUT|registerfile:regfile_u0|regfile~848, ;
;                                                   ;                                ; monociclo:DUT|registerfile:regfile_u0|regfile~863, ;
;                                                   ;                                ; monociclo:DUT|registerfile:regfile_u0|regfile~862, ;
;                                                   ;                                ; monociclo:DUT|registerfile:regfile_u0|regfile~861, ;
;                                                   ;                                ; monociclo:DUT|registerfile:regfile_u0|regfile~860, ;
;                                                   ;                                ; monociclo:DUT|registerfile:regfile_u0|regfile~859, ;
;                                                   ;                                ; monociclo:DUT|registerfile:regfile_u0|regfile~858, ;
;                                                   ;                                ; monociclo:DUT|registerfile:regfile_u0|regfile~857, ;
;                                                   ;                                ; monociclo:DUT|registerfile:regfile_u0|regfile~856, ;
;                                                   ;                                ; monociclo:DUT|registerfile:regfile_u0|regfile~852, ;
;                                                   ;                                ; monociclo:DUT|registerfile:regfile_u0|regfile~840, ;
;                                                   ;                                ; monociclo:DUT|registerfile:regfile_u0|regfile~837, ;
;                                                   ;                                ; monociclo:DUT|registerfile:regfile_u0|regfile~833, ;
;                                                   ;                                ; monociclo:DUT|registerfile:regfile_u0|regfile~832, ;
;                                                   ;                                ; monociclo:DUT|registerfile:regfile_u0|regfile~336, ;
;                                                   ;                                ; monociclo:DUT|registerfile:regfile_u0|regfile~351, ;
;                                                   ;                                ; monociclo:DUT|registerfile:regfile_u0|regfile~350, ;
;                                                   ;                                ; monociclo:DUT|registerfile:regfile_u0|regfile~349, ;
;                                                   ;                                ; monociclo:DUT|registerfile:regfile_u0|regfile~348, ;
;                                                   ;                                ; monociclo:DUT|registerfile:regfile_u0|regfile~347, ;
;                                                   ;                                ; monociclo:DUT|registerfile:regfile_u0|regfile~346, ;
;                                                   ;                                ; monociclo:DUT|registerfile:regfile_u0|regfile~345, ;
;                                                   ;                                ; monociclo:DUT|registerfile:regfile_u0|regfile~344, ;
;                                                   ;                                ; monociclo:DUT|registerfile:regfile_u0|regfile~340, ;
;                                                   ;                                ; monociclo:DUT|registerfile:regfile_u0|regfile~328, ;
;                                                   ;                                ; monociclo:DUT|registerfile:regfile_u0|regfile~325, ;
;                                                   ;                                ; monociclo:DUT|registerfile:regfile_u0|regfile~321, ;
;                                                   ;                                ; monociclo:DUT|registerfile:regfile_u0|regfile~320, ;
;                                                   ;                                ; monociclo:DUT|registerfile:regfile_u0|regfile~880, ;
;                                                   ;                                ; monociclo:DUT|registerfile:regfile_u0|regfile~895, ;
;                                                   ;                                ; monociclo:DUT|registerfile:regfile_u0|regfile~894, ;
;                                                   ;                                ; monociclo:DUT|registerfile:regfile_u0|regfile~893, ;
;                                                   ;                                ; monociclo:DUT|registerfile:regfile_u0|regfile~892, ;
;                                                   ;                                ; monociclo:DUT|registerfile:regfile_u0|regfile~891, ;
;                                                   ;                                ; monociclo:DUT|registerfile:regfile_u0|regfile~890, ;
;                                                   ;                                ; monociclo:DUT|registerfile:regfile_u0|regfile~889, ;
;                                                   ;                                ; monociclo:DUT|registerfile:regfile_u0|regfile~888, ;
;                                                   ;                                ; monociclo:DUT|registerfile:regfile_u0|regfile~884, ;
;                                                   ;                                ; monociclo:DUT|registerfile:regfile_u0|regfile~872, ;
;                                                   ;                                ; monociclo:DUT|registerfile:regfile_u0|regfile~869, ;
;                                                   ;                                ; monociclo:DUT|registerfile:regfile_u0|regfile~865, ;
;                                                   ;                                ; monociclo:DUT|registerfile:regfile_u0|regfile~864, ;
;                                                   ;                                ; monociclo:DUT|registerfile:regfile_u0|regfile~368, ;
;                                                   ;                                ; monociclo:DUT|registerfile:regfile_u0|regfile~383, ;
;                                                   ;                                ; monociclo:DUT|registerfile:regfile_u0|regfile~382, ;
;                                                   ;                                ; monociclo:DUT|registerfile:regfile_u0|regfile~381, ;
;                                                   ;                                ; monociclo:DUT|registerfile:regfile_u0|regfile~380, ;
;                                                   ;                                ; monociclo:DUT|registerfile:regfile_u0|regfile~379, ;
;                                                   ;                                ; monociclo:DUT|registerfile:regfile_u0|regfile~378, ;
;                                                   ;                                ; monociclo:DUT|registerfile:regfile_u0|regfile~377, ;
;                                                   ;                                ; monociclo:DUT|registerfile:regfile_u0|regfile~376, ;
;                                                   ;                                ; monociclo:DUT|registerfile:regfile_u0|regfile~372, ;
;                                                   ;                                ; monociclo:DUT|registerfile:regfile_u0|regfile~360, ;
;                                                   ;                                ; monociclo:DUT|registerfile:regfile_u0|regfile~357, ;
;                                                   ;                                ; monociclo:DUT|registerfile:regfile_u0|regfile~353, ;
;                                                   ;                                ; monociclo:DUT|registerfile:regfile_u0|regfile~352, ;
;                                                   ;                                ; monociclo:DUT|registerfile:regfile_u0|regfile~656, ;
;                                                   ;                                ; monociclo:DUT|registerfile:regfile_u0|regfile~671, ;
;                                                   ;                                ; monociclo:DUT|registerfile:regfile_u0|regfile~670, ;
;                                                   ;                                ; monociclo:DUT|registerfile:regfile_u0|regfile~669, ;
;                                                   ;                                ; monociclo:DUT|registerfile:regfile_u0|regfile~668, ;
;                                                   ;                                ; monociclo:DUT|registerfile:regfile_u0|regfile~667, ;
;                                                   ;                                ; monociclo:DUT|registerfile:regfile_u0|regfile~666, ;
;                                                   ;                                ; monociclo:DUT|registerfile:regfile_u0|regfile~665, ;
;                                                   ;                                ; monociclo:DUT|registerfile:regfile_u0|regfile~664, ;
;                                                   ;                                ; monociclo:DUT|registerfile:regfile_u0|regfile~660, ;
;                                                   ;                                ; monociclo:DUT|registerfile:regfile_u0|regfile~648, ;
;                                                   ;                                ; monociclo:DUT|registerfile:regfile_u0|regfile~645, ;
;                                                   ;                                ; monociclo:DUT|registerfile:regfile_u0|regfile~641, ;
;                                                   ;                                ; monociclo:DUT|registerfile:regfile_u0|regfile~640, ;
;                                                   ;                                ; monociclo:DUT|registerfile:regfile_u0|regfile~144, ;
;                                                   ;                                ; monociclo:DUT|registerfile:regfile_u0|regfile~159, ;
;                                                   ;                                ; monociclo:DUT|registerfile:regfile_u0|regfile~158, ;
;                                                   ;                                ; monociclo:DUT|registerfile:regfile_u0|regfile~157, ;
;                                                   ;                                ; monociclo:DUT|registerfile:regfile_u0|regfile~156, ;
;                                                   ;                                ; monociclo:DUT|registerfile:regfile_u0|regfile~155, ;
;                                                   ;                                ; monociclo:DUT|registerfile:regfile_u0|regfile~154, ;
;                                                   ;                                ; monociclo:DUT|registerfile:regfile_u0|regfile~153, ;
;                                                   ;                                ; monociclo:DUT|registerfile:regfile_u0|regfile~152, ;
;                                                   ;                                ; monociclo:DUT|registerfile:regfile_u0|regfile~148, ;
;                                                   ;                                ; monociclo:DUT|registerfile:regfile_u0|regfile~136, ;
;                                                   ;                                ; monociclo:DUT|registerfile:regfile_u0|regfile~133, ;
;                                                   ;                                ; monociclo:DUT|registerfile:regfile_u0|regfile~129, ;
;                                                   ;                                ; monociclo:DUT|registerfile:regfile_u0|regfile~128, ;
;                                                   ;                                ; monociclo:DUT|registerfile:regfile_u0|regfile~560, ;
;                                                   ;                                ; monociclo:DUT|registerfile:regfile_u0|regfile~575, ;
;                                                   ;                                ; monociclo:DUT|registerfile:regfile_u0|regfile~574, ;
;                                                   ;                                ; monociclo:DUT|registerfile:regfile_u0|regfile~573, ;
;                                                   ;                                ; monociclo:DUT|registerfile:regfile_u0|regfile~572, ;
;                                                   ;                                ; monociclo:DUT|registerfile:regfile_u0|regfile~571, ;
;                                                   ;                                ; monociclo:DUT|registerfile:regfile_u0|regfile~570, ;
;                                                   ;                                ; monociclo:DUT|registerfile:regfile_u0|regfile~569, ;
;                                                   ;                                ; monociclo:DUT|registerfile:regfile_u0|regfile~568, ;
;                                                   ;                                ; monociclo:DUT|registerfile:regfile_u0|regfile~564, ;
;                                                   ;                                ; monociclo:DUT|registerfile:regfile_u0|regfile~552, ;
;                                                   ;                                ; monociclo:DUT|registerfile:regfile_u0|regfile~549, ;
;                                                   ;                                ; monociclo:DUT|registerfile:regfile_u0|regfile~545, ;
;                                                   ;                                ; monociclo:DUT|registerfile:regfile_u0|regfile~544, ;
;                                                   ;                                ; monociclo:DUT|registerfile:regfile_u0|regfile~48,  ;
;                                                   ;                                ; monociclo:DUT|registerfile:regfile_u0|regfile~63,  ;
;                                                   ;                                ; monociclo:DUT|registerfile:regfile_u0|regfile~62,  ;
;                                                   ;                                ; monociclo:DUT|registerfile:regfile_u0|regfile~61,  ;
;                                                   ;                                ; monociclo:DUT|registerfile:regfile_u0|regfile~60,  ;
;                                                   ;                                ; monociclo:DUT|registerfile:regfile_u0|regfile~59,  ;
;                                                   ;                                ; monociclo:DUT|registerfile:regfile_u0|regfile~58,  ;
;                                                   ;                                ; monociclo:DUT|registerfile:regfile_u0|regfile~57,  ;
;                                                   ;                                ; monociclo:DUT|registerfile:regfile_u0|regfile~56,  ;
;                                                   ;                                ; monociclo:DUT|registerfile:regfile_u0|regfile~52,  ;
;                                                   ;                                ; monociclo:DUT|registerfile:regfile_u0|regfile~40,  ;
;                                                   ;                                ; monociclo:DUT|registerfile:regfile_u0|regfile~37,  ;
;                                                   ;                                ; monociclo:DUT|registerfile:regfile_u0|regfile~33,  ;
;                                                   ;                                ; monociclo:DUT|registerfile:regfile_u0|regfile~32,  ;
;                                                   ;                                ; monociclo:DUT|registerfile:regfile_u0|regfile~528, ;
;                                                   ;                                ; monociclo:DUT|registerfile:regfile_u0|regfile~543, ;
;                                                   ;                                ; monociclo:DUT|registerfile:regfile_u0|regfile~542, ;
;                                                   ;                                ; monociclo:DUT|registerfile:regfile_u0|regfile~541, ;
;                                                   ;                                ; monociclo:DUT|registerfile:regfile_u0|regfile~540, ;
;                                                   ;                                ; monociclo:DUT|registerfile:regfile_u0|regfile~539, ;
;                                                   ;                                ; monociclo:DUT|registerfile:regfile_u0|regfile~538, ;
;                                                   ;                                ; monociclo:DUT|registerfile:regfile_u0|regfile~537, ;
;                                                   ;                                ; monociclo:DUT|registerfile:regfile_u0|regfile~536, ;
;                                                   ;                                ; monociclo:DUT|registerfile:regfile_u0|regfile~532, ;
;                                                   ;                                ; monociclo:DUT|registerfile:regfile_u0|regfile~520, ;
;                                                   ;                                ; monociclo:DUT|registerfile:regfile_u0|regfile~517, ;
;                                                   ;                                ; monociclo:DUT|registerfile:regfile_u0|regfile~513, ;
;                                                   ;                                ; monociclo:DUT|registerfile:regfile_u0|regfile~512, ;
;                                                   ;                                ; monociclo:DUT|registerfile:regfile_u0|regfile~16,  ;
;                                                   ;                                ; monociclo:DUT|registerfile:regfile_u0|regfile~31,  ;
;                                                   ;                                ; monociclo:DUT|registerfile:regfile_u0|regfile~30,  ;
;                                                   ;                                ; monociclo:DUT|registerfile:regfile_u0|regfile~29,  ;
;                                                   ;                                ; monociclo:DUT|registerfile:regfile_u0|regfile~28,  ;
;                                                   ;                                ; monociclo:DUT|registerfile:regfile_u0|regfile~27,  ;
;                                                   ;                                ; monociclo:DUT|registerfile:regfile_u0|regfile~26,  ;
;                                                   ;                                ; monociclo:DUT|registerfile:regfile_u0|regfile~25,  ;
;                                                   ;                                ; monociclo:DUT|registerfile:regfile_u0|regfile~24,  ;
;                                                   ;                                ; monociclo:DUT|registerfile:regfile_u0|regfile~20,  ;
;                                                   ;                                ; monociclo:DUT|registerfile:regfile_u0|regfile~8,   ;
;                                                   ;                                ; monociclo:DUT|registerfile:regfile_u0|regfile~5,   ;
;                                                   ;                                ; monociclo:DUT|registerfile:regfile_u0|regfile~1,   ;
;                                                   ;                                ; monociclo:DUT|registerfile:regfile_u0|regfile~0    ;
; monociclo:DUT|registerfile:regfile_u0|regfile~388 ; Stuck at GND                   ; monociclo:DUT|registerfile:regfile_u0|regfile~431, ;
;                                                   ; due to stuck port clock_enable ; monociclo:DUT|registerfile:regfile_u0|regfile~429, ;
;                                                   ;                                ; monociclo:DUT|registerfile:regfile_u0|regfile~428, ;
;                                                   ;                                ; monociclo:DUT|registerfile:regfile_u0|regfile~430, ;
;                                                   ;                                ; monociclo:DUT|registerfile:regfile_u0|regfile~425, ;
;                                                   ;                                ; monociclo:DUT|registerfile:regfile_u0|regfile~463, ;
;                                                   ;                                ; monociclo:DUT|registerfile:regfile_u0|regfile~461, ;
;                                                   ;                                ; monociclo:DUT|registerfile:regfile_u0|regfile~460, ;
;                                                   ;                                ; monociclo:DUT|registerfile:regfile_u0|regfile~462, ;
;                                                   ;                                ; monociclo:DUT|registerfile:regfile_u0|regfile~457, ;
;                                                   ;                                ; monociclo:DUT|registerfile:regfile_u0|regfile~495, ;
;                                                   ;                                ; monociclo:DUT|registerfile:regfile_u0|regfile~493, ;
;                                                   ;                                ; monociclo:DUT|registerfile:regfile_u0|regfile~492, ;
;                                                   ;                                ; monociclo:DUT|registerfile:regfile_u0|regfile~494, ;
;                                                   ;                                ; monociclo:DUT|registerfile:regfile_u0|regfile~490, ;
;                                                   ;                                ; monociclo:DUT|registerfile:regfile_u0|regfile~489, ;
;                                                   ;                                ; monociclo:DUT|registerfile:regfile_u0|regfile~783, ;
;                                                   ;                                ; monociclo:DUT|registerfile:regfile_u0|regfile~781, ;
;                                                   ;                                ; monociclo:DUT|registerfile:regfile_u0|regfile~780, ;
;                                                   ;                                ; monociclo:DUT|registerfile:regfile_u0|regfile~782, ;
;                                                   ;                                ; monociclo:DUT|registerfile:regfile_u0|regfile~778, ;
;                                                   ;                                ; monociclo:DUT|registerfile:regfile_u0|regfile~777, ;
;                                                   ;                                ; monociclo:DUT|registerfile:regfile_u0|regfile~687, ;
;                                                   ;                                ; monociclo:DUT|registerfile:regfile_u0|regfile~685, ;
;                                                   ;                                ; monociclo:DUT|registerfile:regfile_u0|regfile~684, ;
;                                                   ;                                ; monociclo:DUT|registerfile:regfile_u0|regfile~686, ;
;                                                   ;                                ; monociclo:DUT|registerfile:regfile_u0|regfile~682, ;
;                                                   ;                                ; monociclo:DUT|registerfile:regfile_u0|regfile~681, ;
;                                                   ;                                ; monociclo:DUT|registerfile:regfile_u0|regfile~751, ;
;                                                   ;                                ; monociclo:DUT|registerfile:regfile_u0|regfile~749, ;
;                                                   ;                                ; monociclo:DUT|registerfile:regfile_u0|regfile~748, ;
;                                                   ;                                ; monociclo:DUT|registerfile:regfile_u0|regfile~750, ;
;                                                   ;                                ; monociclo:DUT|registerfile:regfile_u0|regfile~746, ;
;                                                   ;                                ; monociclo:DUT|registerfile:regfile_u0|regfile~745, ;
;                                                   ;                                ; monociclo:DUT|registerfile:regfile_u0|regfile~719, ;
;                                                   ;                                ; monociclo:DUT|registerfile:regfile_u0|regfile~717, ;
;                                                   ;                                ; monociclo:DUT|registerfile:regfile_u0|regfile~716, ;
;                                                   ;                                ; monociclo:DUT|registerfile:regfile_u0|regfile~718, ;
;                                                   ;                                ; monociclo:DUT|registerfile:regfile_u0|regfile~714, ;
;                                                   ;                                ; monociclo:DUT|registerfile:regfile_u0|regfile~713, ;
;                                                   ;                                ; monociclo:DUT|registerfile:regfile_u0|regfile~815, ;
;                                                   ;                                ; monociclo:DUT|registerfile:regfile_u0|regfile~813, ;
;                                                   ;                                ; monociclo:DUT|registerfile:regfile_u0|regfile~812, ;
;                                                   ;                                ; monociclo:DUT|registerfile:regfile_u0|regfile~814, ;
;                                                   ;                                ; monociclo:DUT|registerfile:regfile_u0|regfile~810, ;
;                                                   ;                                ; monociclo:DUT|registerfile:regfile_u0|regfile~809, ;
;                                                   ;                                ; monociclo:DUT|registerfile:regfile_u0|regfile~623, ;
;                                                   ;                                ; monociclo:DUT|registerfile:regfile_u0|regfile~621, ;
;                                                   ;                                ; monociclo:DUT|registerfile:regfile_u0|regfile~620, ;
;                                                   ;                                ; monociclo:DUT|registerfile:regfile_u0|regfile~622, ;
;                                                   ;                                ; monociclo:DUT|registerfile:regfile_u0|regfile~618, ;
;                                                   ;                                ; monociclo:DUT|registerfile:regfile_u0|regfile~617, ;
;                                                   ;                                ; monociclo:DUT|registerfile:regfile_u0|regfile~111, ;
;                                                   ;                                ; monociclo:DUT|registerfile:regfile_u0|regfile~109, ;
;                                                   ;                                ; monociclo:DUT|registerfile:regfile_u0|regfile~108, ;
;                                                   ;                                ; monociclo:DUT|registerfile:regfile_u0|regfile~110, ;
;                                                   ;                                ; monociclo:DUT|registerfile:regfile_u0|regfile~106, ;
;                                                   ;                                ; monociclo:DUT|registerfile:regfile_u0|regfile~105, ;
;                                                   ;                                ; monociclo:DUT|registerfile:regfile_u0|regfile~847, ;
;                                                   ;                                ; monociclo:DUT|registerfile:regfile_u0|regfile~845, ;
;                                                   ;                                ; monociclo:DUT|registerfile:regfile_u0|regfile~844, ;
;                                                   ;                                ; monociclo:DUT|registerfile:regfile_u0|regfile~846, ;
;                                                   ;                                ; monociclo:DUT|registerfile:regfile_u0|regfile~842, ;
;                                                   ;                                ; monociclo:DUT|registerfile:regfile_u0|regfile~841, ;
;                                                   ;                                ; monociclo:DUT|registerfile:regfile_u0|regfile~335, ;
;                                                   ;                                ; monociclo:DUT|registerfile:regfile_u0|regfile~333, ;
;                                                   ;                                ; monociclo:DUT|registerfile:regfile_u0|regfile~332, ;
;                                                   ;                                ; monociclo:DUT|registerfile:regfile_u0|regfile~334, ;
;                                                   ;                                ; monociclo:DUT|registerfile:regfile_u0|regfile~330, ;
;                                                   ;                                ; monociclo:DUT|registerfile:regfile_u0|regfile~329, ;
;                                                   ;                                ; monociclo:DUT|registerfile:regfile_u0|regfile~879, ;
;                                                   ;                                ; monociclo:DUT|registerfile:regfile_u0|regfile~877, ;
;                                                   ;                                ; monociclo:DUT|registerfile:regfile_u0|regfile~876, ;
;                                                   ;                                ; monociclo:DUT|registerfile:regfile_u0|regfile~878, ;
;                                                   ;                                ; monociclo:DUT|registerfile:regfile_u0|regfile~874, ;
;                                                   ;                                ; monociclo:DUT|registerfile:regfile_u0|regfile~873, ;
;                                                   ;                                ; monociclo:DUT|registerfile:regfile_u0|regfile~367, ;
;                                                   ;                                ; monociclo:DUT|registerfile:regfile_u0|regfile~365, ;
;                                                   ;                                ; monociclo:DUT|registerfile:regfile_u0|regfile~364, ;
;                                                   ;                                ; monociclo:DUT|registerfile:regfile_u0|regfile~366, ;
;                                                   ;                                ; monociclo:DUT|registerfile:regfile_u0|regfile~362, ;
;                                                   ;                                ; monociclo:DUT|registerfile:regfile_u0|regfile~361, ;
;                                                   ;                                ; monociclo:DUT|registerfile:regfile_u0|regfile~655, ;
;                                                   ;                                ; monociclo:DUT|registerfile:regfile_u0|regfile~653, ;
;                                                   ;                                ; monociclo:DUT|registerfile:regfile_u0|regfile~652, ;
;                                                   ;                                ; monociclo:DUT|registerfile:regfile_u0|regfile~654, ;
;                                                   ;                                ; monociclo:DUT|registerfile:regfile_u0|regfile~650, ;
;                                                   ;                                ; monociclo:DUT|registerfile:regfile_u0|regfile~649, ;
;                                                   ;                                ; monociclo:DUT|registerfile:regfile_u0|regfile~143, ;
;                                                   ;                                ; monociclo:DUT|registerfile:regfile_u0|regfile~141, ;
;                                                   ;                                ; monociclo:DUT|registerfile:regfile_u0|regfile~140, ;
;                                                   ;                                ; monociclo:DUT|registerfile:regfile_u0|regfile~142, ;
;                                                   ;                                ; monociclo:DUT|registerfile:regfile_u0|regfile~138, ;
;                                                   ;                                ; monociclo:DUT|registerfile:regfile_u0|regfile~137, ;
;                                                   ;                                ; monociclo:DUT|registerfile:regfile_u0|regfile~559, ;
;                                                   ;                                ; monociclo:DUT|registerfile:regfile_u0|regfile~557, ;
;                                                   ;                                ; monociclo:DUT|registerfile:regfile_u0|regfile~556, ;
;                                                   ;                                ; monociclo:DUT|registerfile:regfile_u0|regfile~558, ;
;                                                   ;                                ; monociclo:DUT|registerfile:regfile_u0|regfile~554, ;
;                                                   ;                                ; monociclo:DUT|registerfile:regfile_u0|regfile~553, ;
;                                                   ;                                ; monociclo:DUT|registerfile:regfile_u0|regfile~47,  ;
;                                                   ;                                ; monociclo:DUT|registerfile:regfile_u0|regfile~45,  ;
;                                                   ;                                ; monociclo:DUT|registerfile:regfile_u0|regfile~44,  ;
;                                                   ;                                ; monociclo:DUT|registerfile:regfile_u0|regfile~46,  ;
;                                                   ;                                ; monociclo:DUT|registerfile:regfile_u0|regfile~42,  ;
;                                                   ;                                ; monociclo:DUT|registerfile:regfile_u0|regfile~41,  ;
;                                                   ;                                ; monociclo:DUT|registerfile:regfile_u0|regfile~527, ;
;                                                   ;                                ; monociclo:DUT|registerfile:regfile_u0|regfile~525, ;
;                                                   ;                                ; monociclo:DUT|registerfile:regfile_u0|regfile~524, ;
;                                                   ;                                ; monociclo:DUT|registerfile:regfile_u0|regfile~526, ;
;                                                   ;                                ; monociclo:DUT|registerfile:regfile_u0|regfile~522, ;
;                                                   ;                                ; monociclo:DUT|registerfile:regfile_u0|regfile~521, ;
;                                                   ;                                ; monociclo:DUT|registerfile:regfile_u0|regfile~15,  ;
;                                                   ;                                ; monociclo:DUT|registerfile:regfile_u0|regfile~13,  ;
;                                                   ;                                ; monociclo:DUT|registerfile:regfile_u0|regfile~12,  ;
;                                                   ;                                ; monociclo:DUT|registerfile:regfile_u0|regfile~14,  ;
;                                                   ;                                ; monociclo:DUT|registerfile:regfile_u0|regfile~10,  ;
;                                                   ;                                ; monociclo:DUT|registerfile:regfile_u0|regfile~9    ;
; monociclo:DUT|registerfile:regfile_u0|regfile~420 ; Stuck at GND                   ; monociclo:DUT|registerfile:regfile_u0|regfile~418, ;
;                                                   ; due to stuck port clock_enable ; monociclo:DUT|registerfile:regfile_u0|regfile~465, ;
;                                                   ;                                ; monociclo:DUT|registerfile:regfile_u0|regfile~452, ;
;                                                   ;                                ; monociclo:DUT|registerfile:regfile_u0|regfile~450, ;
;                                                   ;                                ; monociclo:DUT|registerfile:regfile_u0|regfile~498, ;
;                                                   ;                                ; monociclo:DUT|registerfile:regfile_u0|regfile~497, ;
;                                                   ;                                ; monociclo:DUT|registerfile:regfile_u0|regfile~484, ;
;                                                   ;                                ; monociclo:DUT|registerfile:regfile_u0|regfile~482, ;
;                                                   ;                                ; monociclo:DUT|registerfile:regfile_u0|regfile~786, ;
;                                                   ;                                ; monociclo:DUT|registerfile:regfile_u0|regfile~785, ;
;                                                   ;                                ; monociclo:DUT|registerfile:regfile_u0|regfile~772, ;
;                                                   ;                                ; monociclo:DUT|registerfile:regfile_u0|regfile~770, ;
;                                                   ;                                ; monociclo:DUT|registerfile:regfile_u0|regfile~690, ;
;                                                   ;                                ; monociclo:DUT|registerfile:regfile_u0|regfile~689, ;
;                                                   ;                                ; monociclo:DUT|registerfile:regfile_u0|regfile~676, ;
;                                                   ;                                ; monociclo:DUT|registerfile:regfile_u0|regfile~674, ;
;                                                   ;                                ; monociclo:DUT|registerfile:regfile_u0|regfile~754, ;
;                                                   ;                                ; monociclo:DUT|registerfile:regfile_u0|regfile~753, ;
;                                                   ;                                ; monociclo:DUT|registerfile:regfile_u0|regfile~740, ;
;                                                   ;                                ; monociclo:DUT|registerfile:regfile_u0|regfile~738, ;
;                                                   ;                                ; monociclo:DUT|registerfile:regfile_u0|regfile~722, ;
;                                                   ;                                ; monociclo:DUT|registerfile:regfile_u0|regfile~721, ;
;                                                   ;                                ; monociclo:DUT|registerfile:regfile_u0|regfile~708, ;
;                                                   ;                                ; monociclo:DUT|registerfile:regfile_u0|regfile~706, ;
;                                                   ;                                ; monociclo:DUT|registerfile:regfile_u0|regfile~818, ;
;                                                   ;                                ; monociclo:DUT|registerfile:regfile_u0|regfile~817, ;
;                                                   ;                                ; monociclo:DUT|registerfile:regfile_u0|regfile~804, ;
;                                                   ;                                ; monociclo:DUT|registerfile:regfile_u0|regfile~802, ;
;                                                   ;                                ; monociclo:DUT|registerfile:regfile_u0|regfile~626, ;
;                                                   ;                                ; monociclo:DUT|registerfile:regfile_u0|regfile~625, ;
;                                                   ;                                ; monociclo:DUT|registerfile:regfile_u0|regfile~612, ;
;                                                   ;                                ; monociclo:DUT|registerfile:regfile_u0|regfile~610, ;
;                                                   ;                                ; monociclo:DUT|registerfile:regfile_u0|regfile~114, ;
;                                                   ;                                ; monociclo:DUT|registerfile:regfile_u0|regfile~113, ;
;                                                   ;                                ; monociclo:DUT|registerfile:regfile_u0|regfile~100, ;
;                                                   ;                                ; monociclo:DUT|registerfile:regfile_u0|regfile~98,  ;
;                                                   ;                                ; monociclo:DUT|registerfile:regfile_u0|regfile~850, ;
;                                                   ;                                ; monociclo:DUT|registerfile:regfile_u0|regfile~849, ;
;                                                   ;                                ; monociclo:DUT|registerfile:regfile_u0|regfile~836, ;
;                                                   ;                                ; monociclo:DUT|registerfile:regfile_u0|regfile~834, ;
;                                                   ;                                ; monociclo:DUT|registerfile:regfile_u0|regfile~338, ;
;                                                   ;                                ; monociclo:DUT|registerfile:regfile_u0|regfile~337, ;
;                                                   ;                                ; monociclo:DUT|registerfile:regfile_u0|regfile~324, ;
;                                                   ;                                ; monociclo:DUT|registerfile:regfile_u0|regfile~322, ;
;                                                   ;                                ; monociclo:DUT|registerfile:regfile_u0|regfile~882, ;
;                                                   ;                                ; monociclo:DUT|registerfile:regfile_u0|regfile~881, ;
;                                                   ;                                ; monociclo:DUT|registerfile:regfile_u0|regfile~868, ;
;                                                   ;                                ; monociclo:DUT|registerfile:regfile_u0|regfile~866, ;
;                                                   ;                                ; monociclo:DUT|registerfile:regfile_u0|regfile~370, ;
;                                                   ;                                ; monociclo:DUT|registerfile:regfile_u0|regfile~369, ;
;                                                   ;                                ; monociclo:DUT|registerfile:regfile_u0|regfile~356, ;
;                                                   ;                                ; monociclo:DUT|registerfile:regfile_u0|regfile~354, ;
;                                                   ;                                ; monociclo:DUT|registerfile:regfile_u0|regfile~658, ;
;                                                   ;                                ; monociclo:DUT|registerfile:regfile_u0|regfile~657, ;
;                                                   ;                                ; monociclo:DUT|registerfile:regfile_u0|regfile~644, ;
;                                                   ;                                ; monociclo:DUT|registerfile:regfile_u0|regfile~642, ;
;                                                   ;                                ; monociclo:DUT|registerfile:regfile_u0|regfile~146, ;
;                                                   ;                                ; monociclo:DUT|registerfile:regfile_u0|regfile~145, ;
;                                                   ;                                ; monociclo:DUT|registerfile:regfile_u0|regfile~132, ;
;                                                   ;                                ; monociclo:DUT|registerfile:regfile_u0|regfile~130, ;
;                                                   ;                                ; monociclo:DUT|registerfile:regfile_u0|regfile~562, ;
;                                                   ;                                ; monociclo:DUT|registerfile:regfile_u0|regfile~561, ;
;                                                   ;                                ; monociclo:DUT|registerfile:regfile_u0|regfile~548, ;
;                                                   ;                                ; monociclo:DUT|registerfile:regfile_u0|regfile~546, ;
;                                                   ;                                ; monociclo:DUT|registerfile:regfile_u0|regfile~50,  ;
;                                                   ;                                ; monociclo:DUT|registerfile:regfile_u0|regfile~49,  ;
;                                                   ;                                ; monociclo:DUT|registerfile:regfile_u0|regfile~36,  ;
;                                                   ;                                ; monociclo:DUT|registerfile:regfile_u0|regfile~34,  ;
;                                                   ;                                ; monociclo:DUT|registerfile:regfile_u0|regfile~530, ;
;                                                   ;                                ; monociclo:DUT|registerfile:regfile_u0|regfile~529, ;
;                                                   ;                                ; monociclo:DUT|registerfile:regfile_u0|regfile~516, ;
;                                                   ;                                ; monociclo:DUT|registerfile:regfile_u0|regfile~514, ;
;                                                   ;                                ; monociclo:DUT|registerfile:regfile_u0|regfile~18,  ;
;                                                   ;                                ; monociclo:DUT|registerfile:regfile_u0|regfile~17,  ;
;                                                   ;                                ; monociclo:DUT|registerfile:regfile_u0|regfile~4,   ;
;                                                   ;                                ; monociclo:DUT|registerfile:regfile_u0|regfile~2    ;
; monociclo:DUT|registerfile:regfile_u0|regfile~436 ; Stuck at GND                   ; monociclo:DUT|registerfile:regfile_u0|regfile~469, ;
;                                                   ; due to stuck port clock_enable ; monociclo:DUT|registerfile:regfile_u0|regfile~502, ;
;                                                   ;                                ; monociclo:DUT|registerfile:regfile_u0|regfile~501, ;
;                                                   ;                                ; monociclo:DUT|registerfile:regfile_u0|regfile~790, ;
;                                                   ;                                ; monociclo:DUT|registerfile:regfile_u0|regfile~789, ;
;                                                   ;                                ; monociclo:DUT|registerfile:regfile_u0|regfile~694, ;
;                                                   ;                                ; monociclo:DUT|registerfile:regfile_u0|regfile~693, ;
;                                                   ;                                ; monociclo:DUT|registerfile:regfile_u0|regfile~758, ;
;                                                   ;                                ; monociclo:DUT|registerfile:regfile_u0|regfile~757, ;
;                                                   ;                                ; monociclo:DUT|registerfile:regfile_u0|regfile~726, ;
;                                                   ;                                ; monociclo:DUT|registerfile:regfile_u0|regfile~725, ;
;                                                   ;                                ; monociclo:DUT|registerfile:regfile_u0|regfile~822, ;
;                                                   ;                                ; monociclo:DUT|registerfile:regfile_u0|regfile~821, ;
;                                                   ;                                ; monociclo:DUT|registerfile:regfile_u0|regfile~630, ;
;                                                   ;                                ; monociclo:DUT|registerfile:regfile_u0|regfile~629, ;
;                                                   ;                                ; monociclo:DUT|registerfile:regfile_u0|regfile~118, ;
;                                                   ;                                ; monociclo:DUT|registerfile:regfile_u0|regfile~117, ;
;                                                   ;                                ; monociclo:DUT|registerfile:regfile_u0|regfile~854, ;
;                                                   ;                                ; monociclo:DUT|registerfile:regfile_u0|regfile~853, ;
;                                                   ;                                ; monociclo:DUT|registerfile:regfile_u0|regfile~342, ;
;                                                   ;                                ; monociclo:DUT|registerfile:regfile_u0|regfile~341, ;
;                                                   ;                                ; monociclo:DUT|registerfile:regfile_u0|regfile~886, ;
;                                                   ;                                ; monociclo:DUT|registerfile:regfile_u0|regfile~885, ;
;                                                   ;                                ; monociclo:DUT|registerfile:regfile_u0|regfile~374, ;
;                                                   ;                                ; monociclo:DUT|registerfile:regfile_u0|regfile~373, ;
;                                                   ;                                ; monociclo:DUT|registerfile:regfile_u0|regfile~662, ;
;                                                   ;                                ; monociclo:DUT|registerfile:regfile_u0|regfile~661, ;
;                                                   ;                                ; monociclo:DUT|registerfile:regfile_u0|regfile~150, ;
;                                                   ;                                ; monociclo:DUT|registerfile:regfile_u0|regfile~149, ;
;                                                   ;                                ; monociclo:DUT|registerfile:regfile_u0|regfile~566, ;
;                                                   ;                                ; monociclo:DUT|registerfile:regfile_u0|regfile~565, ;
;                                                   ;                                ; monociclo:DUT|registerfile:regfile_u0|regfile~54,  ;
;                                                   ;                                ; monociclo:DUT|registerfile:regfile_u0|regfile~53,  ;
;                                                   ;                                ; monociclo:DUT|registerfile:regfile_u0|regfile~534, ;
;                                                   ;                                ; monociclo:DUT|registerfile:regfile_u0|regfile~533, ;
;                                                   ;                                ; monociclo:DUT|registerfile:regfile_u0|regfile~22,  ;
;                                                   ;                                ; monociclo:DUT|registerfile:regfile_u0|regfile~21   ;
; monociclo:DUT|registerfile:regfile_u0|regfile~399 ; Stuck at GND                   ; monociclo:DUT|registerfile:regfile_u0|regfile~391, ;
;                                                   ; due to stuck port clock_enable ; monociclo:DUT|registerfile:regfile_u0|regfile~423, ;
;                                                   ;                                ; monociclo:DUT|registerfile:regfile_u0|regfile~455, ;
;                                                   ;                                ; monociclo:DUT|registerfile:regfile_u0|regfile~487, ;
;                                                   ;                                ; monociclo:DUT|registerfile:regfile_u0|regfile~775, ;
;                                                   ;                                ; monociclo:DUT|registerfile:regfile_u0|regfile~679, ;
;                                                   ;                                ; monociclo:DUT|registerfile:regfile_u0|regfile~743, ;
;                                                   ;                                ; monociclo:DUT|registerfile:regfile_u0|regfile~711, ;
;                                                   ;                                ; monociclo:DUT|registerfile:regfile_u0|regfile~807, ;
;                                                   ;                                ; monociclo:DUT|registerfile:regfile_u0|regfile~615, ;
;                                                   ;                                ; monociclo:DUT|registerfile:regfile_u0|regfile~103, ;
;                                                   ;                                ; monociclo:DUT|registerfile:regfile_u0|regfile~839, ;
;                                                   ;                                ; monociclo:DUT|registerfile:regfile_u0|regfile~327, ;
;                                                   ;                                ; monociclo:DUT|registerfile:regfile_u0|regfile~871, ;
;                                                   ;                                ; monociclo:DUT|registerfile:regfile_u0|regfile~359, ;
;                                                   ;                                ; monociclo:DUT|registerfile:regfile_u0|regfile~647, ;
;                                                   ;                                ; monociclo:DUT|registerfile:regfile_u0|regfile~135, ;
;                                                   ;                                ; monociclo:DUT|registerfile:regfile_u0|regfile~551, ;
;                                                   ;                                ; monociclo:DUT|registerfile:regfile_u0|regfile~39,  ;
;                                                   ;                                ; monociclo:DUT|registerfile:regfile_u0|regfile~519, ;
;                                                   ;                                ; monociclo:DUT|registerfile:regfile_u0|regfile~7    ;
; monociclo:DUT|registerfile:regfile_u0|regfile~434 ; Stuck at GND                   ; monociclo:DUT|registerfile:regfile_u0|regfile~467, ;
;                                                   ; due to stuck port clock_enable ; monociclo:DUT|registerfile:regfile_u0|regfile~499, ;
;                                                   ;                                ; monociclo:DUT|registerfile:regfile_u0|regfile~787, ;
;                                                   ;                                ; monociclo:DUT|registerfile:regfile_u0|regfile~691, ;
;                                                   ;                                ; monociclo:DUT|registerfile:regfile_u0|regfile~755, ;
;                                                   ;                                ; monociclo:DUT|registerfile:regfile_u0|regfile~723, ;
;                                                   ;                                ; monociclo:DUT|registerfile:regfile_u0|regfile~819, ;
;                                                   ;                                ; monociclo:DUT|registerfile:regfile_u0|regfile~627, ;
;                                                   ;                                ; monociclo:DUT|registerfile:regfile_u0|regfile~115, ;
;                                                   ;                                ; monociclo:DUT|registerfile:regfile_u0|regfile~851, ;
;                                                   ;                                ; monociclo:DUT|registerfile:regfile_u0|regfile~339, ;
;                                                   ;                                ; monociclo:DUT|registerfile:regfile_u0|regfile~883, ;
;                                                   ;                                ; monociclo:DUT|registerfile:regfile_u0|regfile~371, ;
;                                                   ;                                ; monociclo:DUT|registerfile:regfile_u0|regfile~659, ;
;                                                   ;                                ; monociclo:DUT|registerfile:regfile_u0|regfile~147, ;
;                                                   ;                                ; monociclo:DUT|registerfile:regfile_u0|regfile~563, ;
;                                                   ;                                ; monociclo:DUT|registerfile:regfile_u0|regfile~51,  ;
;                                                   ;                                ; monociclo:DUT|registerfile:regfile_u0|regfile~531, ;
;                                                   ;                                ; monociclo:DUT|registerfile:regfile_u0|regfile~19   ;
; monociclo:DUT|registerfile:regfile_u0|regfile~438 ; Stuck at GND                   ; monociclo:DUT|registerfile:regfile_u0|regfile~471, ;
;                                                   ; due to stuck port clock_enable ; monociclo:DUT|registerfile:regfile_u0|regfile~503, ;
;                                                   ;                                ; monociclo:DUT|registerfile:regfile_u0|regfile~791, ;
;                                                   ;                                ; monociclo:DUT|registerfile:regfile_u0|regfile~695, ;
;                                                   ;                                ; monociclo:DUT|registerfile:regfile_u0|regfile~759, ;
;                                                   ;                                ; monociclo:DUT|registerfile:regfile_u0|regfile~727, ;
;                                                   ;                                ; monociclo:DUT|registerfile:regfile_u0|regfile~823, ;
;                                                   ;                                ; monociclo:DUT|registerfile:regfile_u0|regfile~631, ;
;                                                   ;                                ; monociclo:DUT|registerfile:regfile_u0|regfile~119, ;
;                                                   ;                                ; monociclo:DUT|registerfile:regfile_u0|regfile~855, ;
;                                                   ;                                ; monociclo:DUT|registerfile:regfile_u0|regfile~343, ;
;                                                   ;                                ; monociclo:DUT|registerfile:regfile_u0|regfile~887, ;
;                                                   ;                                ; monociclo:DUT|registerfile:regfile_u0|regfile~375, ;
;                                                   ;                                ; monociclo:DUT|registerfile:regfile_u0|regfile~663, ;
;                                                   ;                                ; monociclo:DUT|registerfile:regfile_u0|regfile~151, ;
;                                                   ;                                ; monociclo:DUT|registerfile:regfile_u0|regfile~567, ;
;                                                   ;                                ; monociclo:DUT|registerfile:regfile_u0|regfile~55,  ;
;                                                   ;                                ; monociclo:DUT|registerfile:regfile_u0|regfile~535, ;
;                                                   ;                                ; monociclo:DUT|registerfile:regfile_u0|regfile~23   ;
; monociclo:DUT|registerfile:regfile_u0|regfile~426 ; Stuck at GND                   ; monociclo:DUT|registerfile:regfile_u0|regfile~459, ;
;                                                   ; due to stuck port clock_enable ; monociclo:DUT|registerfile:regfile_u0|regfile~491, ;
;                                                   ;                                ; monociclo:DUT|registerfile:regfile_u0|regfile~779, ;
;                                                   ;                                ; monociclo:DUT|registerfile:regfile_u0|regfile~683, ;
;                                                   ;                                ; monociclo:DUT|registerfile:regfile_u0|regfile~747, ;
;                                                   ;                                ; monociclo:DUT|registerfile:regfile_u0|regfile~715, ;
;                                                   ;                                ; monociclo:DUT|registerfile:regfile_u0|regfile~811, ;
;                                                   ;                                ; monociclo:DUT|registerfile:regfile_u0|regfile~619, ;
;                                                   ;                                ; monociclo:DUT|registerfile:regfile_u0|regfile~107, ;
;                                                   ;                                ; monociclo:DUT|registerfile:regfile_u0|regfile~843, ;
;                                                   ;                                ; monociclo:DUT|registerfile:regfile_u0|regfile~331, ;
;                                                   ;                                ; monociclo:DUT|registerfile:regfile_u0|regfile~875, ;
;                                                   ;                                ; monociclo:DUT|registerfile:regfile_u0|regfile~363, ;
;                                                   ;                                ; monociclo:DUT|registerfile:regfile_u0|regfile~651, ;
;                                                   ;                                ; monociclo:DUT|registerfile:regfile_u0|regfile~139, ;
;                                                   ;                                ; monociclo:DUT|registerfile:regfile_u0|regfile~555, ;
;                                                   ;                                ; monociclo:DUT|registerfile:regfile_u0|regfile~43,  ;
;                                                   ;                                ; monociclo:DUT|registerfile:regfile_u0|regfile~523, ;
;                                                   ;                                ; monociclo:DUT|registerfile:regfile_u0|regfile~11   ;
+---------------------------------------------------+--------------------------------+----------------------------------------------------+


+------------------------------------------------------+
; General Register Statistics                          ;
+----------------------------------------------+-------+
; Statistic                                    ; Value ;
+----------------------------------------------+-------+
; Total registers                              ; 1384  ;
; Number of registers using Synchronous Clear  ; 0     ;
; Number of registers using Synchronous Load   ; 5     ;
; Number of registers using Asynchronous Clear ; 40    ;
; Number of registers using Asynchronous Load  ; 0     ;
; Number of registers using Clock Enable       ; 1346  ;
; Number of registers using Preset             ; 0     ;
+----------------------------------------------+-------+


+--------------------------------------------------+
; Inverted Register Statistics                     ;
+----------------------------------------+---------+
; Inverted Register                      ; Fan out ;
+----------------------------------------+---------+
; divisor50mhz:div50_u0|clk1hz_o         ; 1352    ;
; Total number of inverted registers = 1 ;         ;
+----------------------------------------+---------+


+------------------------------------------------------------------------------------------------------------------------------------------------------------------------------------------------------------+
; Multiplexer Restructuring Statistics (Restructuring Performed)                                                                                                                                             ;
+--------------------+-----------+---------------+----------------------+------------------------+------------+----------------------------------------------------------------------------------------------+
; Multiplexer Inputs ; Bus Width ; Baseline Area ; Area if Restructured ; Saving if Restructured ; Registered ; Example Multiplexer Output                                                                   ;
+--------------------+-----------+---------------+----------------------+------------------------+------------+----------------------------------------------------------------------------------------------+
; 3:1                ; 5 bits    ; 10 LEs        ; 10 LEs               ; 0 LEs                  ; No         ; |monociclo_fpga|monociclo:DUT|wb_dato_o[4]                                                   ;
; 8:1                ; 32 bits   ; 160 LEs       ; 96 LEs               ; 64 LEs                 ; No         ; |monociclo_fpga|monociclo:DUT|AluFinal:AluFinal_u0|aluN:execute_u0|alu:alutag[29].alu_N|Mux0 ;
; 32:1               ; 4 bits    ; 84 LEs        ; 8 LEs                ; 76 LEs                 ; No         ; |monociclo_fpga|monociclo:DUT|sign_extension:signext_u0|Selector9                            ;
; 6:1                ; 7 bits    ; 28 LEs        ; 21 LEs               ; 7 LEs                  ; No         ; |monociclo_fpga|monociclo:DUT|sign_extension:signext_u0|Selector3                            ;
; 23:1               ; 3 bits    ; 45 LEs        ; 18 LEs               ; 27 LEs                 ; No         ; |monociclo_fpga|monociclo:DUT|AluFinal:AluFinal_u0|salmux_o[5]                               ;
; 24:1               ; 8 bits    ; 128 LEs       ; 48 LEs               ; 80 LEs                 ; No         ; |monociclo_fpga|monociclo:DUT|wb_dato_o[17]                                                  ;
; 24:1               ; 8 bits    ; 128 LEs       ; 48 LEs               ; 80 LEs                 ; No         ; |monociclo_fpga|monociclo:DUT|wb_dato_o[10]                                                  ;
; 24:1               ; 2 bits    ; 32 LEs        ; 12 LEs               ; 20 LEs                 ; No         ; |monociclo_fpga|monociclo:DUT|AluFinal:AluFinal_u0|salmux_o[3]                               ;
; 25:1               ; 4 bits    ; 64 LEs        ; 28 LEs               ; 36 LEs                 ; No         ; |monociclo_fpga|monociclo:DUT|wb_dato_o[24]                                                  ;
; 26:1               ; 2 bits    ; 34 LEs        ; 14 LEs               ; 20 LEs                 ; No         ; |monociclo_fpga|monociclo:DUT|wb_dato_o[28]                                                  ;
; 27:1               ; 2 bits    ; 36 LEs        ; 16 LEs               ; 20 LEs                 ; No         ; |monociclo_fpga|monociclo:DUT|wb_dato_o[31]                                                  ;
+--------------------+-----------+---------------+----------------------+------------------------+------------+----------------------------------------------------------------------------------------------+


+-------------------------------------------------------------------------------------------------+
; Parameter Settings for User Entity Instance: monociclo:DUT|AluFinal:AluFinal_u0|aluN:execute_u0 ;
+----------------+-------+------------------------------------------------------------------------+
; Parameter Name ; Value ; Type                                                                   ;
+----------------+-------+------------------------------------------------------------------------+
; N              ; 32    ; Signed Integer                                                         ;
+----------------+-------+------------------------------------------------------------------------+
Note: In order to hide this table in the UI and the text report file, please set the "Show Parameter Settings in Synthesis Report" option in "Analysis and Synthesis Settings -> More Settings" to "Off".


+-----------------------------------------------------------------------------------------------------+
; Port Connectivity Checks: "monociclo:DUT|AluFinal:AluFinal_u0|aluN:execute_u0|alu:alutag[31].alu_N" ;
+-------+-------+----------+--------------------------------------------------------------------------+
; Port  ; Type  ; Severity ; Details                                                                  ;
+-------+-------+----------+--------------------------------------------------------------------------+
; set_i ; Input ; Info     ; Stuck at GND                                                             ;
+-------+-------+----------+--------------------------------------------------------------------------+


+-----------------------------------------------------------------------------------------------------+
; Port Connectivity Checks: "monociclo:DUT|AluFinal:AluFinal_u0|aluN:execute_u0|alu:alutag[30].alu_N" ;
+-------+-------+----------+--------------------------------------------------------------------------+
; Port  ; Type  ; Severity ; Details                                                                  ;
+-------+-------+----------+--------------------------------------------------------------------------+
; set_i ; Input ; Info     ; Stuck at GND                                                             ;
+-------+-------+----------+--------------------------------------------------------------------------+


+-----------------------------------------------------------------------------------------------------+
; Port Connectivity Checks: "monociclo:DUT|AluFinal:AluFinal_u0|aluN:execute_u0|alu:alutag[29].alu_N" ;
+-------+-------+----------+--------------------------------------------------------------------------+
; Port  ; Type  ; Severity ; Details                                                                  ;
+-------+-------+----------+--------------------------------------------------------------------------+
; set_i ; Input ; Info     ; Stuck at GND                                                             ;
+-------+-------+----------+--------------------------------------------------------------------------+


+-----------------------------------------------------------------------------------------------------+
; Port Connectivity Checks: "monociclo:DUT|AluFinal:AluFinal_u0|aluN:execute_u0|alu:alutag[28].alu_N" ;
+-------+-------+----------+--------------------------------------------------------------------------+
; Port  ; Type  ; Severity ; Details                                                                  ;
+-------+-------+----------+--------------------------------------------------------------------------+
; set_i ; Input ; Info     ; Stuck at GND                                                             ;
+-------+-------+----------+--------------------------------------------------------------------------+


+-----------------------------------------------------------------------------------------------------+
; Port Connectivity Checks: "monociclo:DUT|AluFinal:AluFinal_u0|aluN:execute_u0|alu:alutag[27].alu_N" ;
+-------+-------+----------+--------------------------------------------------------------------------+
; Port  ; Type  ; Severity ; Details                                                                  ;
+-------+-------+----------+--------------------------------------------------------------------------+
; set_i ; Input ; Info     ; Stuck at GND                                                             ;
+-------+-------+----------+--------------------------------------------------------------------------+


+-----------------------------------------------------------------------------------------------------+
; Port Connectivity Checks: "monociclo:DUT|AluFinal:AluFinal_u0|aluN:execute_u0|alu:alutag[26].alu_N" ;
+-------+-------+----------+--------------------------------------------------------------------------+
; Port  ; Type  ; Severity ; Details                                                                  ;
+-------+-------+----------+--------------------------------------------------------------------------+
; set_i ; Input ; Info     ; Stuck at GND                                                             ;
+-------+-------+----------+--------------------------------------------------------------------------+


+-----------------------------------------------------------------------------------------------------+
; Port Connectivity Checks: "monociclo:DUT|AluFinal:AluFinal_u0|aluN:execute_u0|alu:alutag[25].alu_N" ;
+-------+-------+----------+--------------------------------------------------------------------------+
; Port  ; Type  ; Severity ; Details                                                                  ;
+-------+-------+----------+--------------------------------------------------------------------------+
; set_i ; Input ; Info     ; Stuck at GND                                                             ;
+-------+-------+----------+--------------------------------------------------------------------------+


+-----------------------------------------------------------------------------------------------------+
; Port Connectivity Checks: "monociclo:DUT|AluFinal:AluFinal_u0|aluN:execute_u0|alu:alutag[24].alu_N" ;
+-------+-------+----------+--------------------------------------------------------------------------+
; Port  ; Type  ; Severity ; Details                                                                  ;
+-------+-------+----------+--------------------------------------------------------------------------+
; set_i ; Input ; Info     ; Stuck at GND                                                             ;
+-------+-------+----------+--------------------------------------------------------------------------+


+-----------------------------------------------------------------------------------------------------+
; Port Connectivity Checks: "monociclo:DUT|AluFinal:AluFinal_u0|aluN:execute_u0|alu:alutag[23].alu_N" ;
+-------+-------+----------+--------------------------------------------------------------------------+
; Port  ; Type  ; Severity ; Details                                                                  ;
+-------+-------+----------+--------------------------------------------------------------------------+
; set_i ; Input ; Info     ; Stuck at GND                                                             ;
+-------+-------+----------+--------------------------------------------------------------------------+


+-----------------------------------------------------------------------------------------------------+
; Port Connectivity Checks: "monociclo:DUT|AluFinal:AluFinal_u0|aluN:execute_u0|alu:alutag[22].alu_N" ;
+-------+-------+----------+--------------------------------------------------------------------------+
; Port  ; Type  ; Severity ; Details                                                                  ;
+-------+-------+----------+--------------------------------------------------------------------------+
; set_i ; Input ; Info     ; Stuck at GND                                                             ;
+-------+-------+----------+--------------------------------------------------------------------------+


+-----------------------------------------------------------------------------------------------------+
; Port Connectivity Checks: "monociclo:DUT|AluFinal:AluFinal_u0|aluN:execute_u0|alu:alutag[21].alu_N" ;
+-------+-------+----------+--------------------------------------------------------------------------+
; Port  ; Type  ; Severity ; Details                                                                  ;
+-------+-------+----------+--------------------------------------------------------------------------+
; set_i ; Input ; Info     ; Stuck at GND                                                             ;
+-------+-------+----------+--------------------------------------------------------------------------+


+-----------------------------------------------------------------------------------------------------+
; Port Connectivity Checks: "monociclo:DUT|AluFinal:AluFinal_u0|aluN:execute_u0|alu:alutag[20].alu_N" ;
+-------+-------+----------+--------------------------------------------------------------------------+
; Port  ; Type  ; Severity ; Details                                                                  ;
+-------+-------+----------+--------------------------------------------------------------------------+
; set_i ; Input ; Info     ; Stuck at GND                                                             ;
+-------+-------+----------+--------------------------------------------------------------------------+


+-----------------------------------------------------------------------------------------------------+
; Port Connectivity Checks: "monociclo:DUT|AluFinal:AluFinal_u0|aluN:execute_u0|alu:alutag[19].alu_N" ;
+-------+-------+----------+--------------------------------------------------------------------------+
; Port  ; Type  ; Severity ; Details                                                                  ;
+-------+-------+----------+--------------------------------------------------------------------------+
; set_i ; Input ; Info     ; Stuck at GND                                                             ;
+-------+-------+----------+--------------------------------------------------------------------------+


+-----------------------------------------------------------------------------------------------------+
; Port Connectivity Checks: "monociclo:DUT|AluFinal:AluFinal_u0|aluN:execute_u0|alu:alutag[18].alu_N" ;
+-------+-------+----------+--------------------------------------------------------------------------+
; Port  ; Type  ; Severity ; Details                                                                  ;
+-------+-------+----------+--------------------------------------------------------------------------+
; set_i ; Input ; Info     ; Stuck at GND                                                             ;
+-------+-------+----------+--------------------------------------------------------------------------+


+-----------------------------------------------------------------------------------------------------+
; Port Connectivity Checks: "monociclo:DUT|AluFinal:AluFinal_u0|aluN:execute_u0|alu:alutag[17].alu_N" ;
+-------+-------+----------+--------------------------------------------------------------------------+
; Port  ; Type  ; Severity ; Details                                                                  ;
+-------+-------+----------+--------------------------------------------------------------------------+
; set_i ; Input ; Info     ; Stuck at GND                                                             ;
+-------+-------+----------+--------------------------------------------------------------------------+


+-----------------------------------------------------------------------------------------------------+
; Port Connectivity Checks: "monociclo:DUT|AluFinal:AluFinal_u0|aluN:execute_u0|alu:alutag[16].alu_N" ;
+-------+-------+----------+--------------------------------------------------------------------------+
; Port  ; Type  ; Severity ; Details                                                                  ;
+-------+-------+----------+--------------------------------------------------------------------------+
; set_i ; Input ; Info     ; Stuck at GND                                                             ;
+-------+-------+----------+--------------------------------------------------------------------------+


+-----------------------------------------------------------------------------------------------------+
; Port Connectivity Checks: "monociclo:DUT|AluFinal:AluFinal_u0|aluN:execute_u0|alu:alutag[15].alu_N" ;
+-------+-------+----------+--------------------------------------------------------------------------+
; Port  ; Type  ; Severity ; Details                                                                  ;
+-------+-------+----------+--------------------------------------------------------------------------+
; set_i ; Input ; Info     ; Stuck at GND                                                             ;
+-------+-------+----------+--------------------------------------------------------------------------+


+-----------------------------------------------------------------------------------------------------+
; Port Connectivity Checks: "monociclo:DUT|AluFinal:AluFinal_u0|aluN:execute_u0|alu:alutag[14].alu_N" ;
+-------+-------+----------+--------------------------------------------------------------------------+
; Port  ; Type  ; Severity ; Details                                                                  ;
+-------+-------+----------+--------------------------------------------------------------------------+
; set_i ; Input ; Info     ; Stuck at GND                                                             ;
+-------+-------+----------+--------------------------------------------------------------------------+


+-----------------------------------------------------------------------------------------------------+
; Port Connectivity Checks: "monociclo:DUT|AluFinal:AluFinal_u0|aluN:execute_u0|alu:alutag[13].alu_N" ;
+-------+-------+----------+--------------------------------------------------------------------------+
; Port  ; Type  ; Severity ; Details                                                                  ;
+-------+-------+----------+--------------------------------------------------------------------------+
; set_i ; Input ; Info     ; Stuck at GND                                                             ;
+-------+-------+----------+--------------------------------------------------------------------------+


+-----------------------------------------------------------------------------------------------------+
; Port Connectivity Checks: "monociclo:DUT|AluFinal:AluFinal_u0|aluN:execute_u0|alu:alutag[12].alu_N" ;
+-------+-------+----------+--------------------------------------------------------------------------+
; Port  ; Type  ; Severity ; Details                                                                  ;
+-------+-------+----------+--------------------------------------------------------------------------+
; set_i ; Input ; Info     ; Stuck at GND                                                             ;
+-------+-------+----------+--------------------------------------------------------------------------+


+-----------------------------------------------------------------------------------------------------+
; Port Connectivity Checks: "monociclo:DUT|AluFinal:AluFinal_u0|aluN:execute_u0|alu:alutag[11].alu_N" ;
+-------+-------+----------+--------------------------------------------------------------------------+
; Port  ; Type  ; Severity ; Details                                                                  ;
+-------+-------+----------+--------------------------------------------------------------------------+
; set_i ; Input ; Info     ; Stuck at GND                                                             ;
+-------+-------+----------+--------------------------------------------------------------------------+


+-----------------------------------------------------------------------------------------------------+
; Port Connectivity Checks: "monociclo:DUT|AluFinal:AluFinal_u0|aluN:execute_u0|alu:alutag[10].alu_N" ;
+-------+-------+----------+--------------------------------------------------------------------------+
; Port  ; Type  ; Severity ; Details                                                                  ;
+-------+-------+----------+--------------------------------------------------------------------------+
; set_i ; Input ; Info     ; Stuck at GND                                                             ;
+-------+-------+----------+--------------------------------------------------------------------------+


+----------------------------------------------------------------------------------------------------+
; Port Connectivity Checks: "monociclo:DUT|AluFinal:AluFinal_u0|aluN:execute_u0|alu:alutag[9].alu_N" ;
+-------+-------+----------+-------------------------------------------------------------------------+
; Port  ; Type  ; Severity ; Details                                                                 ;
+-------+-------+----------+-------------------------------------------------------------------------+
; set_i ; Input ; Info     ; Stuck at GND                                                            ;
+-------+-------+----------+-------------------------------------------------------------------------+


+----------------------------------------------------------------------------------------------------+
; Port Connectivity Checks: "monociclo:DUT|AluFinal:AluFinal_u0|aluN:execute_u0|alu:alutag[8].alu_N" ;
+-------+-------+----------+-------------------------------------------------------------------------+
; Port  ; Type  ; Severity ; Details                                                                 ;
+-------+-------+----------+-------------------------------------------------------------------------+
; set_i ; Input ; Info     ; Stuck at GND                                                            ;
+-------+-------+----------+-------------------------------------------------------------------------+


+----------------------------------------------------------------------------------------------------+
; Port Connectivity Checks: "monociclo:DUT|AluFinal:AluFinal_u0|aluN:execute_u0|alu:alutag[7].alu_N" ;
+-------+-------+----------+-------------------------------------------------------------------------+
; Port  ; Type  ; Severity ; Details                                                                 ;
+-------+-------+----------+-------------------------------------------------------------------------+
; set_i ; Input ; Info     ; Stuck at GND                                                            ;
+-------+-------+----------+-------------------------------------------------------------------------+


+----------------------------------------------------------------------------------------------------+
; Port Connectivity Checks: "monociclo:DUT|AluFinal:AluFinal_u0|aluN:execute_u0|alu:alutag[6].alu_N" ;
+-------+-------+----------+-------------------------------------------------------------------------+
; Port  ; Type  ; Severity ; Details                                                                 ;
+-------+-------+----------+-------------------------------------------------------------------------+
; set_i ; Input ; Info     ; Stuck at GND                                                            ;
+-------+-------+----------+-------------------------------------------------------------------------+


+----------------------------------------------------------------------------------------------------+
; Port Connectivity Checks: "monociclo:DUT|AluFinal:AluFinal_u0|aluN:execute_u0|alu:alutag[5].alu_N" ;
+-------+-------+----------+-------------------------------------------------------------------------+
; Port  ; Type  ; Severity ; Details                                                                 ;
+-------+-------+----------+-------------------------------------------------------------------------+
; set_i ; Input ; Info     ; Stuck at GND                                                            ;
+-------+-------+----------+-------------------------------------------------------------------------+


+----------------------------------------------------------------------------------------------------+
; Port Connectivity Checks: "monociclo:DUT|AluFinal:AluFinal_u0|aluN:execute_u0|alu:alutag[4].alu_N" ;
+-------+-------+----------+-------------------------------------------------------------------------+
; Port  ; Type  ; Severity ; Details                                                                 ;
+-------+-------+----------+-------------------------------------------------------------------------+
; set_i ; Input ; Info     ; Stuck at GND                                                            ;
+-------+-------+----------+-------------------------------------------------------------------------+


+----------------------------------------------------------------------------------------------------+
; Port Connectivity Checks: "monociclo:DUT|AluFinal:AluFinal_u0|aluN:execute_u0|alu:alutag[3].alu_N" ;
+-------+-------+----------+-------------------------------------------------------------------------+
; Port  ; Type  ; Severity ; Details                                                                 ;
+-------+-------+----------+-------------------------------------------------------------------------+
; set_i ; Input ; Info     ; Stuck at GND                                                            ;
+-------+-------+----------+-------------------------------------------------------------------------+


+----------------------------------------------------------------------------------------------------+
; Port Connectivity Checks: "monociclo:DUT|AluFinal:AluFinal_u0|aluN:execute_u0|alu:alutag[2].alu_N" ;
+-------+-------+----------+-------------------------------------------------------------------------+
; Port  ; Type  ; Severity ; Details                                                                 ;
+-------+-------+----------+-------------------------------------------------------------------------+
; set_i ; Input ; Info     ; Stuck at GND                                                            ;
+-------+-------+----------+-------------------------------------------------------------------------+


+----------------------------------------------------------------------------------------------------+
; Port Connectivity Checks: "monociclo:DUT|AluFinal:AluFinal_u0|aluN:execute_u0|alu:alutag[1].alu_N" ;
+-------+-------+----------+-------------------------------------------------------------------------+
; Port  ; Type  ; Severity ; Details                                                                 ;
+-------+-------+----------+-------------------------------------------------------------------------+
; set_i ; Input ; Info     ; Stuck at GND                                                            ;
+-------+-------+----------+-------------------------------------------------------------------------+


+----------------------------------------------------------------------------------------------------------------+
; Port Connectivity Checks: "monociclo:DUT|AluFinal:AluFinal_u0"                                                 ;
+------+--------+----------+-------------------------------------------------------------------------------------+
; Port ; Type   ; Severity ; Details                                                                             ;
+------+--------+----------+-------------------------------------------------------------------------------------+
; c_o  ; Output ; Info     ; Connected to dangling logic. Logic that only feeds a dangling port will be removed. ;
+------+--------+----------+-------------------------------------------------------------------------------------+


+-----------------------------------------------------+
; Post-Synthesis Netlist Statistics for Top Partition ;
+-----------------------+-----------------------------+
; Type                  ; Count                       ;
+-----------------------+-----------------------------+
; boundary_port         ; 58                          ;
; cycloneiii_ff         ; 1384                        ;
;     CLR               ; 33                          ;
;     CLR SLD           ; 5                           ;
;     ENA               ; 1344                        ;
;     ENA CLR           ; 2                           ;
; cycloneiii_lcell_comb ; 2382                        ;
;     arith             ; 41                          ;
;         2 data inputs ; 35                          ;
;         3 data inputs ; 6                           ;
;     normal            ; 2341                        ;
;         1 data inputs ; 10                          ;
;         2 data inputs ; 138                         ;
;         3 data inputs ; 473                         ;
;         4 data inputs ; 1720                        ;
;                       ;                             ;
; Max LUT depth         ; 45.00                       ;
; Average LUT depth     ; 21.42                       ;
+-----------------------+-----------------------------+


+-------------------------------+
; Elapsed Time Per Partition    ;
+----------------+--------------+
; Partition Name ; Elapsed Time ;
+----------------+--------------+
; Top            ; 00:00:14     ;
+----------------+--------------+


+-------------------------------+
; Analysis & Synthesis Messages ;
+-------------------------------+
Info: *******************************************************************
Info: Running Quartus Prime Analysis & Synthesis
    Info: Version 23.1std.0 Build 991 11/28/2023 SC Lite Edition
    Info: Processing started: Wed Jan 10 19:32:28 2024
Info: Command: quartus_map --read_settings_files=on --write_settings_files=off monociclo -c monociclo
Warning (18236): Number of processors has not been specified which may cause overloading on shared machines.  Set the global assignment NUM_PARALLEL_PROCESSORS in your QSF to an appropriate value for best performance.
Info (20030): Parallel compilation is enabled and will use 12 of the 12 processors detected
Info (12021): Found 2 design units, including 2 entities, in source file alu/sumador/fulladder.v
    Info (12023): Found entity 1: fulladder File: D:/practicasArqui/ultima alu/monociclo_fpga/alu/sumador/fulladder.v Line: 1
    Info (12023): Found entity 2: fulladder_tb File: D:/practicasArqui/ultima alu/monociclo_fpga/alu/sumador/fulladder.v Line: 26
Info (12021): Found 1 design units, including 1 entities, in source file alu/alun.v
    Info (12023): Found entity 1: aluN File: D:/practicasArqui/ultima alu/monociclo_fpga/alu/aluN.v Line: 1
Info (12021): Found 1 design units, including 1 entities, in source file alu/alu.v
    Info (12023): Found entity 1: alu File: D:/practicasArqui/ultima alu/monociclo_fpga/alu/alu.v Line: 1
Info (12021): Found 1 design units, including 1 entities, in source file fpga/disp7segs.v
    Info (12023): Found entity 1: disp7segs File: D:/practicasArqui/ultima alu/monociclo_fpga/fpga/disp7segs.v Line: 1
Info (12021): Found 2 design units, including 2 entities, in source file monociclo.v
    Info (12023): Found entity 1: monociclo File: D:/practicasArqui/ultima alu/monociclo_fpga/monociclo.v Line: 1
    Info (12023): Found entity 2: monocliclo_tb File: D:/practicasArqui/ultima alu/monociclo_fpga/monociclo.v Line: 192
Info (12021): Found 1 design units, including 1 entities, in source file chache/ichache.v
    Info (12023): Found entity 1: icache File: D:/practicasArqui/ultima alu/monociclo_fpga/chache/ichache.v Line: 1
Info (12021): Found 1 design units, including 1 entities, in source file monociclo_fpga.v
    Info (12023): Found entity 1: monociclo_fpga File: D:/practicasArqui/ultima alu/monociclo_fpga/monociclo_fpga.v Line: 1
Info (12021): Found 1 design units, including 1 entities, in source file fpga/divisor50mhz.v
    Info (12023): Found entity 1: divisor50mhz File: D:/practicasArqui/ultima alu/monociclo_fpga/fpga/divisor50mhz.v Line: 1
Info (12021): Found 1 design units, including 1 entities, in source file decode/decode.v
    Info (12023): Found entity 1: decode File: D:/practicasArqui/ultima alu/monociclo_fpga/decode/decode.v Line: 1
Info (12021): Found 1 design units, including 1 entities, in source file regfile/registerfile.v
    Info (12023): Found entity 1: registerfile File: D:/practicasArqui/ultima alu/monociclo_fpga/regfile/registerfile.v Line: 1
Info (12021): Found 1 design units, including 1 entities, in source file sign/signext.v
    Info (12023): Found entity 1: sign_extension File: D:/practicasArqui/ultima alu/monociclo_fpga/sign/signext.v Line: 1
Warning (12090): Entity "mux" obtained from "mux/multiplexor.v" instead of from Quartus Prime megafunction library File: D:/practicasArqui/ultima alu/monociclo_fpga/mux/multiplexor.v Line: 1
Info (12021): Found 1 design units, including 1 entities, in source file mux/multiplexor.v
    Info (12023): Found entity 1: mux File: D:/practicasArqui/ultima alu/monociclo_fpga/mux/multiplexor.v Line: 1
Info (12021): Found 1 design units, including 1 entities, in source file dcache/dcache.v
    Info (12023): Found entity 1: dcache File: D:/practicasArqui/ultima alu/monociclo_fpga/dcache/dcache.v Line: 1
Info (12021): Found 1 design units, including 1 entities, in source file alu/flagdetector.v
    Info (12023): Found entity 1: flagdetector File: D:/practicasArqui/ultima alu/monociclo_fpga/alu/flagdetector.v Line: 1
Info (12021): Found 1 design units, including 1 entities, in source file aluctrl/aluctrl.v
    Info (12023): Found entity 1: aluctrl File: D:/practicasArqui/ultima alu/monociclo_fpga/aluctrl/aluctrl.v Line: 1
Info (12021): Found 1 design units, including 1 entities, in source file aluctrl/aluctrl_fpga.v
    Info (12023): Found entity 1: aluctrl_fpga File: D:/practicasArqui/ultima alu/monociclo_fpga/aluctrl/aluctrl_fpga.v Line: 1
Info (12021): Found 1 design units, including 1 entities, in source file alu/aluchikita.v
    Info (12023): Found entity 1: AluChikita File: D:/practicasArqui/ultima alu/monociclo_fpga/alu/AluChikita.v Line: 1
Info (12021): Found 1 design units, including 1 entities, in source file alu/alufinal.v
    Info (12023): Found entity 1: AluFinal File: D:/practicasArqui/ultima alu/monociclo_fpga/alu/AluFinal.v Line: 1
Info (12021): Found 1 design units, including 1 entities, in source file alu/muxalu.v
    Info (12023): Found entity 1: muxAlu File: D:/practicasArqui/ultima alu/monociclo_fpga/alu/muxAlu.v Line: 1
Warning (10236): Verilog HDL Implicit Net warning at aluN.v(60): created implicit net for "set_i" File: D:/practicasArqui/ultima alu/monociclo_fpga/alu/aluN.v Line: 60
Info (12127): Elaborating entity "monociclo_fpga" for the top level hierarchy
Info (12128): Elaborating entity "divisor50mhz" for hierarchy "divisor50mhz:div50_u0" File: D:/practicasArqui/ultima alu/monociclo_fpga/monociclo_fpga.v Line: 27
Info (12128): Elaborating entity "monociclo" for hierarchy "monociclo:DUT" File: D:/practicasArqui/ultima alu/monociclo_fpga/monociclo_fpga.v Line: 34
Info (12128): Elaborating entity "icache" for hierarchy "monociclo:DUT|icache:icache_u0" File: D:/practicasArqui/ultima alu/monociclo_fpga/monociclo.v Line: 63
Warning (10850): Verilog HDL warning at ichache.v(9): number of words (30) in memory file does not match the number of elements in the address range [0:31] File: D:/practicasArqui/ultima alu/monociclo_fpga/chache/ichache.v Line: 9
Warning (10030): Net "memory.data_a" at ichache.v(6) has no driver or initial value, using a default initial value '0' File: D:/practicasArqui/ultima alu/monociclo_fpga/chache/ichache.v Line: 6
Warning (10030): Net "memory.waddr_a" at ichache.v(6) has no driver or initial value, using a default initial value '0' File: D:/practicasArqui/ultima alu/monociclo_fpga/chache/ichache.v Line: 6
Warning (10030): Net "memory.we_a" at ichache.v(6) has no driver or initial value, using a default initial value '0' File: D:/practicasArqui/ultima alu/monociclo_fpga/chache/ichache.v Line: 6
Info (12128): Elaborating entity "decode" for hierarchy "monociclo:DUT|decode:decode_u0" File: D:/practicasArqui/ultima alu/monociclo_fpga/monociclo.v Line: 81
Info (12128): Elaborating entity "registerfile" for hierarchy "monociclo:DUT|registerfile:regfile_u0" File: D:/practicasArqui/ultima alu/monociclo_fpga/monociclo.v Line: 97
Info (12128): Elaborating entity "sign_extension" for hierarchy "monociclo:DUT|sign_extension:signext_u0" File: D:/practicasArqui/ultima alu/monociclo_fpga/monociclo.v Line: 107
Info (12128): Elaborating entity "aluctrl" for hierarchy "monociclo:DUT|aluctrl:aluctrl_u0" File: D:/practicasArqui/ultima alu/monociclo_fpga/monociclo.v Line: 132
Warning (10270): Verilog HDL Case Statement warning at aluctrl.v(15): incomplete case statement has no default case item File: D:/practicasArqui/ultima alu/monociclo_fpga/aluctrl/aluctrl.v Line: 15
Warning (10270): Verilog HDL Case Statement warning at aluctrl.v(48): incomplete case statement has no default case item File: D:/practicasArqui/ultima alu/monociclo_fpga/aluctrl/aluctrl.v Line: 48
Warning (10270): Verilog HDL Case Statement warning at aluctrl.v(90): incomplete case statement has no default case item File: D:/practicasArqui/ultima alu/monociclo_fpga/aluctrl/aluctrl.v Line: 90
Warning (10240): Verilog HDL Always Construct warning at aluctrl.v(12): inferring latch(es) for variable "aluoperacion_o", which holds its previous value in one or more paths through the always construct File: D:/practicasArqui/ultima alu/monociclo_fpga/aluctrl/aluctrl.v Line: 12
Warning (10240): Verilog HDL Always Construct warning at aluctrl.v(12): inferring latch(es) for variable "brctrl_o", which holds its previous value in one or more paths through the always construct File: D:/practicasArqui/ultima alu/monociclo_fpga/aluctrl/aluctrl.v Line: 12
Info (10041): Inferred latch for "brctrl_o[0]" at aluctrl.v(12) File: D:/practicasArqui/ultima alu/monociclo_fpga/aluctrl/aluctrl.v Line: 12
Info (10041): Inferred latch for "brctrl_o[1]" at aluctrl.v(12) File: D:/practicasArqui/ultima alu/monociclo_fpga/aluctrl/aluctrl.v Line: 12
Info (10041): Inferred latch for "brctrl_o[2]" at aluctrl.v(12) File: D:/practicasArqui/ultima alu/monociclo_fpga/aluctrl/aluctrl.v Line: 12
Info (10041): Inferred latch for "aluoperacion_o[0]" at aluctrl.v(12) File: D:/practicasArqui/ultima alu/monociclo_fpga/aluctrl/aluctrl.v Line: 12
Info (10041): Inferred latch for "aluoperacion_o[1]" at aluctrl.v(12) File: D:/practicasArqui/ultima alu/monociclo_fpga/aluctrl/aluctrl.v Line: 12
Info (10041): Inferred latch for "aluoperacion_o[2]" at aluctrl.v(12) File: D:/practicasArqui/ultima alu/monociclo_fpga/aluctrl/aluctrl.v Line: 12
Info (10041): Inferred latch for "aluoperacion_o[3]" at aluctrl.v(12) File: D:/practicasArqui/ultima alu/monociclo_fpga/aluctrl/aluctrl.v Line: 12
Info (12128): Elaborating entity "AluFinal" for hierarchy "monociclo:DUT|AluFinal:AluFinal_u0" File: D:/practicasArqui/ultima alu/monociclo_fpga/monociclo.v Line: 156
Info (12128): Elaborating entity "aluN" for hierarchy "monociclo:DUT|AluFinal:AluFinal_u0|aluN:execute_u0" File: D:/practicasArqui/ultima alu/monociclo_fpga/alu/AluFinal.v Line: 27
Info (12128): Elaborating entity "alu" for hierarchy "monociclo:DUT|AluFinal:AluFinal_u0|aluN:execute_u0|alu:alutag[0].alu_N" File: D:/practicasArqui/ultima alu/monociclo_fpga/alu/aluN.v Line: 36
Info (12128): Elaborating entity "fulladder" for hierarchy "monociclo:DUT|AluFinal:AluFinal_u0|aluN:execute_u0|alu:alutag[0].alu_N|fulladder:fa" File: D:/practicasArqui/ultima alu/monociclo_fpga/alu/alu.v Line: 31
Info (12128): Elaborating entity "flagdetector" for hierarchy "monociclo:DUT|AluFinal:AluFinal_u0|aluN:execute_u0|flagdetector:flagdetector_u0" File: D:/practicasArqui/ultima alu/monociclo_fpga/alu/aluN.v Line: 63
Warning (10270): Verilog HDL Case Statement warning at flagdetector.v(15): incomplete case statement has no default case item File: D:/practicasArqui/ultima alu/monociclo_fpga/alu/flagdetector.v Line: 15
Warning (10240): Verilog HDL Always Construct warning at flagdetector.v(14): inferring latch(es) for variable "brflag_o", which holds its previous value in one or more paths through the always construct File: D:/practicasArqui/ultima alu/monociclo_fpga/alu/flagdetector.v Line: 14
Info (10041): Inferred latch for "brflag_o" at flagdetector.v(48) File: D:/practicasArqui/ultima alu/monociclo_fpga/alu/flagdetector.v Line: 48
Info (12128): Elaborating entity "AluChikita" for hierarchy "monociclo:DUT|AluFinal:AluFinal_u0|AluChikita:AluChikita_u0" File: D:/practicasArqui/ultima alu/monociclo_fpga/alu/AluFinal.v Line: 35
Info (12128): Elaborating entity "dcache" for hierarchy "monociclo:DUT|dcache:dcache_u0" File: D:/practicasArqui/ultima alu/monociclo_fpga/monociclo.v Line: 170
Info (12128): Elaborating entity "disp7segs" for hierarchy "disp7segs:disp_0" File: D:/practicasArqui/ultima alu/monociclo_fpga/monociclo_fpga.v Line: 41
Info (276014): Found 2 instances of uninferred RAM logic
    Info (276007): RAM logic "monociclo:DUT|dcache:dcache_u0|datacache" is uninferred due to asynchronous read logic File: D:/practicasArqui/ultima alu/monociclo_fpga/dcache/dcache.v Line: 11
    Info (276007): RAM logic "monociclo:DUT|registerfile:regfile_u0|regfile" is uninferred due to asynchronous read logic File: D:/practicasArqui/ultima alu/monociclo_fpga/regfile/registerfile.v Line: 12
Warning (127007): Memory Initialization File or Hexadecimal (Intel-Format) File "D:/practicasArqui/ultima alu/monociclo_fpga/db/monociclo.ram0_icache_ff572994.hdl.mif" contains "don't care" values -- overwriting them with 0s
Warning (127007): Memory Initialization File or Hexadecimal (Intel-Format) File "D:/practicasArqui/ultima alu/monociclo_fpga/db/monociclo.ram0_registerfile_e17e90b4.hdl.mif" contains "don't care" values -- overwriting them with 0s
Warning (13012): Latch monociclo:DUT|aluctrl:aluctrl_u0|aluoperacion_o[2] has unsafe behavior File: D:/practicasArqui/ultima alu/monociclo_fpga/aluctrl/aluctrl.v Line: 12
    Warning (13013): Ports D and ENA on the latch are fed by the same signal monociclo:DUT|pc_w[2] File: D:/practicasArqui/ultima alu/monociclo_fpga/monociclo.v Line: 55
Warning (13012): Latch monociclo:DUT|aluctrl:aluctrl_u0|aluoperacion_o[0] has unsafe behavior File: D:/practicasArqui/ultima alu/monociclo_fpga/aluctrl/aluctrl.v Line: 12
    Warning (13013): Ports D and ENA on the latch are fed by the same signal monociclo:DUT|pc_w[6] File: D:/practicasArqui/ultima alu/monociclo_fpga/monociclo.v Line: 55
Warning (13012): Latch monociclo:DUT|aluctrl:aluctrl_u0|aluoperacion_o[1] has unsafe behavior File: D:/practicasArqui/ultima alu/monociclo_fpga/aluctrl/aluctrl.v Line: 12
    Warning (13013): Ports D and ENA on the latch are fed by the same signal monociclo:DUT|pc_w[6] File: D:/practicasArqui/ultima alu/monociclo_fpga/monociclo.v Line: 55
Warning (13012): Latch monociclo:DUT|aluctrl:aluctrl_u0|aluoperacion_o[3] has unsafe behavior File: D:/practicasArqui/ultima alu/monociclo_fpga/aluctrl/aluctrl.v Line: 12
    Warning (13013): Ports D and ENA on the latch are fed by the same signal monociclo:DUT|pc_w[6] File: D:/practicasArqui/ultima alu/monociclo_fpga/monociclo.v Line: 55
Warning (13012): Latch monociclo:DUT|aluctrl:aluctrl_u0|brctrl_o[0] has unsafe behavior File: D:/practicasArqui/ultima alu/monociclo_fpga/aluctrl/aluctrl.v Line: 12
    Warning (13013): Ports D and ENA on the latch are fed by the same signal monociclo:DUT|pc_w[6] File: D:/practicasArqui/ultima alu/monociclo_fpga/monociclo.v Line: 55
Info (13000): Registers with preset signals will power-up high File: D:/practicasArqui/ultima alu/monociclo_fpga/fpga/divisor50mhz.v Line: 6
Info (13003): DEV_CLRn pin will set, and not reset, register with preset signal due to NOT Gate Push-Back
Info (286030): Timing-Driven Synthesis is running
Warning (14026): LATCH primitive "monociclo:DUT|aluctrl:aluctrl_u0|aluoperacion_o[1]" is permanently enabled File: D:/practicasArqui/ultima alu/monociclo_fpga/aluctrl/aluctrl.v Line: 12
Warning (14026): LATCH primitive "monociclo:DUT|aluctrl:aluctrl_u0|aluoperacion_o[3]" is permanently enabled File: D:/practicasArqui/ultima alu/monociclo_fpga/aluctrl/aluctrl.v Line: 12
Warning (14026): LATCH primitive "monociclo:DUT|aluctrl:aluctrl_u0|aluoperacion_o[0]" is permanently enabled File: D:/practicasArqui/ultima alu/monociclo_fpga/aluctrl/aluctrl.v Line: 12
Warning (14026): LATCH primitive "monociclo:DUT|aluctrl:aluctrl_u0|aluoperacion_o[2]" is permanently enabled File: D:/practicasArqui/ultima alu/monociclo_fpga/aluctrl/aluctrl.v Line: 12
Info (17049): 25 registers lost all their fanouts during netlist optimizations.
Info (16010): Generating hard_block partition "hard_block:auto_generated_inst"
    Info (16011): Adding 0 node(s), including 0 DDIO, 0 PLL, 0 transceiver and 0 LCELL
Info (21057): Implemented 3776 device resources after synthesis - the final resource count might be different
    Info (21058): Implemented 2 input pins
    Info (21059): Implemented 56 output pins
    Info (21061): Implemented 3718 logic cells
Info: Quartus Prime Analysis & Synthesis was successful. 0 errors, 30 warnings
    Info: Peak virtual memory: 4848 megabytes
    Info: Processing ended: Wed Jan 10 19:32:56 2024
    Info: Elapsed time: 00:00:28
    Info: Total CPU time (on all processors): 00:00:45


