Timing Analyzer report for monociclo
Wed Jan 10 19:34:10 2024
Quartus Prime Version 23.1std.0 Build 991 11/28/2023 SC Lite Edition


---------------------
; Table of Contents ;
---------------------
  1. Legal Notice
  2. Timing Analyzer Summary
  3. Parallel Compilation
  4. Clocks
  5. Slow 1200mV 85C Model Fmax Summary
  6. Timing Closure Recommendations
  7. Slow 1200mV 85C Model Setup Summary
  8. Slow 1200mV 85C Model Hold Summary
  9. Slow 1200mV 85C Model Recovery Summary
 10. Slow 1200mV 85C Model Removal Summary
 11. Slow 1200mV 85C Model Minimum Pulse Width Summary
 12. Slow 1200mV 85C Model Setup: 'divisor50mhz:div50_u0|clk1hz_o'
 13. Slow 1200mV 85C Model Setup: 'clk_i'
 14. Slow 1200mV 85C Model Setup: 'monociclo:DUT|pc_w[2]'
 15. Slow 1200mV 85C Model Hold: 'monociclo:DUT|pc_w[2]'
 16. Slow 1200mV 85C Model Hold: 'divisor50mhz:div50_u0|clk1hz_o'
 17. Slow 1200mV 85C Model Hold: 'clk_i'
 18. Slow 1200mV 85C Model Metastability Summary
 19. Slow 1200mV 0C Model Fmax Summary
 20. Slow 1200mV 0C Model Setup Summary
 21. Slow 1200mV 0C Model Hold Summary
 22. Slow 1200mV 0C Model Recovery Summary
 23. Slow 1200mV 0C Model Removal Summary
 24. Slow 1200mV 0C Model Minimum Pulse Width Summary
 25. Slow 1200mV 0C Model Setup: 'divisor50mhz:div50_u0|clk1hz_o'
 26. Slow 1200mV 0C Model Setup: 'clk_i'
 27. Slow 1200mV 0C Model Setup: 'monociclo:DUT|pc_w[2]'
 28. Slow 1200mV 0C Model Hold: 'monociclo:DUT|pc_w[2]'
 29. Slow 1200mV 0C Model Hold: 'divisor50mhz:div50_u0|clk1hz_o'
 30. Slow 1200mV 0C Model Hold: 'clk_i'
 31. Slow 1200mV 0C Model Metastability Summary
 32. Fast 1200mV 0C Model Setup Summary
 33. Fast 1200mV 0C Model Hold Summary
 34. Fast 1200mV 0C Model Recovery Summary
 35. Fast 1200mV 0C Model Removal Summary
 36. Fast 1200mV 0C Model Minimum Pulse Width Summary
 37. Fast 1200mV 0C Model Setup: 'divisor50mhz:div50_u0|clk1hz_o'
 38. Fast 1200mV 0C Model Setup: 'clk_i'
 39. Fast 1200mV 0C Model Setup: 'monociclo:DUT|pc_w[2]'
 40. Fast 1200mV 0C Model Hold: 'monociclo:DUT|pc_w[2]'
 41. Fast 1200mV 0C Model Hold: 'divisor50mhz:div50_u0|clk1hz_o'
 42. Fast 1200mV 0C Model Hold: 'clk_i'
 43. Fast 1200mV 0C Model Metastability Summary
 44. Multicorner Timing Analysis Summary
 45. Board Trace Model Assignments
 46. Input Transition Times
 47. Signal Integrity Metrics (Slow 1200mv 0c Model)
 48. Signal Integrity Metrics (Slow 1200mv 85c Model)
 49. Signal Integrity Metrics (Fast 1200mv 0c Model)
 50. Setup Transfers
 51. Hold Transfers
 52. Report TCCS
 53. Report RSKM
 54. Unconstrained Paths Summary
 55. Clock Status Summary
 56. Unconstrained Input Ports
 57. Unconstrained Output Ports
 58. Unconstrained Input Ports
 59. Unconstrained Output Ports
 60. Timing Analyzer Messages



----------------
; Legal Notice ;
----------------
Copyright (C) 2023  Intel Corporation. All rights reserved.
Your use of Intel Corporation's design tools, logic functions 
and other software and tools, and any partner logic 
functions, and any output files from any of the foregoing 
(including device programming or simulation files), and any 
associated documentation or information are expressly subject 
to the terms and conditions of the Intel Program License 
Subscription Agreement, the Intel Quartus Prime License Agreement,
the Intel FPGA IP License Agreement, or other applicable license
agreement, including, without limitation, that your use is for
the sole purpose of programming logic devices manufactured by
Intel and sold by Intel or its authorized distributors.  Please
refer to the applicable agreement for further details, at
https://fpgasoftware.intel.com/eula.



+--------------------------------------------------------------------------------+
; Timing Analyzer Summary                                                        ;
+-----------------------+--------------------------------------------------------+
; Quartus Prime Version ; Version 23.1std.0 Build 991 11/28/2023 SC Lite Edition ;
; Timing Analyzer       ; Legacy Timing Analyzer                                 ;
; Revision Name         ; monociclo                                              ;
; Device Family         ; Cyclone IV E                                           ;
; Device Name           ; EP4CE115F29C7                                          ;
; Timing Models         ; Final                                                  ;
; Delay Model           ; Combined                                               ;
; Rise/Fall Delays      ; Enabled                                                ;
+-----------------------+--------------------------------------------------------+


+------------------------------------------+
; Parallel Compilation                     ;
+----------------------------+-------------+
; Processors                 ; Number      ;
+----------------------------+-------------+
; Number detected on machine ; 12          ;
; Maximum allowed            ; 12          ;
;                            ;             ;
; Average used               ; 2.38        ;
; Maximum used               ; 12          ;
;                            ;             ;
; Usage by Processor         ; % Time Used ;
;     Processor 1            ; 100.0%      ;
;     Processor 2            ;  42.1%      ;
;     Processor 3            ;  41.0%      ;
;     Processor 4            ;  40.1%      ;
;     Processors 5-12        ;   1.9%      ;
+----------------------------+-------------+


+--------------------------------------------------------------------------------------------------------------------------------------------------------------------------------------------------------------------------------+
; Clocks                                                                                                                                                                                                                         ;
+--------------------------------+------+--------+------------+-------+-------+------------+-----------+-------------+-------+--------+-----------+------------+----------+--------+--------+------------------------------------+
; Clock Name                     ; Type ; Period ; Frequency  ; Rise  ; Fall  ; Duty Cycle ; Divide by ; Multiply by ; Phase ; Offset ; Edge List ; Edge Shift ; Inverted ; Master ; Source ; Targets                            ;
+--------------------------------+------+--------+------------+-------+-------+------------+-----------+-------------+-------+--------+-----------+------------+----------+--------+--------+------------------------------------+
; clk_i                          ; Base ; 1.000  ; 1000.0 MHz ; 0.000 ; 0.500 ;            ;           ;             ;       ;        ;           ;            ;          ;        ;        ; { clk_i }                          ;
; divisor50mhz:div50_u0|clk1hz_o ; Base ; 1.000  ; 1000.0 MHz ; 0.000 ; 0.500 ;            ;           ;             ;       ;        ;           ;            ;          ;        ;        ; { divisor50mhz:div50_u0|clk1hz_o } ;
; monociclo:DUT|pc_w[2]          ; Base ; 1.000  ; 1000.0 MHz ; 0.000 ; 0.500 ;            ;           ;             ;       ;        ;           ;            ;          ;        ;        ; { monociclo:DUT|pc_w[2] }          ;
+--------------------------------+------+--------+------------+-------+-------+------------+-----------+-------------+-------+--------+-----------+------------+----------+--------+--------+------------------------------------+


+----------------------------------------------------------------------+
; Slow 1200mV 85C Model Fmax Summary                                   ;
+------------+-----------------+--------------------------------+------+
; Fmax       ; Restricted Fmax ; Clock Name                     ; Note ;
+------------+-----------------+--------------------------------+------+
; 43.52 MHz  ; 43.52 MHz       ; divisor50mhz:div50_u0|clk1hz_o ;      ;
; 192.05 MHz ; 192.05 MHz      ; clk_i                          ;      ;
; 442.87 MHz ; 442.87 MHz      ; monociclo:DUT|pc_w[2]          ;      ;
+------------+-----------------+--------------------------------+------+
This panel reports FMAX for every clock in the design, regardless of the user-specified clock periods.  FMAX is only computed for paths where the source and destination registers or ports are driven by the same clock.  Paths of different clocks, including generated clocks, are ignored.  For paths between a clock and its inversion, FMAX is computed as if the rising and falling edges are scaled along with FMAX, such that the duty cycle (in terms of a percentage) is maintained. Altera recommends that you always use clock constraints and other slack reports for sign-off analysis.


----------------------------------
; Timing Closure Recommendations ;
----------------------------------
HTML report is unavailable in plain text report export.


+----------------------------------------------------------+
; Slow 1200mV 85C Model Setup Summary                      ;
+--------------------------------+---------+---------------+
; Clock                          ; Slack   ; End Point TNS ;
+--------------------------------+---------+---------------+
; divisor50mhz:div50_u0|clk1hz_o ; -21.976 ; -21510.555    ;
; clk_i                          ; -4.207  ; -68.434       ;
; monociclo:DUT|pc_w[2]          ; -2.998  ; -2.998        ;
+--------------------------------+---------+---------------+


+--------------------------------------------------------+
; Slow 1200mV 85C Model Hold Summary                     ;
+--------------------------------+-------+---------------+
; Clock                          ; Slack ; End Point TNS ;
+--------------------------------+-------+---------------+
; monociclo:DUT|pc_w[2]          ; 0.117 ; 0.000         ;
; divisor50mhz:div50_u0|clk1hz_o ; 0.636 ; 0.000         ;
; clk_i                          ; 0.654 ; 0.000         ;
+--------------------------------+-------+---------------+


------------------------------------------
; Slow 1200mV 85C Model Recovery Summary ;
------------------------------------------
No paths to report.


-----------------------------------------
; Slow 1200mV 85C Model Removal Summary ;
-----------------------------------------
No paths to report.


+---------------------------------------------------------+
; Slow 1200mV 85C Model Minimum Pulse Width Summary       ;
+--------------------------------+--------+---------------+
; Clock                          ; Slack  ; End Point TNS ;
+--------------------------------+--------+---------------+
; clk_i                          ; -3.000 ; -45.405       ;
; divisor50mhz:div50_u0|clk1hz_o ; -1.285 ; -1736.035     ;
; monociclo:DUT|pc_w[2]          ; 0.359  ; 0.000         ;
+--------------------------------+--------+---------------+


+-----------------------------------------------------------------------------------------------------------------------------------------------------------------------------------------------------------------------------+
; Slow 1200mV 85C Model Setup: 'divisor50mhz:div50_u0|clk1hz_o'                                                                                                                                                               ;
+---------+---------------------------------------------------+----------------------------------------------------+--------------------------------+--------------------------------+--------------+------------+------------+
; Slack   ; From Node                                         ; To Node                                            ; Launch Clock                   ; Latch Clock                    ; Relationship ; Clock Skew ; Data Delay ;
+---------+---------------------------------------------------+----------------------------------------------------+--------------------------------+--------------------------------+--------------+------------+------------+
; -21.976 ; monociclo:DUT|pc_w[3]                             ; monociclo:DUT|pc_w[6]                              ; divisor50mhz:div50_u0|clk1hz_o ; divisor50mhz:div50_u0|clk1hz_o ; 1.000        ; -0.048     ; 22.926     ;
; -21.976 ; monociclo:DUT|pc_w[3]                             ; monociclo:DUT|pc_w[5]                              ; divisor50mhz:div50_u0|clk1hz_o ; divisor50mhz:div50_u0|clk1hz_o ; 1.000        ; -0.048     ; 22.926     ;
; -21.976 ; monociclo:DUT|pc_w[3]                             ; monociclo:DUT|pc_w[4]                              ; divisor50mhz:div50_u0|clk1hz_o ; divisor50mhz:div50_u0|clk1hz_o ; 1.000        ; -0.048     ; 22.926     ;
; -21.971 ; monociclo:DUT|pc_w[3]                             ; monociclo:DUT|pc_w[3]                              ; divisor50mhz:div50_u0|clk1hz_o ; divisor50mhz:div50_u0|clk1hz_o ; 1.000        ; -0.043     ; 22.926     ;
; -21.938 ; monociclo:DUT|pc_w[4]                             ; monociclo:DUT|pc_w[6]                              ; divisor50mhz:div50_u0|clk1hz_o ; divisor50mhz:div50_u0|clk1hz_o ; 1.000        ; -0.048     ; 22.888     ;
; -21.938 ; monociclo:DUT|pc_w[4]                             ; monociclo:DUT|pc_w[5]                              ; divisor50mhz:div50_u0|clk1hz_o ; divisor50mhz:div50_u0|clk1hz_o ; 1.000        ; -0.048     ; 22.888     ;
; -21.938 ; monociclo:DUT|pc_w[4]                             ; monociclo:DUT|pc_w[3]                              ; divisor50mhz:div50_u0|clk1hz_o ; divisor50mhz:div50_u0|clk1hz_o ; 1.000        ; -0.048     ; 22.888     ;
; -21.933 ; monociclo:DUT|pc_w[4]                             ; monociclo:DUT|pc_w[4]                              ; divisor50mhz:div50_u0|clk1hz_o ; divisor50mhz:div50_u0|clk1hz_o ; 1.000        ; -0.043     ; 22.888     ;
; -21.901 ; monociclo:DUT|pc_w[5]                             ; monociclo:DUT|pc_w[6]                              ; divisor50mhz:div50_u0|clk1hz_o ; divisor50mhz:div50_u0|clk1hz_o ; 1.000        ; -0.048     ; 22.851     ;
; -21.901 ; monociclo:DUT|pc_w[5]                             ; monociclo:DUT|pc_w[4]                              ; divisor50mhz:div50_u0|clk1hz_o ; divisor50mhz:div50_u0|clk1hz_o ; 1.000        ; -0.048     ; 22.851     ;
; -21.901 ; monociclo:DUT|pc_w[5]                             ; monociclo:DUT|pc_w[3]                              ; divisor50mhz:div50_u0|clk1hz_o ; divisor50mhz:div50_u0|clk1hz_o ; 1.000        ; -0.048     ; 22.851     ;
; -21.896 ; monociclo:DUT|pc_w[5]                             ; monociclo:DUT|pc_w[5]                              ; divisor50mhz:div50_u0|clk1hz_o ; divisor50mhz:div50_u0|clk1hz_o ; 1.000        ; -0.043     ; 22.851     ;
; -21.678 ; monociclo:DUT|pc_w[6]                             ; monociclo:DUT|pc_w[5]                              ; divisor50mhz:div50_u0|clk1hz_o ; divisor50mhz:div50_u0|clk1hz_o ; 1.000        ; -0.048     ; 22.628     ;
; -21.678 ; monociclo:DUT|pc_w[6]                             ; monociclo:DUT|pc_w[4]                              ; divisor50mhz:div50_u0|clk1hz_o ; divisor50mhz:div50_u0|clk1hz_o ; 1.000        ; -0.048     ; 22.628     ;
; -21.678 ; monociclo:DUT|pc_w[6]                             ; monociclo:DUT|pc_w[3]                              ; divisor50mhz:div50_u0|clk1hz_o ; divisor50mhz:div50_u0|clk1hz_o ; 1.000        ; -0.048     ; 22.628     ;
; -21.673 ; monociclo:DUT|pc_w[6]                             ; monociclo:DUT|pc_w[6]                              ; divisor50mhz:div50_u0|clk1hz_o ; divisor50mhz:div50_u0|clk1hz_o ; 1.000        ; -0.043     ; 22.628     ;
; -21.608 ; monociclo:DUT|pc_w[3]                             ; monociclo:DUT|pc_w[0]                              ; divisor50mhz:div50_u0|clk1hz_o ; divisor50mhz:div50_u0|clk1hz_o ; 1.000        ; 0.828      ; 23.434     ;
; -21.608 ; monociclo:DUT|pc_w[3]                             ; monociclo:DUT|pc_w[1]                              ; divisor50mhz:div50_u0|clk1hz_o ; divisor50mhz:div50_u0|clk1hz_o ; 1.000        ; 0.828      ; 23.434     ;
; -21.570 ; monociclo:DUT|pc_w[4]                             ; monociclo:DUT|pc_w[0]                              ; divisor50mhz:div50_u0|clk1hz_o ; divisor50mhz:div50_u0|clk1hz_o ; 1.000        ; 0.828      ; 23.396     ;
; -21.570 ; monociclo:DUT|pc_w[4]                             ; monociclo:DUT|pc_w[1]                              ; divisor50mhz:div50_u0|clk1hz_o ; divisor50mhz:div50_u0|clk1hz_o ; 1.000        ; 0.828      ; 23.396     ;
; -21.533 ; monociclo:DUT|pc_w[5]                             ; monociclo:DUT|pc_w[0]                              ; divisor50mhz:div50_u0|clk1hz_o ; divisor50mhz:div50_u0|clk1hz_o ; 1.000        ; 0.828      ; 23.359     ;
; -21.533 ; monociclo:DUT|pc_w[5]                             ; monociclo:DUT|pc_w[1]                              ; divisor50mhz:div50_u0|clk1hz_o ; divisor50mhz:div50_u0|clk1hz_o ; 1.000        ; 0.828      ; 23.359     ;
; -21.310 ; monociclo:DUT|pc_w[6]                             ; monociclo:DUT|pc_w[0]                              ; divisor50mhz:div50_u0|clk1hz_o ; divisor50mhz:div50_u0|clk1hz_o ; 1.000        ; 0.828      ; 23.136     ;
; -21.310 ; monociclo:DUT|pc_w[6]                             ; monociclo:DUT|pc_w[1]                              ; divisor50mhz:div50_u0|clk1hz_o ; divisor50mhz:div50_u0|clk1hz_o ; 1.000        ; 0.828      ; 23.136     ;
; -21.103 ; monociclo:DUT|registerfile:regfile_u0|regfile~896 ; monociclo:DUT|pc_w[6]                              ; divisor50mhz:div50_u0|clk1hz_o ; divisor50mhz:div50_u0|clk1hz_o ; 1.000        ; -1.109     ; 20.992     ;
; -21.103 ; monociclo:DUT|registerfile:regfile_u0|regfile~896 ; monociclo:DUT|pc_w[5]                              ; divisor50mhz:div50_u0|clk1hz_o ; divisor50mhz:div50_u0|clk1hz_o ; 1.000        ; -1.109     ; 20.992     ;
; -21.103 ; monociclo:DUT|registerfile:regfile_u0|regfile~896 ; monociclo:DUT|pc_w[4]                              ; divisor50mhz:div50_u0|clk1hz_o ; divisor50mhz:div50_u0|clk1hz_o ; 1.000        ; -1.109     ; 20.992     ;
; -21.103 ; monociclo:DUT|registerfile:regfile_u0|regfile~896 ; monociclo:DUT|pc_w[3]                              ; divisor50mhz:div50_u0|clk1hz_o ; divisor50mhz:div50_u0|clk1hz_o ; 1.000        ; -1.109     ; 20.992     ;
; -21.078 ; monociclo:DUT|pc_w[3]                             ; monociclo:DUT|pc_w[2]                              ; divisor50mhz:div50_u0|clk1hz_o ; divisor50mhz:div50_u0|clk1hz_o ; 1.000        ; 0.850      ; 22.926     ;
; -21.040 ; monociclo:DUT|pc_w[4]                             ; monociclo:DUT|pc_w[2]                              ; divisor50mhz:div50_u0|clk1hz_o ; divisor50mhz:div50_u0|clk1hz_o ; 1.000        ; 0.850      ; 22.888     ;
; -21.010 ; monociclo:DUT|pc_w[3]                             ; monociclo:DUT|registerfile:regfile_u0|regfile~1021 ; divisor50mhz:div50_u0|clk1hz_o ; divisor50mhz:div50_u0|clk1hz_o ; 1.000        ; 0.823      ; 22.831     ;
; -21.003 ; monociclo:DUT|pc_w[5]                             ; monociclo:DUT|pc_w[2]                              ; divisor50mhz:div50_u0|clk1hz_o ; divisor50mhz:div50_u0|clk1hz_o ; 1.000        ; 0.850      ; 22.851     ;
; -21.001 ; monociclo:DUT|pc_w[3]                             ; monociclo:DUT|registerfile:regfile_u0|regfile~957  ; divisor50mhz:div50_u0|clk1hz_o ; divisor50mhz:div50_u0|clk1hz_o ; 1.000        ; 0.823      ; 22.822     ;
; -20.985 ; monociclo:DUT|registerfile:regfile_u0|regfile~928 ; monociclo:DUT|pc_w[6]                              ; divisor50mhz:div50_u0|clk1hz_o ; divisor50mhz:div50_u0|clk1hz_o ; 1.000        ; -1.121     ; 20.862     ;
; -20.985 ; monociclo:DUT|registerfile:regfile_u0|regfile~928 ; monociclo:DUT|pc_w[5]                              ; divisor50mhz:div50_u0|clk1hz_o ; divisor50mhz:div50_u0|clk1hz_o ; 1.000        ; -1.121     ; 20.862     ;
; -20.985 ; monociclo:DUT|registerfile:regfile_u0|regfile~928 ; monociclo:DUT|pc_w[4]                              ; divisor50mhz:div50_u0|clk1hz_o ; divisor50mhz:div50_u0|clk1hz_o ; 1.000        ; -1.121     ; 20.862     ;
; -20.985 ; monociclo:DUT|registerfile:regfile_u0|regfile~928 ; monociclo:DUT|pc_w[3]                              ; divisor50mhz:div50_u0|clk1hz_o ; divisor50mhz:div50_u0|clk1hz_o ; 1.000        ; -1.121     ; 20.862     ;
; -20.979 ; monociclo:DUT|pc_w[3]                             ; monociclo:DUT|registerfile:regfile_u0|regfile~925  ; divisor50mhz:div50_u0|clk1hz_o ; divisor50mhz:div50_u0|clk1hz_o ; 1.000        ; 0.822      ; 22.799     ;
; -20.975 ; monociclo:DUT|pc_w[3]                             ; monociclo:DUT|registerfile:regfile_u0|regfile~188  ; divisor50mhz:div50_u0|clk1hz_o ; divisor50mhz:div50_u0|clk1hz_o ; 1.000        ; 0.823      ; 22.796     ;
; -20.974 ; monociclo:DUT|pc_w[3]                             ; monociclo:DUT|registerfile:regfile_u0|regfile~252  ; divisor50mhz:div50_u0|clk1hz_o ; divisor50mhz:div50_u0|clk1hz_o ; 1.000        ; 0.823      ; 22.795     ;
; -20.972 ; monociclo:DUT|pc_w[4]                             ; monociclo:DUT|registerfile:regfile_u0|regfile~1021 ; divisor50mhz:div50_u0|clk1hz_o ; divisor50mhz:div50_u0|clk1hz_o ; 1.000        ; 0.823      ; 22.793     ;
; -20.963 ; monociclo:DUT|pc_w[4]                             ; monociclo:DUT|registerfile:regfile_u0|regfile~957  ; divisor50mhz:div50_u0|clk1hz_o ; divisor50mhz:div50_u0|clk1hz_o ; 1.000        ; 0.823      ; 22.784     ;
; -20.949 ; monociclo:DUT|pc_w[3]                             ; monociclo:DUT|registerfile:regfile_u0|regfile~989  ; divisor50mhz:div50_u0|clk1hz_o ; divisor50mhz:div50_u0|clk1hz_o ; 1.000        ; 0.823      ; 22.770     ;
; -20.941 ; monociclo:DUT|pc_w[4]                             ; monociclo:DUT|registerfile:regfile_u0|regfile~925  ; divisor50mhz:div50_u0|clk1hz_o ; divisor50mhz:div50_u0|clk1hz_o ; 1.000        ; 0.822      ; 22.761     ;
; -20.937 ; monociclo:DUT|pc_w[4]                             ; monociclo:DUT|registerfile:regfile_u0|regfile~188  ; divisor50mhz:div50_u0|clk1hz_o ; divisor50mhz:div50_u0|clk1hz_o ; 1.000        ; 0.823      ; 22.758     ;
; -20.936 ; monociclo:DUT|pc_w[4]                             ; monociclo:DUT|registerfile:regfile_u0|regfile~252  ; divisor50mhz:div50_u0|clk1hz_o ; divisor50mhz:div50_u0|clk1hz_o ; 1.000        ; 0.823      ; 22.757     ;
; -20.935 ; monociclo:DUT|pc_w[5]                             ; monociclo:DUT|registerfile:regfile_u0|regfile~1021 ; divisor50mhz:div50_u0|clk1hz_o ; divisor50mhz:div50_u0|clk1hz_o ; 1.000        ; 0.823      ; 22.756     ;
; -20.932 ; monociclo:DUT|pc_w[3]                             ; monociclo:DUT|registerfile:regfile_u0|regfile~960  ; divisor50mhz:div50_u0|clk1hz_o ; divisor50mhz:div50_u0|clk1hz_o ; 1.000        ; 0.825      ; 22.755     ;
; -20.931 ; monociclo:DUT|pc_w[3]                             ; monociclo:DUT|registerfile:regfile_u0|regfile~192  ; divisor50mhz:div50_u0|clk1hz_o ; divisor50mhz:div50_u0|clk1hz_o ; 1.000        ; 0.825      ; 22.754     ;
; -20.926 ; monociclo:DUT|pc_w[5]                             ; monociclo:DUT|registerfile:regfile_u0|regfile~957  ; divisor50mhz:div50_u0|clk1hz_o ; divisor50mhz:div50_u0|clk1hz_o ; 1.000        ; 0.823      ; 22.747     ;
; -20.912 ; monociclo:DUT|pc_w[3]                             ; monociclo:DUT|registerfile:regfile_u0|regfile~314  ; divisor50mhz:div50_u0|clk1hz_o ; divisor50mhz:div50_u0|clk1hz_o ; 1.000        ; 0.830      ; 22.740     ;
; -20.912 ; monociclo:DUT|pc_w[3]                             ; monociclo:DUT|registerfile:regfile_u0|regfile~922  ; divisor50mhz:div50_u0|clk1hz_o ; divisor50mhz:div50_u0|clk1hz_o ; 1.000        ; 0.830      ; 22.740     ;
; -20.911 ; monociclo:DUT|pc_w[4]                             ; monociclo:DUT|registerfile:regfile_u0|regfile~989  ; divisor50mhz:div50_u0|clk1hz_o ; divisor50mhz:div50_u0|clk1hz_o ; 1.000        ; 0.823      ; 22.732     ;
; -20.904 ; monociclo:DUT|pc_w[5]                             ; monociclo:DUT|registerfile:regfile_u0|regfile~925  ; divisor50mhz:div50_u0|clk1hz_o ; divisor50mhz:div50_u0|clk1hz_o ; 1.000        ; 0.822      ; 22.724     ;
; -20.900 ; monociclo:DUT|pc_w[5]                             ; monociclo:DUT|registerfile:regfile_u0|regfile~188  ; divisor50mhz:div50_u0|clk1hz_o ; divisor50mhz:div50_u0|clk1hz_o ; 1.000        ; 0.823      ; 22.721     ;
; -20.899 ; monociclo:DUT|pc_w[5]                             ; monociclo:DUT|registerfile:regfile_u0|regfile~252  ; divisor50mhz:div50_u0|clk1hz_o ; divisor50mhz:div50_u0|clk1hz_o ; 1.000        ; 0.823      ; 22.720     ;
; -20.897 ; monociclo:DUT|pc_w[3]                             ; monociclo:DUT|registerfile:regfile_u0|regfile~576  ; divisor50mhz:div50_u0|clk1hz_o ; divisor50mhz:div50_u0|clk1hz_o ; 1.000        ; 0.832      ; 22.727     ;
; -20.897 ; monociclo:DUT|pc_w[3]                             ; monociclo:DUT|registerfile:regfile_u0|regfile~992  ; divisor50mhz:div50_u0|clk1hz_o ; divisor50mhz:div50_u0|clk1hz_o ; 1.000        ; 0.833      ; 22.728     ;
; -20.897 ; monociclo:DUT|pc_w[3]                             ; monociclo:DUT|registerfile:regfile_u0|regfile~954  ; divisor50mhz:div50_u0|clk1hz_o ; divisor50mhz:div50_u0|clk1hz_o ; 1.000        ; 0.822      ; 22.717     ;
; -20.894 ; monociclo:DUT|pc_w[4]                             ; monociclo:DUT|registerfile:regfile_u0|regfile~960  ; divisor50mhz:div50_u0|clk1hz_o ; divisor50mhz:div50_u0|clk1hz_o ; 1.000        ; 0.825      ; 22.717     ;
; -20.893 ; monociclo:DUT|pc_w[4]                             ; monociclo:DUT|registerfile:regfile_u0|regfile~192  ; divisor50mhz:div50_u0|clk1hz_o ; divisor50mhz:div50_u0|clk1hz_o ; 1.000        ; 0.825      ; 22.716     ;
; -20.882 ; monociclo:DUT|pc_w[3]                             ; monociclo:DUT|registerfile:regfile_u0|regfile~928  ; divisor50mhz:div50_u0|clk1hz_o ; divisor50mhz:div50_u0|clk1hz_o ; 1.000        ; 0.832      ; 22.712     ;
; -20.880 ; monociclo:DUT|pc_w[3]                             ; monociclo:DUT|registerfile:regfile_u0|regfile~224  ; divisor50mhz:div50_u0|clk1hz_o ; divisor50mhz:div50_u0|clk1hz_o ; 1.000        ; 0.851      ; 22.729     ;
; -20.878 ; monociclo:DUT|pc_w[3]                             ; monociclo:DUT|registerfile:regfile_u0|regfile~160  ; divisor50mhz:div50_u0|clk1hz_o ; divisor50mhz:div50_u0|clk1hz_o ; 1.000        ; 0.851      ; 22.727     ;
; -20.877 ; monociclo:DUT|registerfile:regfile_u0|regfile~576 ; monociclo:DUT|pc_w[6]                              ; divisor50mhz:div50_u0|clk1hz_o ; divisor50mhz:div50_u0|clk1hz_o ; 1.000        ; -1.120     ; 20.755     ;
; -20.877 ; monociclo:DUT|registerfile:regfile_u0|regfile~576 ; monociclo:DUT|pc_w[5]                              ; divisor50mhz:div50_u0|clk1hz_o ; divisor50mhz:div50_u0|clk1hz_o ; 1.000        ; -1.120     ; 20.755     ;
; -20.877 ; monociclo:DUT|registerfile:regfile_u0|regfile~576 ; monociclo:DUT|pc_w[4]                              ; divisor50mhz:div50_u0|clk1hz_o ; divisor50mhz:div50_u0|clk1hz_o ; 1.000        ; -1.120     ; 20.755     ;
; -20.877 ; monociclo:DUT|registerfile:regfile_u0|regfile~576 ; monociclo:DUT|pc_w[3]                              ; divisor50mhz:div50_u0|clk1hz_o ; divisor50mhz:div50_u0|clk1hz_o ; 1.000        ; -1.120     ; 20.755     ;
; -20.874 ; monociclo:DUT|pc_w[4]                             ; monociclo:DUT|registerfile:regfile_u0|regfile~314  ; divisor50mhz:div50_u0|clk1hz_o ; divisor50mhz:div50_u0|clk1hz_o ; 1.000        ; 0.830      ; 22.702     ;
; -20.874 ; monociclo:DUT|pc_w[4]                             ; monociclo:DUT|registerfile:regfile_u0|regfile~922  ; divisor50mhz:div50_u0|clk1hz_o ; divisor50mhz:div50_u0|clk1hz_o ; 1.000        ; 0.830      ; 22.702     ;
; -20.874 ; monociclo:DUT|pc_w[5]                             ; monociclo:DUT|registerfile:regfile_u0|regfile~989  ; divisor50mhz:div50_u0|clk1hz_o ; divisor50mhz:div50_u0|clk1hz_o ; 1.000        ; 0.823      ; 22.695     ;
; -20.859 ; monociclo:DUT|pc_w[4]                             ; monociclo:DUT|registerfile:regfile_u0|regfile~576  ; divisor50mhz:div50_u0|clk1hz_o ; divisor50mhz:div50_u0|clk1hz_o ; 1.000        ; 0.832      ; 22.689     ;
; -20.859 ; monociclo:DUT|pc_w[4]                             ; monociclo:DUT|registerfile:regfile_u0|regfile~992  ; divisor50mhz:div50_u0|clk1hz_o ; divisor50mhz:div50_u0|clk1hz_o ; 1.000        ; 0.833      ; 22.690     ;
; -20.859 ; monociclo:DUT|pc_w[4]                             ; monociclo:DUT|registerfile:regfile_u0|regfile~954  ; divisor50mhz:div50_u0|clk1hz_o ; divisor50mhz:div50_u0|clk1hz_o ; 1.000        ; 0.822      ; 22.679     ;
; -20.857 ; monociclo:DUT|pc_w[5]                             ; monociclo:DUT|registerfile:regfile_u0|regfile~960  ; divisor50mhz:div50_u0|clk1hz_o ; divisor50mhz:div50_u0|clk1hz_o ; 1.000        ; 0.825      ; 22.680     ;
; -20.856 ; monociclo:DUT|pc_w[5]                             ; monociclo:DUT|registerfile:regfile_u0|regfile~192  ; divisor50mhz:div50_u0|clk1hz_o ; divisor50mhz:div50_u0|clk1hz_o ; 1.000        ; 0.825      ; 22.679     ;
; -20.844 ; monociclo:DUT|pc_w[4]                             ; monociclo:DUT|registerfile:regfile_u0|regfile~928  ; divisor50mhz:div50_u0|clk1hz_o ; divisor50mhz:div50_u0|clk1hz_o ; 1.000        ; 0.832      ; 22.674     ;
; -20.842 ; monociclo:DUT|pc_w[4]                             ; monociclo:DUT|registerfile:regfile_u0|regfile~224  ; divisor50mhz:div50_u0|clk1hz_o ; divisor50mhz:div50_u0|clk1hz_o ; 1.000        ; 0.851      ; 22.691     ;
; -20.840 ; monociclo:DUT|pc_w[4]                             ; monociclo:DUT|registerfile:regfile_u0|regfile~160  ; divisor50mhz:div50_u0|clk1hz_o ; divisor50mhz:div50_u0|clk1hz_o ; 1.000        ; 0.851      ; 22.689     ;
; -20.837 ; monociclo:DUT|pc_w[5]                             ; monociclo:DUT|registerfile:regfile_u0|regfile~314  ; divisor50mhz:div50_u0|clk1hz_o ; divisor50mhz:div50_u0|clk1hz_o ; 1.000        ; 0.830      ; 22.665     ;
; -20.837 ; monociclo:DUT|pc_w[5]                             ; monociclo:DUT|registerfile:regfile_u0|regfile~922  ; divisor50mhz:div50_u0|clk1hz_o ; divisor50mhz:div50_u0|clk1hz_o ; 1.000        ; 0.830      ; 22.665     ;
; -20.822 ; monociclo:DUT|pc_w[5]                             ; monociclo:DUT|registerfile:regfile_u0|regfile~576  ; divisor50mhz:div50_u0|clk1hz_o ; divisor50mhz:div50_u0|clk1hz_o ; 1.000        ; 0.832      ; 22.652     ;
; -20.822 ; monociclo:DUT|pc_w[5]                             ; monociclo:DUT|registerfile:regfile_u0|regfile~992  ; divisor50mhz:div50_u0|clk1hz_o ; divisor50mhz:div50_u0|clk1hz_o ; 1.000        ; 0.833      ; 22.653     ;
; -20.822 ; monociclo:DUT|pc_w[5]                             ; monociclo:DUT|registerfile:regfile_u0|regfile~954  ; divisor50mhz:div50_u0|clk1hz_o ; divisor50mhz:div50_u0|clk1hz_o ; 1.000        ; 0.822      ; 22.642     ;
; -20.807 ; monociclo:DUT|pc_w[5]                             ; monociclo:DUT|registerfile:regfile_u0|regfile~928  ; divisor50mhz:div50_u0|clk1hz_o ; divisor50mhz:div50_u0|clk1hz_o ; 1.000        ; 0.832      ; 22.637     ;
; -20.805 ; monociclo:DUT|pc_w[5]                             ; monociclo:DUT|registerfile:regfile_u0|regfile~224  ; divisor50mhz:div50_u0|clk1hz_o ; divisor50mhz:div50_u0|clk1hz_o ; 1.000        ; 0.851      ; 22.654     ;
; -20.804 ; monociclo:DUT|pc_w[3]                             ; monociclo:DUT|registerfile:regfile_u0|regfile~317  ; divisor50mhz:div50_u0|clk1hz_o ; divisor50mhz:div50_u0|clk1hz_o ; 1.000        ; 0.815      ; 22.617     ;
; -20.803 ; monociclo:DUT|pc_w[5]                             ; monociclo:DUT|registerfile:regfile_u0|regfile~160  ; divisor50mhz:div50_u0|clk1hz_o ; divisor50mhz:div50_u0|clk1hz_o ; 1.000        ; 0.851      ; 22.652     ;
; -20.783 ; monociclo:DUT|pc_w[3]                             ; monociclo:DUT|registerfile:regfile_u0|regfile~253  ; divisor50mhz:div50_u0|clk1hz_o ; divisor50mhz:div50_u0|clk1hz_o ; 1.000        ; 0.816      ; 22.597     ;
; -20.780 ; monociclo:DUT|pc_w[3]                             ; monociclo:DUT|registerfile:regfile_u0|regfile~189  ; divisor50mhz:div50_u0|clk1hz_o ; divisor50mhz:div50_u0|clk1hz_o ; 1.000        ; 0.816      ; 22.594     ;
; -20.780 ; monociclo:DUT|pc_w[6]                             ; monociclo:DUT|pc_w[2]                              ; divisor50mhz:div50_u0|clk1hz_o ; divisor50mhz:div50_u0|clk1hz_o ; 1.000        ; 0.850      ; 22.628     ;
; -20.766 ; monociclo:DUT|pc_w[4]                             ; monociclo:DUT|registerfile:regfile_u0|regfile~317  ; divisor50mhz:div50_u0|clk1hz_o ; divisor50mhz:div50_u0|clk1hz_o ; 1.000        ; 0.815      ; 22.579     ;
; -20.747 ; monociclo:DUT|registerfile:regfile_u0|regfile~962 ; monociclo:DUT|pc_w[6]                              ; divisor50mhz:div50_u0|clk1hz_o ; divisor50mhz:div50_u0|clk1hz_o ; 1.000        ; -1.113     ; 20.632     ;
; -20.747 ; monociclo:DUT|registerfile:regfile_u0|regfile~962 ; monociclo:DUT|pc_w[5]                              ; divisor50mhz:div50_u0|clk1hz_o ; divisor50mhz:div50_u0|clk1hz_o ; 1.000        ; -1.113     ; 20.632     ;
; -20.747 ; monociclo:DUT|registerfile:regfile_u0|regfile~962 ; monociclo:DUT|pc_w[4]                              ; divisor50mhz:div50_u0|clk1hz_o ; divisor50mhz:div50_u0|clk1hz_o ; 1.000        ; -1.113     ; 20.632     ;
; -20.747 ; monociclo:DUT|registerfile:regfile_u0|regfile~962 ; monociclo:DUT|pc_w[3]                              ; divisor50mhz:div50_u0|clk1hz_o ; divisor50mhz:div50_u0|clk1hz_o ; 1.000        ; -1.113     ; 20.632     ;
; -20.745 ; monociclo:DUT|pc_w[4]                             ; monociclo:DUT|registerfile:regfile_u0|regfile~253  ; divisor50mhz:div50_u0|clk1hz_o ; divisor50mhz:div50_u0|clk1hz_o ; 1.000        ; 0.816      ; 22.559     ;
; -20.742 ; monociclo:DUT|pc_w[4]                             ; monociclo:DUT|registerfile:regfile_u0|regfile~189  ; divisor50mhz:div50_u0|clk1hz_o ; divisor50mhz:div50_u0|clk1hz_o ; 1.000        ; 0.816      ; 22.556     ;
; -20.735 ; monociclo:DUT|pc_w[3]                             ; monociclo:DUT|registerfile:regfile_u0|regfile~316  ; divisor50mhz:div50_u0|clk1hz_o ; divisor50mhz:div50_u0|clk1hz_o ; 1.000        ; 0.815      ; 22.548     ;
; -20.729 ; monociclo:DUT|pc_w[5]                             ; monociclo:DUT|registerfile:regfile_u0|regfile~317  ; divisor50mhz:div50_u0|clk1hz_o ; divisor50mhz:div50_u0|clk1hz_o ; 1.000        ; 0.815      ; 22.542     ;
+---------+---------------------------------------------------+----------------------------------------------------+--------------------------------+--------------------------------+--------------+------------+------------+


+--------------------------------------------------------------------------------------------------------------------------------------------------+
; Slow 1200mV 85C Model Setup: 'clk_i'                                                                                                             ;
+--------+---------------------------------+---------------------------------+--------------+-------------+--------------+------------+------------+
; Slack  ; From Node                       ; To Node                         ; Launch Clock ; Latch Clock ; Relationship ; Clock Skew ; Data Delay ;
+--------+---------------------------------+---------------------------------+--------------+-------------+--------------+------------+------------+
; -4.207 ; divisor50mhz:div50_u0|ctr_w[4]  ; divisor50mhz:div50_u0|clk1hz_o  ; clk_i        ; clk_i       ; 1.000        ; -0.090     ; 5.115      ;
; -4.188 ; divisor50mhz:div50_u0|ctr_w[5]  ; divisor50mhz:div50_u0|clk1hz_o  ; clk_i        ; clk_i       ; 1.000        ; -0.090     ; 5.096      ;
; -4.027 ; divisor50mhz:div50_u0|ctr_w[7]  ; divisor50mhz:div50_u0|clk1hz_o  ; clk_i        ; clk_i       ; 1.000        ; -0.091     ; 4.934      ;
; -4.023 ; divisor50mhz:div50_u0|ctr_w[0]  ; divisor50mhz:div50_u0|clk1hz_o  ; clk_i        ; clk_i       ; 1.000        ; -0.090     ; 4.931      ;
; -4.022 ; divisor50mhz:div50_u0|ctr_w[3]  ; divisor50mhz:div50_u0|clk1hz_o  ; clk_i        ; clk_i       ; 1.000        ; -0.090     ; 4.930      ;
; -3.973 ; divisor50mhz:div50_u0|ctr_w[12] ; divisor50mhz:div50_u0|clk1hz_o  ; clk_i        ; clk_i       ; 1.000        ; -0.091     ; 4.880      ;
; -3.963 ; divisor50mhz:div50_u0|ctr_w[13] ; divisor50mhz:div50_u0|clk1hz_o  ; clk_i        ; clk_i       ; 1.000        ; -0.091     ; 4.870      ;
; -3.885 ; divisor50mhz:div50_u0|ctr_w[10] ; divisor50mhz:div50_u0|clk1hz_o  ; clk_i        ; clk_i       ; 1.000        ; -0.090     ; 4.793      ;
; -3.869 ; divisor50mhz:div50_u0|ctr_w[8]  ; divisor50mhz:div50_u0|clk1hz_o  ; clk_i        ; clk_i       ; 1.000        ; -0.090     ; 4.777      ;
; -3.861 ; divisor50mhz:div50_u0|ctr_w[15] ; divisor50mhz:div50_u0|clk1hz_o  ; clk_i        ; clk_i       ; 1.000        ; -0.091     ; 4.768      ;
; -3.859 ; divisor50mhz:div50_u0|ctr_w[9]  ; divisor50mhz:div50_u0|clk1hz_o  ; clk_i        ; clk_i       ; 1.000        ; -0.090     ; 4.767      ;
; -3.835 ; divisor50mhz:div50_u0|ctr_w[6]  ; divisor50mhz:div50_u0|clk1hz_o  ; clk_i        ; clk_i       ; 1.000        ; -0.090     ; 4.743      ;
; -3.816 ; divisor50mhz:div50_u0|ctr_w[2]  ; divisor50mhz:div50_u0|clk1hz_o  ; clk_i        ; clk_i       ; 1.000        ; -0.090     ; 4.724      ;
; -3.714 ; divisor50mhz:div50_u0|ctr_w[1]  ; divisor50mhz:div50_u0|clk1hz_o  ; clk_i        ; clk_i       ; 1.000        ; -0.090     ; 4.622      ;
; -3.699 ; divisor50mhz:div50_u0|ctr_w[14] ; divisor50mhz:div50_u0|clk1hz_o  ; clk_i        ; clk_i       ; 1.000        ; -0.091     ; 4.606      ;
; -3.577 ; divisor50mhz:div50_u0|ctr_w[29] ; divisor50mhz:div50_u0|clk1hz_o  ; clk_i        ; clk_i       ; 1.000        ; -0.080     ; 4.495      ;
; -3.569 ; divisor50mhz:div50_u0|ctr_w[30] ; divisor50mhz:div50_u0|clk1hz_o  ; clk_i        ; clk_i       ; 1.000        ; -0.080     ; 4.487      ;
; -3.564 ; divisor50mhz:div50_u0|ctr_w[11] ; divisor50mhz:div50_u0|clk1hz_o  ; clk_i        ; clk_i       ; 1.000        ; -0.090     ; 4.472      ;
; -3.545 ; divisor50mhz:div50_u0|ctr_w[28] ; divisor50mhz:div50_u0|clk1hz_o  ; clk_i        ; clk_i       ; 1.000        ; -0.080     ; 4.463      ;
; -3.388 ; divisor50mhz:div50_u0|ctr_w[27] ; divisor50mhz:div50_u0|clk1hz_o  ; clk_i        ; clk_i       ; 1.000        ; -0.080     ; 4.306      ;
; -3.386 ; divisor50mhz:div50_u0|ctr_w[24] ; divisor50mhz:div50_u0|clk1hz_o  ; clk_i        ; clk_i       ; 1.000        ; -0.080     ; 4.304      ;
; -3.368 ; divisor50mhz:div50_u0|ctr_w[20] ; divisor50mhz:div50_u0|clk1hz_o  ; clk_i        ; clk_i       ; 1.000        ; -0.081     ; 4.285      ;
; -3.357 ; divisor50mhz:div50_u0|ctr_w[22] ; divisor50mhz:div50_u0|clk1hz_o  ; clk_i        ; clk_i       ; 1.000        ; -0.081     ; 4.274      ;
; -3.252 ; divisor50mhz:div50_u0|ctr_w[23] ; divisor50mhz:div50_u0|clk1hz_o  ; clk_i        ; clk_i       ; 1.000        ; -0.081     ; 4.169      ;
; -3.249 ; divisor50mhz:div50_u0|ctr_w[16] ; divisor50mhz:div50_u0|clk1hz_o  ; clk_i        ; clk_i       ; 1.000        ; -0.080     ; 4.167      ;
; -3.200 ; divisor50mhz:div50_u0|ctr_w[31] ; divisor50mhz:div50_u0|clk1hz_o  ; clk_i        ; clk_i       ; 1.000        ; -0.080     ; 4.118      ;
; -3.143 ; divisor50mhz:div50_u0|ctr_w[25] ; divisor50mhz:div50_u0|clk1hz_o  ; clk_i        ; clk_i       ; 1.000        ; -0.081     ; 4.060      ;
; -3.114 ; divisor50mhz:div50_u0|ctr_w[26] ; divisor50mhz:div50_u0|clk1hz_o  ; clk_i        ; clk_i       ; 1.000        ; -0.080     ; 4.032      ;
; -3.090 ; divisor50mhz:div50_u0|ctr_w[21] ; divisor50mhz:div50_u0|clk1hz_o  ; clk_i        ; clk_i       ; 1.000        ; -0.081     ; 4.007      ;
; -3.071 ; divisor50mhz:div50_u0|ctr_w[19] ; divisor50mhz:div50_u0|clk1hz_o  ; clk_i        ; clk_i       ; 1.000        ; -0.081     ; 3.988      ;
; -3.063 ; divisor50mhz:div50_u0|ctr_w[18] ; divisor50mhz:div50_u0|clk1hz_o  ; clk_i        ; clk_i       ; 1.000        ; -0.080     ; 3.981      ;
; -2.832 ; divisor50mhz:div50_u0|ctr_w[0]  ; divisor50mhz:div50_u0|ctr_w[25] ; clk_i        ; clk_i       ; 1.000        ; -0.090     ; 3.740      ;
; -2.825 ; divisor50mhz:div50_u0|ctr_w[17] ; divisor50mhz:div50_u0|clk1hz_o  ; clk_i        ; clk_i       ; 1.000        ; -0.081     ; 3.742      ;
; -2.772 ; divisor50mhz:div50_u0|ctr_w[1]  ; divisor50mhz:div50_u0|ctr_w[25] ; clk_i        ; clk_i       ; 1.000        ; -0.090     ; 3.680      ;
; -2.711 ; divisor50mhz:div50_u0|ctr_w[1]  ; divisor50mhz:div50_u0|ctr_w[22] ; clk_i        ; clk_i       ; 1.000        ; -0.090     ; 3.619      ;
; -2.709 ; divisor50mhz:div50_u0|ctr_w[0]  ; divisor50mhz:div50_u0|ctr_w[23] ; clk_i        ; clk_i       ; 1.000        ; -0.090     ; 3.617      ;
; -2.708 ; divisor50mhz:div50_u0|ctr_w[0]  ; divisor50mhz:div50_u0|ctr_w[31] ; clk_i        ; clk_i       ; 1.000        ; -0.091     ; 3.615      ;
; -2.698 ; divisor50mhz:div50_u0|ctr_w[2]  ; divisor50mhz:div50_u0|ctr_w[25] ; clk_i        ; clk_i       ; 1.000        ; -0.090     ; 3.606      ;
; -2.697 ; divisor50mhz:div50_u0|ctr_w[29] ; divisor50mhz:div50_u0|ctr_w[0]  ; clk_i        ; clk_i       ; 1.000        ; -0.119     ; 3.576      ;
; -2.694 ; divisor50mhz:div50_u0|ctr_w[1]  ; divisor50mhz:div50_u0|ctr_w[30] ; clk_i        ; clk_i       ; 1.000        ; -0.091     ; 3.601      ;
; -2.689 ; divisor50mhz:div50_u0|ctr_w[30] ; divisor50mhz:div50_u0|ctr_w[0]  ; clk_i        ; clk_i       ; 1.000        ; -0.119     ; 3.568      ;
; -2.675 ; divisor50mhz:div50_u0|ctr_w[1]  ; divisor50mhz:div50_u0|ctr_w[31] ; clk_i        ; clk_i       ; 1.000        ; -0.091     ; 3.582      ;
; -2.665 ; divisor50mhz:div50_u0|ctr_w[28] ; divisor50mhz:div50_u0|ctr_w[0]  ; clk_i        ; clk_i       ; 1.000        ; -0.119     ; 3.544      ;
; -2.638 ; divisor50mhz:div50_u0|ctr_w[3]  ; divisor50mhz:div50_u0|ctr_w[25] ; clk_i        ; clk_i       ; 1.000        ; -0.090     ; 3.546      ;
; -2.638 ; divisor50mhz:div50_u0|ctr_w[1]  ; divisor50mhz:div50_u0|ctr_w[23] ; clk_i        ; clk_i       ; 1.000        ; -0.090     ; 3.546      ;
; -2.623 ; divisor50mhz:div50_u0|ctr_w[0]  ; divisor50mhz:div50_u0|ctr_w[22] ; clk_i        ; clk_i       ; 1.000        ; -0.090     ; 3.531      ;
; -2.606 ; divisor50mhz:div50_u0|ctr_w[0]  ; divisor50mhz:div50_u0|ctr_w[30] ; clk_i        ; clk_i       ; 1.000        ; -0.091     ; 3.513      ;
; -2.593 ; divisor50mhz:div50_u0|ctr_w[0]  ; divisor50mhz:div50_u0|ctr_w[21] ; clk_i        ; clk_i       ; 1.000        ; -0.090     ; 3.501      ;
; -2.577 ; divisor50mhz:div50_u0|ctr_w[3]  ; divisor50mhz:div50_u0|ctr_w[22] ; clk_i        ; clk_i       ; 1.000        ; -0.090     ; 3.485      ;
; -2.576 ; divisor50mhz:div50_u0|ctr_w[0]  ; divisor50mhz:div50_u0|ctr_w[29] ; clk_i        ; clk_i       ; 1.000        ; -0.091     ; 3.483      ;
; -2.575 ; divisor50mhz:div50_u0|ctr_w[2]  ; divisor50mhz:div50_u0|ctr_w[23] ; clk_i        ; clk_i       ; 1.000        ; -0.090     ; 3.483      ;
; -2.574 ; divisor50mhz:div50_u0|ctr_w[0]  ; divisor50mhz:div50_u0|ctr_w[19] ; clk_i        ; clk_i       ; 1.000        ; -0.090     ; 3.482      ;
; -2.574 ; divisor50mhz:div50_u0|ctr_w[2]  ; divisor50mhz:div50_u0|ctr_w[31] ; clk_i        ; clk_i       ; 1.000        ; -0.091     ; 3.481      ;
; -2.567 ; divisor50mhz:div50_u0|ctr_w[4]  ; divisor50mhz:div50_u0|ctr_w[25] ; clk_i        ; clk_i       ; 1.000        ; -0.090     ; 3.475      ;
; -2.562 ; divisor50mhz:div50_u0|ctr_w[1]  ; divisor50mhz:div50_u0|ctr_w[28] ; clk_i        ; clk_i       ; 1.000        ; -0.091     ; 3.469      ;
; -2.560 ; divisor50mhz:div50_u0|ctr_w[3]  ; divisor50mhz:div50_u0|ctr_w[30] ; clk_i        ; clk_i       ; 1.000        ; -0.091     ; 3.467      ;
; -2.558 ; divisor50mhz:div50_u0|ctr_w[7]  ; divisor50mhz:div50_u0|ctr_w[25] ; clk_i        ; clk_i       ; 1.000        ; -0.091     ; 3.465      ;
; -2.551 ; divisor50mhz:div50_u0|ctr_w[1]  ; divisor50mhz:div50_u0|ctr_w[20] ; clk_i        ; clk_i       ; 1.000        ; -0.090     ; 3.459      ;
; -2.543 ; divisor50mhz:div50_u0|ctr_w[1]  ; divisor50mhz:div50_u0|ctr_w[29] ; clk_i        ; clk_i       ; 1.000        ; -0.091     ; 3.450      ;
; -2.541 ; divisor50mhz:div50_u0|ctr_w[3]  ; divisor50mhz:div50_u0|ctr_w[31] ; clk_i        ; clk_i       ; 1.000        ; -0.091     ; 3.448      ;
; -2.536 ; divisor50mhz:div50_u0|ctr_w[1]  ; divisor50mhz:div50_u0|ctr_w[19] ; clk_i        ; clk_i       ; 1.000        ; -0.090     ; 3.444      ;
; -2.530 ; divisor50mhz:div50_u0|ctr_w[1]  ; divisor50mhz:div50_u0|ctr_w[21] ; clk_i        ; clk_i       ; 1.000        ; -0.090     ; 3.438      ;
; -2.508 ; divisor50mhz:div50_u0|ctr_w[27] ; divisor50mhz:div50_u0|ctr_w[0]  ; clk_i        ; clk_i       ; 1.000        ; -0.119     ; 3.387      ;
; -2.506 ; divisor50mhz:div50_u0|ctr_w[5]  ; divisor50mhz:div50_u0|ctr_w[25] ; clk_i        ; clk_i       ; 1.000        ; -0.090     ; 3.414      ;
; -2.506 ; divisor50mhz:div50_u0|ctr_w[24] ; divisor50mhz:div50_u0|ctr_w[0]  ; clk_i        ; clk_i       ; 1.000        ; -0.119     ; 3.385      ;
; -2.504 ; divisor50mhz:div50_u0|ctr_w[3]  ; divisor50mhz:div50_u0|ctr_w[23] ; clk_i        ; clk_i       ; 1.000        ; -0.090     ; 3.412      ;
; -2.497 ; divisor50mhz:div50_u0|ctr_w[7]  ; divisor50mhz:div50_u0|ctr_w[22] ; clk_i        ; clk_i       ; 1.000        ; -0.091     ; 3.404      ;
; -2.489 ; divisor50mhz:div50_u0|ctr_w[2]  ; divisor50mhz:div50_u0|ctr_w[22] ; clk_i        ; clk_i       ; 1.000        ; -0.090     ; 3.397      ;
; -2.488 ; divisor50mhz:div50_u0|ctr_w[20] ; divisor50mhz:div50_u0|ctr_w[0]  ; clk_i        ; clk_i       ; 1.000        ; -0.120     ; 3.366      ;
; -2.481 ; divisor50mhz:div50_u0|ctr_w[4]  ; divisor50mhz:div50_u0|ctr_w[0]  ; clk_i        ; clk_i       ; 1.000        ; -0.081     ; 3.398      ;
; -2.480 ; divisor50mhz:div50_u0|ctr_w[7]  ; divisor50mhz:div50_u0|ctr_w[30] ; clk_i        ; clk_i       ; 1.000        ; -0.092     ; 3.386      ;
; -2.477 ; divisor50mhz:div50_u0|ctr_w[22] ; divisor50mhz:div50_u0|ctr_w[0]  ; clk_i        ; clk_i       ; 1.000        ; -0.120     ; 3.355      ;
; -2.474 ; divisor50mhz:div50_u0|ctr_w[0]  ; divisor50mhz:div50_u0|ctr_w[28] ; clk_i        ; clk_i       ; 1.000        ; -0.091     ; 3.381      ;
; -2.472 ; divisor50mhz:div50_u0|ctr_w[2]  ; divisor50mhz:div50_u0|ctr_w[30] ; clk_i        ; clk_i       ; 1.000        ; -0.091     ; 3.379      ;
; -2.463 ; divisor50mhz:div50_u0|ctr_w[0]  ; divisor50mhz:div50_u0|ctr_w[20] ; clk_i        ; clk_i       ; 1.000        ; -0.090     ; 3.371      ;
; -2.462 ; divisor50mhz:div50_u0|ctr_w[5]  ; divisor50mhz:div50_u0|ctr_w[0]  ; clk_i        ; clk_i       ; 1.000        ; -0.081     ; 3.379      ;
; -2.461 ; divisor50mhz:div50_u0|ctr_w[7]  ; divisor50mhz:div50_u0|ctr_w[31] ; clk_i        ; clk_i       ; 1.000        ; -0.092     ; 3.367      ;
; -2.459 ; divisor50mhz:div50_u0|ctr_w[2]  ; divisor50mhz:div50_u0|ctr_w[21] ; clk_i        ; clk_i       ; 1.000        ; -0.090     ; 3.367      ;
; -2.445 ; divisor50mhz:div50_u0|ctr_w[5]  ; divisor50mhz:div50_u0|ctr_w[22] ; clk_i        ; clk_i       ; 1.000        ; -0.090     ; 3.353      ;
; -2.444 ; divisor50mhz:div50_u0|ctr_w[0]  ; divisor50mhz:div50_u0|ctr_w[27] ; clk_i        ; clk_i       ; 1.000        ; -0.091     ; 3.351      ;
; -2.444 ; divisor50mhz:div50_u0|ctr_w[4]  ; divisor50mhz:div50_u0|ctr_w[23] ; clk_i        ; clk_i       ; 1.000        ; -0.090     ; 3.352      ;
; -2.443 ; divisor50mhz:div50_u0|ctr_w[4]  ; divisor50mhz:div50_u0|ctr_w[31] ; clk_i        ; clk_i       ; 1.000        ; -0.091     ; 3.350      ;
; -2.442 ; divisor50mhz:div50_u0|ctr_w[2]  ; divisor50mhz:div50_u0|ctr_w[29] ; clk_i        ; clk_i       ; 1.000        ; -0.091     ; 3.349      ;
; -2.440 ; divisor50mhz:div50_u0|ctr_w[2]  ; divisor50mhz:div50_u0|ctr_w[19] ; clk_i        ; clk_i       ; 1.000        ; -0.090     ; 3.348      ;
; -2.431 ; divisor50mhz:div50_u0|ctr_w[6]  ; divisor50mhz:div50_u0|ctr_w[25] ; clk_i        ; clk_i       ; 1.000        ; -0.090     ; 3.339      ;
; -2.430 ; divisor50mhz:div50_u0|ctr_w[1]  ; divisor50mhz:div50_u0|ctr_w[26] ; clk_i        ; clk_i       ; 1.000        ; -0.091     ; 3.337      ;
; -2.428 ; divisor50mhz:div50_u0|ctr_w[5]  ; divisor50mhz:div50_u0|ctr_w[30] ; clk_i        ; clk_i       ; 1.000        ; -0.091     ; 3.335      ;
; -2.428 ; divisor50mhz:div50_u0|ctr_w[3]  ; divisor50mhz:div50_u0|ctr_w[28] ; clk_i        ; clk_i       ; 1.000        ; -0.091     ; 3.335      ;
; -2.424 ; divisor50mhz:div50_u0|ctr_w[7]  ; divisor50mhz:div50_u0|ctr_w[23] ; clk_i        ; clk_i       ; 1.000        ; -0.091     ; 3.331      ;
; -2.417 ; divisor50mhz:div50_u0|ctr_w[3]  ; divisor50mhz:div50_u0|ctr_w[20] ; clk_i        ; clk_i       ; 1.000        ; -0.090     ; 3.325      ;
; -2.411 ; divisor50mhz:div50_u0|ctr_w[1]  ; divisor50mhz:div50_u0|ctr_w[27] ; clk_i        ; clk_i       ; 1.000        ; -0.091     ; 3.318      ;
; -2.409 ; divisor50mhz:div50_u0|ctr_w[5]  ; divisor50mhz:div50_u0|ctr_w[31] ; clk_i        ; clk_i       ; 1.000        ; -0.091     ; 3.316      ;
; -2.409 ; divisor50mhz:div50_u0|ctr_w[3]  ; divisor50mhz:div50_u0|ctr_w[29] ; clk_i        ; clk_i       ; 1.000        ; -0.091     ; 3.316      ;
; -2.402 ; divisor50mhz:div50_u0|ctr_w[3]  ; divisor50mhz:div50_u0|ctr_w[19] ; clk_i        ; clk_i       ; 1.000        ; -0.090     ; 3.310      ;
; -2.396 ; divisor50mhz:div50_u0|ctr_w[3]  ; divisor50mhz:div50_u0|ctr_w[21] ; clk_i        ; clk_i       ; 1.000        ; -0.090     ; 3.304      ;
; -2.382 ; divisor50mhz:div50_u0|ctr_w[16] ; divisor50mhz:div50_u0|ctr_w[0]  ; clk_i        ; clk_i       ; 1.000        ; -0.119     ; 3.261      ;
; -2.372 ; divisor50mhz:div50_u0|ctr_w[5]  ; divisor50mhz:div50_u0|ctr_w[23] ; clk_i        ; clk_i       ; 1.000        ; -0.090     ; 3.280      ;
; -2.372 ; divisor50mhz:div50_u0|ctr_w[23] ; divisor50mhz:div50_u0|ctr_w[0]  ; clk_i        ; clk_i       ; 1.000        ; -0.120     ; 3.250      ;
; -2.358 ; divisor50mhz:div50_u0|ctr_w[4]  ; divisor50mhz:div50_u0|ctr_w[22] ; clk_i        ; clk_i       ; 1.000        ; -0.090     ; 3.266      ;
; -2.348 ; divisor50mhz:div50_u0|ctr_w[7]  ; divisor50mhz:div50_u0|ctr_w[28] ; clk_i        ; clk_i       ; 1.000        ; -0.092     ; 3.254      ;
+--------+---------------------------------+---------------------------------+--------------+-------------+--------------+------------+------------+


+---------------------------------------------------------------------------------------------------------------------------------------------------------------------------------+
; Slow 1200mV 85C Model Setup: 'monociclo:DUT|pc_w[2]'                                                                                                                            ;
+--------+-----------------------+----------------------------------------------+--------------------------------+-----------------------+--------------+------------+------------+
; Slack  ; From Node             ; To Node                                      ; Launch Clock                   ; Latch Clock           ; Relationship ; Clock Skew ; Data Delay ;
+--------+-----------------------+----------------------------------------------+--------------------------------+-----------------------+--------------+------------+------------+
; -2.998 ; monociclo:DUT|pc_w[5] ; monociclo:DUT|aluctrl:aluctrl_u0|brctrl_o[0] ; divisor50mhz:div50_u0|clk1hz_o ; monociclo:DUT|pc_w[2] ; 1.000        ; -0.768     ; 2.523      ;
; -2.898 ; monociclo:DUT|pc_w[3] ; monociclo:DUT|aluctrl:aluctrl_u0|brctrl_o[0] ; divisor50mhz:div50_u0|clk1hz_o ; monociclo:DUT|pc_w[2] ; 1.000        ; -0.768     ; 2.423      ;
; -2.710 ; monociclo:DUT|pc_w[4] ; monociclo:DUT|aluctrl:aluctrl_u0|brctrl_o[0] ; divisor50mhz:div50_u0|clk1hz_o ; monociclo:DUT|pc_w[2] ; 1.000        ; -0.768     ; 2.235      ;
; -2.040 ; monociclo:DUT|pc_w[6] ; monociclo:DUT|aluctrl:aluctrl_u0|brctrl_o[0] ; divisor50mhz:div50_u0|clk1hz_o ; monociclo:DUT|pc_w[2] ; 1.000        ; -0.768     ; 1.565      ;
; -0.629 ; monociclo:DUT|pc_w[2] ; monociclo:DUT|aluctrl:aluctrl_u0|brctrl_o[0] ; monociclo:DUT|pc_w[2]          ; monociclo:DUT|pc_w[2] ; 0.500        ; 1.861      ; 2.525      ;
; -0.119 ; monociclo:DUT|pc_w[2] ; monociclo:DUT|aluctrl:aluctrl_u0|brctrl_o[0] ; monociclo:DUT|pc_w[2]          ; monociclo:DUT|pc_w[2] ; 1.000        ; 1.861      ; 2.515      ;
+--------+-----------------------+----------------------------------------------+--------------------------------+-----------------------+--------------+------------+------------+


+--------------------------------------------------------------------------------------------------------------------------------------------------------------------------------+
; Slow 1200mV 85C Model Hold: 'monociclo:DUT|pc_w[2]'                                                                                                                            ;
+-------+-----------------------+----------------------------------------------+--------------------------------+-----------------------+--------------+------------+------------+
; Slack ; From Node             ; To Node                                      ; Launch Clock                   ; Latch Clock           ; Relationship ; Clock Skew ; Data Delay ;
+-------+-----------------------+----------------------------------------------+--------------------------------+-----------------------+--------------+------------+------------+
; 0.117 ; monociclo:DUT|pc_w[2] ; monociclo:DUT|aluctrl:aluctrl_u0|brctrl_o[0] ; monociclo:DUT|pc_w[2]          ; monociclo:DUT|pc_w[2] ; 0.000        ; 1.968      ; 2.317      ;
; 0.545 ; monociclo:DUT|pc_w[2] ; monociclo:DUT|aluctrl:aluctrl_u0|brctrl_o[0] ; monociclo:DUT|pc_w[2]          ; monociclo:DUT|pc_w[2] ; -0.500       ; 1.968      ; 2.245      ;
; 1.967 ; monociclo:DUT|pc_w[6] ; monociclo:DUT|aluctrl:aluctrl_u0|brctrl_o[0] ; divisor50mhz:div50_u0|clk1hz_o ; monociclo:DUT|pc_w[2] ; 0.000        ; -0.537     ; 1.440      ;
; 2.549 ; monociclo:DUT|pc_w[4] ; monociclo:DUT|aluctrl:aluctrl_u0|brctrl_o[0] ; divisor50mhz:div50_u0|clk1hz_o ; monociclo:DUT|pc_w[2] ; 0.000        ; -0.537     ; 2.022      ;
; 2.698 ; monociclo:DUT|pc_w[3] ; monociclo:DUT|aluctrl:aluctrl_u0|brctrl_o[0] ; divisor50mhz:div50_u0|clk1hz_o ; monociclo:DUT|pc_w[2] ; 0.000        ; -0.537     ; 2.171      ;
; 2.758 ; monociclo:DUT|pc_w[5] ; monociclo:DUT|aluctrl:aluctrl_u0|brctrl_o[0] ; divisor50mhz:div50_u0|clk1hz_o ; monociclo:DUT|pc_w[2] ; 0.000        ; -0.537     ; 2.231      ;
+-------+-----------------------+----------------------------------------------+--------------------------------+-----------------------+--------------+------------+------------+


+-----------------------------------------------------------------------------------------------------------------------------------------------------------------------------------------------+
; Slow 1200mV 85C Model Hold: 'divisor50mhz:div50_u0|clk1hz_o'                                                                                                                                  ;
+-------+-----------------------+----------------------------------------------------+--------------------------------+--------------------------------+--------------+------------+------------+
; Slack ; From Node             ; To Node                                            ; Launch Clock                   ; Latch Clock                    ; Relationship ; Clock Skew ; Data Delay ;
+-------+-----------------------+----------------------------------------------------+--------------------------------+--------------------------------+--------------+------------+------------+
; 0.636 ; monociclo:DUT|pc_w[1] ; monociclo:DUT|pc_w[1]                              ; divisor50mhz:div50_u0|clk1hz_o ; divisor50mhz:div50_u0|clk1hz_o ; 0.000        ; 0.079      ; 0.901      ;
; 0.730 ; monociclo:DUT|pc_w[6] ; monociclo:DUT|pc_w[6]                              ; divisor50mhz:div50_u0|clk1hz_o ; divisor50mhz:div50_u0|clk1hz_o ; 0.000        ; 0.043      ; 0.959      ;
; 0.816 ; monociclo:DUT|pc_w[0] ; monociclo:DUT|pc_w[0]                              ; divisor50mhz:div50_u0|clk1hz_o ; divisor50mhz:div50_u0|clk1hz_o ; 0.000        ; 0.079      ; 1.081      ;
; 0.904 ; monociclo:DUT|pc_w[4] ; monociclo:DUT|pc_w[4]                              ; divisor50mhz:div50_u0|clk1hz_o ; divisor50mhz:div50_u0|clk1hz_o ; 0.000        ; 0.043      ; 1.133      ;
; 0.928 ; monociclo:DUT|pc_w[2] ; monociclo:DUT|pc_w[2]                              ; monociclo:DUT|pc_w[2]          ; divisor50mhz:div50_u0|clk1hz_o ; 0.000        ; 3.644      ; 5.000      ;
; 1.126 ; monociclo:DUT|pc_w[0] ; monociclo:DUT|pc_w[1]                              ; divisor50mhz:div50_u0|clk1hz_o ; divisor50mhz:div50_u0|clk1hz_o ; 0.000        ; 0.079      ; 1.391      ;
; 1.226 ; monociclo:DUT|pc_w[4] ; monociclo:DUT|pc_w[5]                              ; divisor50mhz:div50_u0|clk1hz_o ; divisor50mhz:div50_u0|clk1hz_o ; 0.000        ; 0.048      ; 1.460      ;
; 1.230 ; monociclo:DUT|pc_w[2] ; monociclo:DUT|pc_w[2]                              ; monociclo:DUT|pc_w[2]          ; divisor50mhz:div50_u0|clk1hz_o ; -0.500       ; 3.644      ; 4.802      ;
; 1.231 ; monociclo:DUT|pc_w[4] ; monociclo:DUT|pc_w[6]                              ; divisor50mhz:div50_u0|clk1hz_o ; divisor50mhz:div50_u0|clk1hz_o ; 0.000        ; 0.048      ; 1.465      ;
; 1.517 ; monociclo:DUT|pc_w[2] ; monociclo:DUT|pc_w[3]                              ; monociclo:DUT|pc_w[2]          ; divisor50mhz:div50_u0|clk1hz_o ; 0.000        ; 2.629      ; 4.574      ;
; 1.520 ; monociclo:DUT|pc_w[2] ; monociclo:DUT|dcache:dcache_u0|datacache~181       ; monociclo:DUT|pc_w[2]          ; divisor50mhz:div50_u0|clk1hz_o ; 0.000        ; 3.599      ; 5.547      ;
; 1.528 ; monociclo:DUT|pc_w[5] ; monociclo:DUT|pc_w[5]                              ; divisor50mhz:div50_u0|clk1hz_o ; divisor50mhz:div50_u0|clk1hz_o ; 0.000        ; 0.043      ; 1.757      ;
; 1.538 ; monociclo:DUT|pc_w[2] ; monociclo:DUT|dcache:dcache_u0|datacache~245       ; monociclo:DUT|pc_w[2]          ; divisor50mhz:div50_u0|clk1hz_o ; 0.000        ; 3.600      ; 5.566      ;
; 1.566 ; monociclo:DUT|pc_w[2] ; monociclo:DUT|registerfile:regfile_u0|regfile~277  ; monociclo:DUT|pc_w[2]          ; divisor50mhz:div50_u0|clk1hz_o ; 0.000        ; 3.642      ; 5.636      ;
; 1.568 ; monociclo:DUT|pc_w[2] ; monociclo:DUT|registerfile:regfile_u0|regfile~1013 ; monociclo:DUT|pc_w[2]          ; divisor50mhz:div50_u0|clk1hz_o ; 0.000        ; 3.642      ; 5.638      ;
; 1.572 ; monociclo:DUT|pc_w[2] ; monociclo:DUT|dcache:dcache_u0|datacache~149       ; monociclo:DUT|pc_w[2]          ; divisor50mhz:div50_u0|clk1hz_o ; 0.000        ; 3.599      ; 5.599      ;
; 1.593 ; monociclo:DUT|pc_w[2] ; monociclo:DUT|registerfile:regfile_u0|regfile~977  ; monociclo:DUT|pc_w[2]          ; divisor50mhz:div50_u0|clk1hz_o ; 0.000        ; 3.618      ; 5.639      ;
; 1.593 ; monociclo:DUT|pc_w[2] ; monociclo:DUT|registerfile:regfile_u0|regfile~245  ; monociclo:DUT|pc_w[2]          ; divisor50mhz:div50_u0|clk1hz_o ; 0.000        ; 3.642      ; 5.663      ;
; 1.593 ; monociclo:DUT|pc_w[2] ; monociclo:DUT|registerfile:regfile_u0|regfile~213  ; monociclo:DUT|pc_w[2]          ; divisor50mhz:div50_u0|clk1hz_o ; 0.000        ; 3.642      ; 5.663      ;
; 1.595 ; monociclo:DUT|pc_w[2] ; monociclo:DUT|registerfile:regfile_u0|regfile~593  ; monociclo:DUT|pc_w[2]          ; divisor50mhz:div50_u0|clk1hz_o ; 0.000        ; 3.618      ; 5.641      ;
; 1.624 ; monociclo:DUT|pc_w[2] ; monociclo:DUT|registerfile:regfile_u0|regfile~233  ; monociclo:DUT|pc_w[2]          ; divisor50mhz:div50_u0|clk1hz_o ; 0.000        ; 3.617      ; 5.669      ;
; 1.625 ; monociclo:DUT|pc_w[2] ; monociclo:DUT|registerfile:regfile_u0|regfile~201  ; monociclo:DUT|pc_w[2]          ; divisor50mhz:div50_u0|clk1hz_o ; 0.000        ; 3.617      ; 5.670      ;
; 1.637 ; monociclo:DUT|pc_w[2] ; monociclo:DUT|dcache:dcache_u0|datacache~371       ; monociclo:DUT|pc_w[2]          ; divisor50mhz:div50_u0|clk1hz_o ; 0.000        ; 3.602      ; 5.667      ;
; 1.638 ; monociclo:DUT|pc_w[2] ; monociclo:DUT|dcache:dcache_u0|datacache~147       ; monociclo:DUT|pc_w[2]          ; divisor50mhz:div50_u0|clk1hz_o ; 0.000        ; 3.599      ; 5.665      ;
; 1.638 ; monociclo:DUT|pc_w[2] ; monociclo:DUT|dcache:dcache_u0|datacache~339       ; monociclo:DUT|pc_w[2]          ; divisor50mhz:div50_u0|clk1hz_o ; 0.000        ; 3.602      ; 5.668      ;
; 1.655 ; monociclo:DUT|pc_w[2] ; monociclo:DUT|dcache:dcache_u0|datacache~243       ; monociclo:DUT|pc_w[2]          ; divisor50mhz:div50_u0|clk1hz_o ; 0.000        ; 3.600      ; 5.683      ;
; 1.660 ; monociclo:DUT|pc_w[2] ; monociclo:DUT|dcache:dcache_u0|datacache~821       ; monociclo:DUT|pc_w[2]          ; divisor50mhz:div50_u0|clk1hz_o ; 0.000        ; 3.608      ; 5.696      ;
; 1.662 ; monociclo:DUT|pc_w[2] ; monociclo:DUT|registerfile:regfile_u0|regfile~286  ; monociclo:DUT|pc_w[2]          ; divisor50mhz:div50_u0|clk1hz_o ; 0.000        ; 3.629      ; 5.719      ;
; 1.686 ; monociclo:DUT|pc_w[2] ; monociclo:DUT|dcache:dcache_u0|datacache~307       ; monociclo:DUT|pc_w[2]          ; divisor50mhz:div50_u0|clk1hz_o ; 0.000        ; 3.603      ; 5.717      ;
; 1.686 ; monociclo:DUT|pc_w[2] ; monociclo:DUT|dcache:dcache_u0|datacache~275       ; monociclo:DUT|pc_w[2]          ; divisor50mhz:div50_u0|clk1hz_o ; 0.000        ; 3.603      ; 5.717      ;
; 1.688 ; monociclo:DUT|pc_w[2] ; monociclo:DUT|dcache:dcache_u0|datacache~725       ; monociclo:DUT|pc_w[2]          ; divisor50mhz:div50_u0|clk1hz_o ; 0.000        ; 3.627      ; 5.743      ;
; 1.701 ; monociclo:DUT|pc_w[2] ; monociclo:DUT|dcache:dcache_u0|datacache~211       ; monociclo:DUT|pc_w[2]          ; divisor50mhz:div50_u0|clk1hz_o ; 0.000        ; 3.610      ; 5.739      ;
; 1.702 ; monociclo:DUT|pc_w[2] ; monociclo:DUT|dcache:dcache_u0|datacache~159       ; monociclo:DUT|pc_w[2]          ; divisor50mhz:div50_u0|clk1hz_o ; 0.000        ; 3.601      ; 5.731      ;
; 1.706 ; monociclo:DUT|pc_w[2] ; monociclo:DUT|registerfile:regfile_u0|regfile~606  ; monociclo:DUT|pc_w[2]          ; divisor50mhz:div50_u0|clk1hz_o ; 0.000        ; 3.617      ; 5.751      ;
; 1.711 ; monociclo:DUT|pc_w[2] ; monociclo:DUT|registerfile:regfile_u0|regfile~1022 ; monociclo:DUT|pc_w[2]          ; divisor50mhz:div50_u0|clk1hz_o ; 0.000        ; 3.617      ; 5.756      ;
; 1.729 ; monociclo:DUT|pc_w[2] ; monociclo:DUT|dcache:dcache_u0|datacache~723       ; monociclo:DUT|pc_w[2]          ; divisor50mhz:div50_u0|clk1hz_o ; 0.000        ; 3.612      ; 5.769      ;
; 1.733 ; monociclo:DUT|pc_w[2] ; monociclo:DUT|dcache:dcache_u0|datacache~841       ; monociclo:DUT|pc_w[2]          ; divisor50mhz:div50_u0|clk1hz_o ; 0.000        ; 3.602      ; 5.763      ;
; 1.743 ; monociclo:DUT|pc_w[2] ; monociclo:DUT|dcache:dcache_u0|datacache~179       ; monociclo:DUT|pc_w[2]          ; divisor50mhz:div50_u0|clk1hz_o ; 0.000        ; 3.599      ; 5.770      ;
; 1.743 ; monociclo:DUT|pc_w[2] ; monociclo:DUT|dcache:dcache_u0|datacache~787       ; monociclo:DUT|pc_w[2]          ; divisor50mhz:div50_u0|clk1hz_o ; 0.000        ; 3.598      ; 5.769      ;
; 1.747 ; monociclo:DUT|pc_w[2] ; monociclo:DUT|dcache:dcache_u0|datacache~531       ; monociclo:DUT|pc_w[2]          ; divisor50mhz:div50_u0|clk1hz_o ; 0.000        ; 3.600      ; 5.775      ;
; 1.751 ; monociclo:DUT|pc_w[2] ; monociclo:DUT|dcache:dcache_u0|datacache~851       ; monociclo:DUT|pc_w[2]          ; divisor50mhz:div50_u0|clk1hz_o ; 0.000        ; 3.628      ; 5.807      ;
; 1.756 ; monociclo:DUT|pc_w[2] ; monociclo:DUT|dcache:dcache_u0|datacache~363       ; monociclo:DUT|pc_w[2]          ; divisor50mhz:div50_u0|clk1hz_o ; 0.000        ; 3.608      ; 5.792      ;
; 1.760 ; monociclo:DUT|pc_w[2] ; monociclo:DUT|registerfile:regfile_u0|regfile~244  ; monociclo:DUT|pc_w[2]          ; divisor50mhz:div50_u0|clk1hz_o ; 0.000        ; 3.642      ; 5.830      ;
; 1.761 ; monociclo:DUT|pc_w[2] ; monociclo:DUT|dcache:dcache_u0|datacache~939       ; monociclo:DUT|pc_w[2]          ; divisor50mhz:div50_u0|clk1hz_o ; 0.000        ; 3.604      ; 5.793      ;
; 1.761 ; monociclo:DUT|pc_w[2] ; monociclo:DUT|registerfile:regfile_u0|regfile~212  ; monociclo:DUT|pc_w[2]          ; divisor50mhz:div50_u0|clk1hz_o ; 0.000        ; 3.642      ; 5.831      ;
; 1.787 ; monociclo:DUT|pc_w[2] ; monociclo:DUT|dcache:dcache_u0|datacache~203       ; monociclo:DUT|pc_w[2]          ; divisor50mhz:div50_u0|clk1hz_o ; 0.000        ; 3.616      ; 5.831      ;
; 1.790 ; monociclo:DUT|pc_w[2] ; monociclo:DUT|dcache:dcache_u0|datacache~688       ; monociclo:DUT|pc_w[2]          ; divisor50mhz:div50_u0|clk1hz_o ; 0.000        ; 3.611      ; 5.829      ;
; 1.793 ; monociclo:DUT|pc_w[2] ; monociclo:DUT|dcache:dcache_u0|datacache~976       ; monociclo:DUT|pc_w[2]          ; divisor50mhz:div50_u0|clk1hz_o ; 0.000        ; 3.628      ; 5.849      ;
; 1.793 ; monociclo:DUT|pc_w[2] ; monociclo:DUT|registerfile:regfile_u0|regfile~598  ; monociclo:DUT|pc_w[2]          ; divisor50mhz:div50_u0|clk1hz_o ; 0.000        ; 3.626      ; 5.847      ;
; 1.795 ; monociclo:DUT|pc_w[2] ; monociclo:DUT|registerfile:regfile_u0|regfile~982  ; monociclo:DUT|pc_w[2]          ; divisor50mhz:div50_u0|clk1hz_o ; 0.000        ; 3.626      ; 5.849      ;
; 1.802 ; monociclo:DUT|pc_w[2] ; monociclo:DUT|dcache:dcache_u0|datacache~299       ; monociclo:DUT|pc_w[2]          ; divisor50mhz:div50_u0|clk1hz_o ; 0.000        ; 3.608      ; 5.838      ;
; 1.802 ; monociclo:DUT|pc_w[2] ; monociclo:DUT|dcache:dcache_u0|datacache~277       ; monociclo:DUT|pc_w[2]          ; divisor50mhz:div50_u0|clk1hz_o ; 0.000        ; 3.603      ; 5.833      ;
; 1.806 ; monociclo:DUT|pc_w[2] ; monociclo:DUT|dcache:dcache_u0|datacache~309       ; monociclo:DUT|pc_w[2]          ; divisor50mhz:div50_u0|clk1hz_o ; 0.000        ; 3.603      ; 5.837      ;
; 1.806 ; monociclo:DUT|pc_w[2] ; monociclo:DUT|dcache:dcache_u0|datacache~629       ; monociclo:DUT|pc_w[2]          ; divisor50mhz:div50_u0|clk1hz_o ; 0.000        ; 3.609      ; 5.843      ;
; 1.806 ; monociclo:DUT|pc_w[2] ; monociclo:DUT|registerfile:regfile_u0|regfile~1009 ; monociclo:DUT|pc_w[2]          ; divisor50mhz:div50_u0|clk1hz_o ; 0.000        ; 3.618      ; 5.852      ;
; 1.817 ; monociclo:DUT|pc_w[2] ; monociclo:DUT|dcache:dcache_u0|datacache~1001      ; monociclo:DUT|pc_w[2]          ; divisor50mhz:div50_u0|clk1hz_o ; 0.000        ; 3.597      ; 5.842      ;
; 1.818 ; monociclo:DUT|pc_w[2] ; monociclo:DUT|dcache:dcache_u0|datacache~873       ; monociclo:DUT|pc_w[2]          ; divisor50mhz:div50_u0|clk1hz_o ; 0.000        ; 3.597      ; 5.843      ;
; 1.827 ; monociclo:DUT|pc_w[2] ; monociclo:DUT|dcache:dcache_u0|datacache~383       ; monociclo:DUT|pc_w[2]          ; divisor50mhz:div50_u0|clk1hz_o ; 0.000        ; 3.608      ; 5.863      ;
; 1.830 ; monociclo:DUT|pc_w[2] ; monociclo:DUT|dcache:dcache_u0|datacache~969       ; monociclo:DUT|pc_w[2]          ; divisor50mhz:div50_u0|clk1hz_o ; 0.000        ; 3.602      ; 5.860      ;
; 1.834 ; monociclo:DUT|pc_w[2] ; monociclo:DUT|registerfile:regfile_u0|regfile~1014 ; monociclo:DUT|pc_w[2]          ; divisor50mhz:div50_u0|clk1hz_o ; 0.000        ; 3.626      ; 5.888      ;
; 1.841 ; monociclo:DUT|pc_w[5] ; monociclo:DUT|pc_w[6]                              ; divisor50mhz:div50_u0|clk1hz_o ; divisor50mhz:div50_u0|clk1hz_o ; 0.000        ; 0.048      ; 2.075      ;
; 1.841 ; monociclo:DUT|pc_w[2] ; monociclo:DUT|pc_w[4]                              ; monociclo:DUT|pc_w[2]          ; divisor50mhz:div50_u0|clk1hz_o ; 0.000        ; 2.629      ; 4.898      ;
; 1.849 ; monociclo:DUT|pc_w[2] ; monociclo:DUT|dcache:dcache_u0|datacache~947       ; monociclo:DUT|pc_w[2]          ; divisor50mhz:div50_u0|clk1hz_o ; 0.000        ; 3.613      ; 5.890      ;
; 1.852 ; monociclo:DUT|pc_w[2] ; monociclo:DUT|dcache:dcache_u0|datacache~853       ; monociclo:DUT|pc_w[2]          ; divisor50mhz:div50_u0|clk1hz_o ; 0.000        ; 3.628      ; 5.908      ;
; 1.855 ; monociclo:DUT|pc_w[2] ; monociclo:DUT|dcache:dcache_u0|datacache~255       ; monociclo:DUT|pc_w[2]          ; divisor50mhz:div50_u0|clk1hz_o ; 0.000        ; 3.600      ; 5.883      ;
; 1.859 ; monociclo:DUT|pc_w[2] ; monociclo:DUT|dcache:dcache_u0|datacache~373       ; monociclo:DUT|pc_w[2]          ; divisor50mhz:div50_u0|clk1hz_o ; 0.000        ; 3.602      ; 5.889      ;
; 1.862 ; monociclo:DUT|pc_w[2] ; monociclo:DUT|dcache:dcache_u0|datacache~735       ; monociclo:DUT|pc_w[2]          ; divisor50mhz:div50_u0|clk1hz_o ; 0.000        ; 3.612      ; 5.902      ;
; 1.863 ; monociclo:DUT|pc_w[2] ; monociclo:DUT|dcache:dcache_u0|datacache~341       ; monociclo:DUT|pc_w[2]          ; divisor50mhz:div50_u0|clk1hz_o ; 0.000        ; 3.602      ; 5.893      ;
; 1.867 ; monociclo:DUT|pc_w[2] ; monociclo:DUT|dcache:dcache_u0|datacache~1013      ; monociclo:DUT|pc_w[2]          ; divisor50mhz:div50_u0|clk1hz_o ; 0.000        ; 3.610      ; 5.905      ;
; 1.867 ; monociclo:DUT|pc_w[2] ; monociclo:DUT|registerfile:regfile_u0|regfile~222  ; monociclo:DUT|pc_w[2]          ; divisor50mhz:div50_u0|clk1hz_o ; 0.000        ; 3.616      ; 5.911      ;
; 1.867 ; monociclo:DUT|pc_w[2] ; monociclo:DUT|registerfile:regfile_u0|regfile~318  ; monociclo:DUT|pc_w[2]          ; divisor50mhz:div50_u0|clk1hz_o ; 0.000        ; 3.616      ; 5.911      ;
; 1.869 ; monociclo:DUT|pc_w[2] ; monociclo:DUT|registerfile:regfile_u0|regfile~181  ; monociclo:DUT|pc_w[2]          ; divisor50mhz:div50_u0|clk1hz_o ; 0.000        ; 3.616      ; 5.913      ;
; 1.871 ; monociclo:DUT|pc_w[2] ; monociclo:DUT|dcache:dcache_u0|datacache~831       ; monociclo:DUT|pc_w[2]          ; divisor50mhz:div50_u0|clk1hz_o ; 0.000        ; 3.596      ; 5.895      ;
; 1.871 ; monociclo:DUT|pc_w[2] ; monociclo:DUT|dcache:dcache_u0|datacache~713       ; monociclo:DUT|pc_w[2]          ; divisor50mhz:div50_u0|clk1hz_o ; 0.000        ; 3.600      ; 5.899      ;
; 1.872 ; monociclo:DUT|pc_w[2] ; monociclo:DUT|dcache:dcache_u0|datacache~575       ; monociclo:DUT|pc_w[2]          ; divisor50mhz:div50_u0|clk1hz_o ; 0.000        ; 3.596      ; 5.896      ;
; 1.873 ; monociclo:DUT|pc_w[2] ; monociclo:DUT|registerfile:regfile_u0|regfile~265  ; monociclo:DUT|pc_w[2]          ; divisor50mhz:div50_u0|clk1hz_o ; 0.000        ; 3.617      ; 5.918      ;
; 1.873 ; monociclo:DUT|pc_w[2] ; monociclo:DUT|registerfile:regfile_u0|regfile~297  ; monociclo:DUT|pc_w[2]          ; divisor50mhz:div50_u0|clk1hz_o ; 0.000        ; 3.617      ; 5.918      ;
; 1.875 ; monociclo:DUT|pc_w[2] ; monociclo:DUT|dcache:dcache_u0|datacache~848       ; monociclo:DUT|pc_w[2]          ; divisor50mhz:div50_u0|clk1hz_o ; 0.000        ; 3.611      ; 5.914      ;
; 1.878 ; monociclo:DUT|pc_w[2] ; monociclo:DUT|registerfile:regfile_u0|regfile~585  ; monociclo:DUT|pc_w[2]          ; divisor50mhz:div50_u0|clk1hz_o ; 0.000        ; 3.618      ; 5.924      ;
; 1.880 ; monociclo:DUT|pc_w[2] ; monociclo:DUT|registerfile:regfile_u0|regfile~295  ; monociclo:DUT|pc_w[2]          ; divisor50mhz:div50_u0|clk1hz_o ; 0.000        ; 3.604      ; 5.912      ;
; 1.882 ; monociclo:DUT|pc_w[2] ; monociclo:DUT|dcache:dcache_u0|datacache~233       ; monociclo:DUT|pc_w[2]          ; divisor50mhz:div50_u0|clk1hz_o ; 0.000        ; 3.616      ; 5.926      ;
; 1.888 ; monociclo:DUT|pc_w[2] ; monociclo:DUT|dcache:dcache_u0|datacache~863       ; monociclo:DUT|pc_w[2]          ; divisor50mhz:div50_u0|clk1hz_o ; 0.000        ; 3.611      ; 5.927      ;
; 1.890 ; monociclo:DUT|pc_w[2] ; monociclo:DUT|dcache:dcache_u0|datacache~691       ; monociclo:DUT|pc_w[2]          ; divisor50mhz:div50_u0|clk1hz_o ; 0.000        ; 3.613      ; 5.931      ;
; 1.893 ; monociclo:DUT|pc_w[2] ; monociclo:DUT|dcache:dcache_u0|datacache~435       ; monociclo:DUT|pc_w[2]          ; divisor50mhz:div50_u0|clk1hz_o ; 0.000        ; 3.633      ; 5.954      ;
; 1.893 ; monociclo:DUT|pc_w[2] ; monociclo:DUT|dcache:dcache_u0|datacache~607       ; monociclo:DUT|pc_w[2]          ; divisor50mhz:div50_u0|clk1hz_o ; 0.000        ; 3.611      ; 5.932      ;
; 1.896 ; monociclo:DUT|pc_w[2] ; monociclo:DUT|dcache:dcache_u0|datacache~1007      ; monociclo:DUT|pc_w[2]          ; divisor50mhz:div50_u0|clk1hz_o ; 0.000        ; 3.610      ; 5.934      ;
; 1.897 ; monociclo:DUT|pc_w[2] ; monociclo:DUT|dcache:dcache_u0|datacache~191       ; monociclo:DUT|pc_w[2]          ; divisor50mhz:div50_u0|clk1hz_o ; 0.000        ; 3.600      ; 5.925      ;
; 1.898 ; monociclo:DUT|pc_w[2] ; monociclo:DUT|dcache:dcache_u0|datacache~937       ; monociclo:DUT|pc_w[2]          ; divisor50mhz:div50_u0|clk1hz_o ; 0.000        ; 3.617      ; 5.943      ;
; 1.899 ; monociclo:DUT|pc_w[2] ; monociclo:DUT|registerfile:regfile_u0|regfile~319  ; monociclo:DUT|pc_w[2]          ; divisor50mhz:div50_u0|clk1hz_o ; 0.000        ; 3.619      ; 5.946      ;
; 1.901 ; monociclo:DUT|pc_w[2] ; monociclo:DUT|dcache:dcache_u0|datacache~981       ; monociclo:DUT|pc_w[2]          ; divisor50mhz:div50_u0|clk1hz_o ; 0.000        ; 3.628      ; 5.957      ;
; 1.902 ; monociclo:DUT|pc_w[2] ; monociclo:DUT|registerfile:regfile_u0|regfile~169  ; monociclo:DUT|pc_w[2]          ; divisor50mhz:div50_u0|clk1hz_o ; 0.000        ; 3.606      ; 5.936      ;
; 1.903 ; monociclo:DUT|pc_w[2] ; monociclo:DUT|dcache:dcache_u0|datacache~849       ; monociclo:DUT|pc_w[2]          ; divisor50mhz:div50_u0|clk1hz_o ; 0.000        ; 3.599      ; 5.930      ;
; 1.904 ; monociclo:DUT|pc_w[2] ; monociclo:DUT|dcache:dcache_u0|datacache~991       ; monociclo:DUT|pc_w[2]          ; divisor50mhz:div50_u0|clk1hz_o ; 0.000        ; 3.612      ; 5.944      ;
; 1.904 ; monociclo:DUT|pc_w[2] ; monociclo:DUT|registerfile:regfile_u0|regfile~986  ; monociclo:DUT|pc_w[2]          ; divisor50mhz:div50_u0|clk1hz_o ; 0.000        ; 3.609      ; 5.941      ;
; 1.905 ; monociclo:DUT|pc_w[2] ; monociclo:DUT|dcache:dcache_u0|datacache~311       ; monociclo:DUT|pc_w[2]          ; divisor50mhz:div50_u0|clk1hz_o ; 0.000        ; 3.603      ; 5.936      ;
; 1.909 ; monociclo:DUT|pc_w[2] ; monociclo:DUT|dcache:dcache_u0|datacache~883       ; monociclo:DUT|pc_w[2]          ; divisor50mhz:div50_u0|clk1hz_o ; 0.000        ; 3.609      ; 5.946      ;
; 1.914 ; monociclo:DUT|pc_w[2] ; monociclo:DUT|registerfile:regfile_u0|regfile~990  ; monociclo:DUT|pc_w[2]          ; divisor50mhz:div50_u0|clk1hz_o ; 0.000        ; 3.616      ; 5.958      ;
; 1.916 ; monociclo:DUT|pc_w[2] ; monociclo:DUT|dcache:dcache_u0|datacache~819       ; monociclo:DUT|pc_w[2]          ; divisor50mhz:div50_u0|clk1hz_o ; 0.000        ; 3.614      ; 5.958      ;
; 1.918 ; monociclo:DUT|pc_w[2] ; monociclo:DUT|dcache:dcache_u0|datacache~757       ; monociclo:DUT|pc_w[2]          ; divisor50mhz:div50_u0|clk1hz_o ; 0.000        ; 3.610      ; 5.956      ;
; 1.919 ; monociclo:DUT|pc_w[2] ; monociclo:DUT|dcache:dcache_u0|datacache~579       ; monociclo:DUT|pc_w[2]          ; divisor50mhz:div50_u0|clk1hz_o ; 0.000        ; 3.604      ; 5.951      ;
+-------+-----------------------+----------------------------------------------------+--------------------------------+--------------------------------+--------------+------------+------------+


+-------------------------------------------------------------------------------------------------------------------------------------------------------------------+
; Slow 1200mV 85C Model Hold: 'clk_i'                                                                                                                               ;
+-------+---------------------------------+---------------------------------+--------------------------------+-------------+--------------+------------+------------+
; Slack ; From Node                       ; To Node                         ; Launch Clock                   ; Latch Clock ; Relationship ; Clock Skew ; Data Delay ;
+-------+---------------------------------+---------------------------------+--------------------------------+-------------+--------------+------------+------------+
; 0.654 ; divisor50mhz:div50_u0|ctr_w[5]  ; divisor50mhz:div50_u0|ctr_w[5]  ; clk_i                          ; clk_i       ; 0.000        ; 0.081      ; 0.921      ;
; 0.654 ; divisor50mhz:div50_u0|ctr_w[3]  ; divisor50mhz:div50_u0|ctr_w[3]  ; clk_i                          ; clk_i       ; 0.000        ; 0.081      ; 0.921      ;
; 0.655 ; divisor50mhz:div50_u0|ctr_w[11] ; divisor50mhz:div50_u0|ctr_w[11] ; clk_i                          ; clk_i       ; 0.000        ; 0.081      ; 0.922      ;
; 0.655 ; divisor50mhz:div50_u0|ctr_w[1]  ; divisor50mhz:div50_u0|ctr_w[1]  ; clk_i                          ; clk_i       ; 0.000        ; 0.081      ; 0.922      ;
; 0.655 ; divisor50mhz:div50_u0|ctr_w[29] ; divisor50mhz:div50_u0|ctr_w[29] ; clk_i                          ; clk_i       ; 0.000        ; 0.081      ; 0.922      ;
; 0.656 ; divisor50mhz:div50_u0|ctr_w[6]  ; divisor50mhz:div50_u0|ctr_w[6]  ; clk_i                          ; clk_i       ; 0.000        ; 0.081      ; 0.923      ;
; 0.656 ; divisor50mhz:div50_u0|ctr_w[27] ; divisor50mhz:div50_u0|ctr_w[27] ; clk_i                          ; clk_i       ; 0.000        ; 0.081      ; 0.923      ;
; 0.657 ; divisor50mhz:div50_u0|ctr_w[9]  ; divisor50mhz:div50_u0|ctr_w[9]  ; clk_i                          ; clk_i       ; 0.000        ; 0.081      ; 0.924      ;
; 0.657 ; divisor50mhz:div50_u0|ctr_w[31] ; divisor50mhz:div50_u0|ctr_w[31] ; clk_i                          ; clk_i       ; 0.000        ; 0.081      ; 0.924      ;
; 0.659 ; divisor50mhz:div50_u0|ctr_w[2]  ; divisor50mhz:div50_u0|ctr_w[2]  ; clk_i                          ; clk_i       ; 0.000        ; 0.081      ; 0.926      ;
; 0.659 ; divisor50mhz:div50_u0|ctr_w[16] ; divisor50mhz:div50_u0|ctr_w[16] ; clk_i                          ; clk_i       ; 0.000        ; 0.081      ; 0.926      ;
; 0.660 ; divisor50mhz:div50_u0|ctr_w[10] ; divisor50mhz:div50_u0|ctr_w[10] ; clk_i                          ; clk_i       ; 0.000        ; 0.081      ; 0.927      ;
; 0.660 ; divisor50mhz:div50_u0|ctr_w[8]  ; divisor50mhz:div50_u0|ctr_w[8]  ; clk_i                          ; clk_i       ; 0.000        ; 0.081      ; 0.927      ;
; 0.660 ; divisor50mhz:div50_u0|ctr_w[4]  ; divisor50mhz:div50_u0|ctr_w[4]  ; clk_i                          ; clk_i       ; 0.000        ; 0.081      ; 0.927      ;
; 0.660 ; divisor50mhz:div50_u0|ctr_w[18] ; divisor50mhz:div50_u0|ctr_w[18] ; clk_i                          ; clk_i       ; 0.000        ; 0.081      ; 0.927      ;
; 0.661 ; divisor50mhz:div50_u0|ctr_w[30] ; divisor50mhz:div50_u0|ctr_w[30] ; clk_i                          ; clk_i       ; 0.000        ; 0.081      ; 0.928      ;
; 0.661 ; divisor50mhz:div50_u0|ctr_w[28] ; divisor50mhz:div50_u0|ctr_w[28] ; clk_i                          ; clk_i       ; 0.000        ; 0.081      ; 0.928      ;
; 0.661 ; divisor50mhz:div50_u0|ctr_w[26] ; divisor50mhz:div50_u0|ctr_w[26] ; clk_i                          ; clk_i       ; 0.000        ; 0.081      ; 0.928      ;
; 0.661 ; divisor50mhz:div50_u0|ctr_w[24] ; divisor50mhz:div50_u0|ctr_w[24] ; clk_i                          ; clk_i       ; 0.000        ; 0.081      ; 0.928      ;
; 0.972 ; divisor50mhz:div50_u0|ctr_w[5]  ; divisor50mhz:div50_u0|ctr_w[6]  ; clk_i                          ; clk_i       ; 0.000        ; 0.081      ; 1.239      ;
; 0.972 ; divisor50mhz:div50_u0|ctr_w[1]  ; divisor50mhz:div50_u0|ctr_w[2]  ; clk_i                          ; clk_i       ; 0.000        ; 0.081      ; 1.239      ;
; 0.972 ; divisor50mhz:div50_u0|ctr_w[3]  ; divisor50mhz:div50_u0|ctr_w[4]  ; clk_i                          ; clk_i       ; 0.000        ; 0.081      ; 1.239      ;
; 0.973 ; divisor50mhz:div50_u0|ctr_w[29] ; divisor50mhz:div50_u0|ctr_w[30] ; clk_i                          ; clk_i       ; 0.000        ; 0.081      ; 1.240      ;
; 0.974 ; divisor50mhz:div50_u0|ctr_w[9]  ; divisor50mhz:div50_u0|ctr_w[10] ; clk_i                          ; clk_i       ; 0.000        ; 0.081      ; 1.241      ;
; 0.974 ; divisor50mhz:div50_u0|ctr_w[27] ; divisor50mhz:div50_u0|ctr_w[28] ; clk_i                          ; clk_i       ; 0.000        ; 0.081      ; 1.241      ;
; 0.986 ; divisor50mhz:div50_u0|ctr_w[2]  ; divisor50mhz:div50_u0|ctr_w[3]  ; clk_i                          ; clk_i       ; 0.000        ; 0.081      ; 1.253      ;
; 0.987 ; divisor50mhz:div50_u0|ctr_w[4]  ; divisor50mhz:div50_u0|ctr_w[5]  ; clk_i                          ; clk_i       ; 0.000        ; 0.081      ; 1.254      ;
; 0.987 ; divisor50mhz:div50_u0|ctr_w[10] ; divisor50mhz:div50_u0|ctr_w[11] ; clk_i                          ; clk_i       ; 0.000        ; 0.081      ; 1.254      ;
; 0.987 ; divisor50mhz:div50_u0|ctr_w[0]  ; divisor50mhz:div50_u0|ctr_w[1]  ; clk_i                          ; clk_i       ; 0.000        ; 0.081      ; 1.254      ;
; 0.987 ; divisor50mhz:div50_u0|ctr_w[8]  ; divisor50mhz:div50_u0|ctr_w[9]  ; clk_i                          ; clk_i       ; 0.000        ; 0.081      ; 1.254      ;
; 0.988 ; divisor50mhz:div50_u0|ctr_w[6]  ; divisor50mhz:div50_u0|ctr_w[8]  ; clk_i                          ; clk_i       ; 0.000        ; 0.081      ; 1.255      ;
; 0.988 ; divisor50mhz:div50_u0|ctr_w[28] ; divisor50mhz:div50_u0|ctr_w[29] ; clk_i                          ; clk_i       ; 0.000        ; 0.081      ; 1.255      ;
; 0.988 ; divisor50mhz:div50_u0|ctr_w[26] ; divisor50mhz:div50_u0|ctr_w[27] ; clk_i                          ; clk_i       ; 0.000        ; 0.081      ; 1.255      ;
; 0.988 ; divisor50mhz:div50_u0|ctr_w[30] ; divisor50mhz:div50_u0|ctr_w[31] ; clk_i                          ; clk_i       ; 0.000        ; 0.081      ; 1.255      ;
; 0.991 ; divisor50mhz:div50_u0|ctr_w[2]  ; divisor50mhz:div50_u0|ctr_w[4]  ; clk_i                          ; clk_i       ; 0.000        ; 0.081      ; 1.258      ;
; 0.991 ; divisor50mhz:div50_u0|ctr_w[16] ; divisor50mhz:div50_u0|ctr_w[18] ; clk_i                          ; clk_i       ; 0.000        ; 0.081      ; 1.258      ;
; 0.992 ; divisor50mhz:div50_u0|ctr_w[4]  ; divisor50mhz:div50_u0|ctr_w[6]  ; clk_i                          ; clk_i       ; 0.000        ; 0.081      ; 1.259      ;
; 0.992 ; divisor50mhz:div50_u0|ctr_w[0]  ; divisor50mhz:div50_u0|ctr_w[2]  ; clk_i                          ; clk_i       ; 0.000        ; 0.081      ; 1.259      ;
; 0.992 ; divisor50mhz:div50_u0|ctr_w[8]  ; divisor50mhz:div50_u0|ctr_w[10] ; clk_i                          ; clk_i       ; 0.000        ; 0.081      ; 1.259      ;
; 0.993 ; divisor50mhz:div50_u0|ctr_w[24] ; divisor50mhz:div50_u0|ctr_w[26] ; clk_i                          ; clk_i       ; 0.000        ; 0.081      ; 1.260      ;
; 0.993 ; divisor50mhz:div50_u0|ctr_w[28] ; divisor50mhz:div50_u0|ctr_w[30] ; clk_i                          ; clk_i       ; 0.000        ; 0.081      ; 1.260      ;
; 0.993 ; divisor50mhz:div50_u0|ctr_w[26] ; divisor50mhz:div50_u0|ctr_w[28] ; clk_i                          ; clk_i       ; 0.000        ; 0.081      ; 1.260      ;
; 1.093 ; divisor50mhz:div50_u0|ctr_w[1]  ; divisor50mhz:div50_u0|ctr_w[3]  ; clk_i                          ; clk_i       ; 0.000        ; 0.081      ; 1.360      ;
; 1.093 ; divisor50mhz:div50_u0|ctr_w[3]  ; divisor50mhz:div50_u0|ctr_w[5]  ; clk_i                          ; clk_i       ; 0.000        ; 0.081      ; 1.360      ;
; 1.094 ; divisor50mhz:div50_u0|ctr_w[29] ; divisor50mhz:div50_u0|ctr_w[31] ; clk_i                          ; clk_i       ; 0.000        ; 0.081      ; 1.361      ;
; 1.095 ; divisor50mhz:div50_u0|ctr_w[9]  ; divisor50mhz:div50_u0|ctr_w[11] ; clk_i                          ; clk_i       ; 0.000        ; 0.081      ; 1.362      ;
; 1.095 ; divisor50mhz:div50_u0|ctr_w[27] ; divisor50mhz:div50_u0|ctr_w[29] ; clk_i                          ; clk_i       ; 0.000        ; 0.081      ; 1.362      ;
; 1.098 ; divisor50mhz:div50_u0|ctr_w[5]  ; divisor50mhz:div50_u0|ctr_w[8]  ; clk_i                          ; clk_i       ; 0.000        ; 0.081      ; 1.365      ;
; 1.098 ; divisor50mhz:div50_u0|ctr_w[1]  ; divisor50mhz:div50_u0|ctr_w[4]  ; clk_i                          ; clk_i       ; 0.000        ; 0.081      ; 1.365      ;
; 1.098 ; divisor50mhz:div50_u0|ctr_w[3]  ; divisor50mhz:div50_u0|ctr_w[6]  ; clk_i                          ; clk_i       ; 0.000        ; 0.081      ; 1.365      ;
; 1.100 ; divisor50mhz:div50_u0|ctr_w[27] ; divisor50mhz:div50_u0|ctr_w[30] ; clk_i                          ; clk_i       ; 0.000        ; 0.081      ; 1.367      ;
; 1.109 ; divisor50mhz:div50_u0|ctr_w[6]  ; divisor50mhz:div50_u0|ctr_w[9]  ; clk_i                          ; clk_i       ; 0.000        ; 0.081      ; 1.376      ;
; 1.112 ; divisor50mhz:div50_u0|ctr_w[2]  ; divisor50mhz:div50_u0|ctr_w[5]  ; clk_i                          ; clk_i       ; 0.000        ; 0.081      ; 1.379      ;
; 1.113 ; divisor50mhz:div50_u0|ctr_w[0]  ; divisor50mhz:div50_u0|ctr_w[3]  ; clk_i                          ; clk_i       ; 0.000        ; 0.081      ; 1.380      ;
; 1.113 ; divisor50mhz:div50_u0|ctr_w[8]  ; divisor50mhz:div50_u0|ctr_w[11] ; clk_i                          ; clk_i       ; 0.000        ; 0.081      ; 1.380      ;
; 1.114 ; divisor50mhz:div50_u0|ctr_w[6]  ; divisor50mhz:div50_u0|ctr_w[10] ; clk_i                          ; clk_i       ; 0.000        ; 0.081      ; 1.381      ;
; 1.114 ; divisor50mhz:div50_u0|ctr_w[24] ; divisor50mhz:div50_u0|ctr_w[27] ; clk_i                          ; clk_i       ; 0.000        ; 0.081      ; 1.381      ;
; 1.114 ; divisor50mhz:div50_u0|ctr_w[28] ; divisor50mhz:div50_u0|ctr_w[31] ; clk_i                          ; clk_i       ; 0.000        ; 0.081      ; 1.381      ;
; 1.114 ; divisor50mhz:div50_u0|ctr_w[26] ; divisor50mhz:div50_u0|ctr_w[29] ; clk_i                          ; clk_i       ; 0.000        ; 0.081      ; 1.381      ;
; 1.117 ; divisor50mhz:div50_u0|ctr_w[2]  ; divisor50mhz:div50_u0|ctr_w[6]  ; clk_i                          ; clk_i       ; 0.000        ; 0.081      ; 1.384      ;
; 1.118 ; divisor50mhz:div50_u0|ctr_w[4]  ; divisor50mhz:div50_u0|ctr_w[8]  ; clk_i                          ; clk_i       ; 0.000        ; 0.081      ; 1.385      ;
; 1.118 ; divisor50mhz:div50_u0|ctr_w[0]  ; divisor50mhz:div50_u0|ctr_w[4]  ; clk_i                          ; clk_i       ; 0.000        ; 0.081      ; 1.385      ;
; 1.119 ; divisor50mhz:div50_u0|ctr_w[24] ; divisor50mhz:div50_u0|ctr_w[28] ; clk_i                          ; clk_i       ; 0.000        ; 0.081      ; 1.386      ;
; 1.119 ; divisor50mhz:div50_u0|ctr_w[26] ; divisor50mhz:div50_u0|ctr_w[30] ; clk_i                          ; clk_i       ; 0.000        ; 0.081      ; 1.386      ;
; 1.122 ; divisor50mhz:div50_u0|ctr_w[14] ; divisor50mhz:div50_u0|ctr_w[16] ; clk_i                          ; clk_i       ; 0.000        ; 0.118      ; 1.426      ;
; 1.153 ; divisor50mhz:div50_u0|ctr_w[15] ; divisor50mhz:div50_u0|ctr_w[16] ; clk_i                          ; clk_i       ; 0.000        ; 0.118      ; 1.457      ;
; 1.181 ; divisor50mhz:div50_u0|ctr_w[7]  ; divisor50mhz:div50_u0|ctr_w[8]  ; clk_i                          ; clk_i       ; 0.000        ; 0.080      ; 1.447      ;
; 1.182 ; divisor50mhz:div50_u0|ctr_w[23] ; divisor50mhz:div50_u0|ctr_w[24] ; clk_i                          ; clk_i       ; 0.000        ; 0.080      ; 1.448      ;
; 1.183 ; divisor50mhz:div50_u0|ctr_w[17] ; divisor50mhz:div50_u0|ctr_w[18] ; clk_i                          ; clk_i       ; 0.000        ; 0.080      ; 1.449      ;
; 1.184 ; divisor50mhz:div50_u0|ctr_w[25] ; divisor50mhz:div50_u0|ctr_w[26] ; clk_i                          ; clk_i       ; 0.000        ; 0.080      ; 1.450      ;
; 1.187 ; divisor50mhz:div50_u0|ctr_w[11] ; divisor50mhz:div50_u0|ctr_w[16] ; clk_i                          ; clk_i       ; 0.000        ; 0.119      ; 1.492      ;
; 1.200 ; divisor50mhz:div50_u0|ctr_w[22] ; divisor50mhz:div50_u0|ctr_w[24] ; clk_i                          ; clk_i       ; 0.000        ; 0.080      ; 1.466      ;
; 1.206 ; divisor50mhz:div50_u0|ctr_w[10] ; divisor50mhz:div50_u0|ctr_w[16] ; clk_i                          ; clk_i       ; 0.000        ; 0.119      ; 1.511      ;
; 1.213 ; divisor50mhz:div50_u0|ctr_w[17] ; divisor50mhz:div50_u0|ctr_w[19] ; clk_i                          ; clk_i       ; 0.000        ; 0.081      ; 1.480      ;
; 1.219 ; divisor50mhz:div50_u0|ctr_w[5]  ; divisor50mhz:div50_u0|ctr_w[9]  ; clk_i                          ; clk_i       ; 0.000        ; 0.081      ; 1.486      ;
; 1.219 ; divisor50mhz:div50_u0|ctr_w[1]  ; divisor50mhz:div50_u0|ctr_w[5]  ; clk_i                          ; clk_i       ; 0.000        ; 0.081      ; 1.486      ;
; 1.221 ; divisor50mhz:div50_u0|ctr_w[27] ; divisor50mhz:div50_u0|ctr_w[31] ; clk_i                          ; clk_i       ; 0.000        ; 0.081      ; 1.488      ;
; 1.224 ; divisor50mhz:div50_u0|ctr_w[5]  ; divisor50mhz:div50_u0|ctr_w[10] ; clk_i                          ; clk_i       ; 0.000        ; 0.081      ; 1.491      ;
; 1.224 ; divisor50mhz:div50_u0|ctr_w[1]  ; divisor50mhz:div50_u0|ctr_w[6]  ; clk_i                          ; clk_i       ; 0.000        ; 0.081      ; 1.491      ;
; 1.224 ; divisor50mhz:div50_u0|ctr_w[3]  ; divisor50mhz:div50_u0|ctr_w[8]  ; clk_i                          ; clk_i       ; 0.000        ; 0.081      ; 1.491      ;
; 1.226 ; divisor50mhz:div50_u0|ctr_w[13] ; divisor50mhz:div50_u0|ctr_w[16] ; clk_i                          ; clk_i       ; 0.000        ; 0.118      ; 1.530      ;
; 1.235 ; divisor50mhz:div50_u0|ctr_w[6]  ; divisor50mhz:div50_u0|ctr_w[11] ; clk_i                          ; clk_i       ; 0.000        ; 0.081      ; 1.502      ;
; 1.239 ; divisor50mhz:div50_u0|ctr_w[4]  ; divisor50mhz:div50_u0|ctr_w[9]  ; clk_i                          ; clk_i       ; 0.000        ; 0.081      ; 1.506      ;
; 1.239 ; divisor50mhz:div50_u0|ctr_w[0]  ; divisor50mhz:div50_u0|ctr_w[5]  ; clk_i                          ; clk_i       ; 0.000        ; 0.081      ; 1.506      ;
; 1.240 ; divisor50mhz:div50_u0|ctr_w[24] ; divisor50mhz:div50_u0|ctr_w[29] ; clk_i                          ; clk_i       ; 0.000        ; 0.081      ; 1.507      ;
; 1.240 ; divisor50mhz:div50_u0|ctr_w[26] ; divisor50mhz:div50_u0|ctr_w[31] ; clk_i                          ; clk_i       ; 0.000        ; 0.081      ; 1.507      ;
; 1.243 ; divisor50mhz:div50_u0|ctr_w[2]  ; divisor50mhz:div50_u0|ctr_w[8]  ; clk_i                          ; clk_i       ; 0.000        ; 0.081      ; 1.510      ;
; 1.244 ; divisor50mhz:div50_u0|ctr_w[4]  ; divisor50mhz:div50_u0|ctr_w[10] ; clk_i                          ; clk_i       ; 0.000        ; 0.081      ; 1.511      ;
; 1.244 ; divisor50mhz:div50_u0|ctr_w[0]  ; divisor50mhz:div50_u0|ctr_w[6]  ; clk_i                          ; clk_i       ; 0.000        ; 0.081      ; 1.511      ;
; 1.244 ; divisor50mhz:div50_u0|ctr_w[18] ; divisor50mhz:div50_u0|ctr_w[24] ; clk_i                          ; clk_i       ; 0.000        ; 0.081      ; 1.511      ;
; 1.245 ; divisor50mhz:div50_u0|ctr_w[24] ; divisor50mhz:div50_u0|ctr_w[30] ; clk_i                          ; clk_i       ; 0.000        ; 0.081      ; 1.512      ;
; 1.248 ; divisor50mhz:div50_u0|ctr_w[14] ; divisor50mhz:div50_u0|ctr_w[18] ; clk_i                          ; clk_i       ; 0.000        ; 0.118      ; 1.552      ;
; 1.265 ; divisor50mhz:div50_u0|ctr_w[21] ; divisor50mhz:div50_u0|ctr_w[24] ; clk_i                          ; clk_i       ; 0.000        ; 0.080      ; 1.531      ;
; 1.279 ; divisor50mhz:div50_u0|ctr_w[15] ; divisor50mhz:div50_u0|ctr_w[18] ; clk_i                          ; clk_i       ; 0.000        ; 0.118      ; 1.583      ;
; 1.286 ; divisor50mhz:div50_u0|ctr_w[20] ; divisor50mhz:div50_u0|ctr_w[24] ; clk_i                          ; clk_i       ; 0.000        ; 0.080      ; 1.552      ;
; 1.287 ; divisor50mhz:div50_u0|ctr_w[12] ; divisor50mhz:div50_u0|ctr_w[16] ; clk_i                          ; clk_i       ; 0.000        ; 0.118      ; 1.591      ;
; 1.289 ; divisor50mhz:div50_u0|ctr_w[7]  ; divisor50mhz:div50_u0|ctr_w[9]  ; clk_i                          ; clk_i       ; 0.000        ; 0.080      ; 1.555      ;
; 1.290 ; divisor50mhz:div50_u0|ctr_w[25] ; divisor50mhz:div50_u0|ctr_w[27] ; clk_i                          ; clk_i       ; 0.000        ; 0.080      ; 1.556      ;
; 1.307 ; divisor50mhz:div50_u0|clk1hz_o  ; divisor50mhz:div50_u0|clk1hz_o  ; divisor50mhz:div50_u0|clk1hz_o ; clk_i       ; 0.000        ; 3.085      ; 4.840      ;
; 1.307 ; divisor50mhz:div50_u0|ctr_w[7]  ; divisor50mhz:div50_u0|ctr_w[10] ; clk_i                          ; clk_i       ; 0.000        ; 0.080      ; 1.573      ;
+-------+---------------------------------+---------------------------------+--------------------------------+-------------+--------------+------------+------------+


-----------------------------------------------
; Slow 1200mV 85C Model Metastability Summary ;
-----------------------------------------------
No synchronizer chains to report.


+----------------------------------------------------------------------+
; Slow 1200mV 0C Model Fmax Summary                                    ;
+------------+-----------------+--------------------------------+------+
; Fmax       ; Restricted Fmax ; Clock Name                     ; Note ;
+------------+-----------------+--------------------------------+------+
; 47.15 MHz  ; 47.15 MHz       ; divisor50mhz:div50_u0|clk1hz_o ;      ;
; 211.15 MHz ; 211.15 MHz      ; clk_i                          ;      ;
; 468.16 MHz ; 468.16 MHz      ; monociclo:DUT|pc_w[2]          ;      ;
+------------+-----------------+--------------------------------+------+
This panel reports FMAX for every clock in the design, regardless of the user-specified clock periods.  FMAX is only computed for paths where the source and destination registers or ports are driven by the same clock.  Paths of different clocks, including generated clocks, are ignored.  For paths between a clock and its inversion, FMAX is computed as if the rising and falling edges are scaled along with FMAX, such that the duty cycle (in terms of a percentage) is maintained. Altera recommends that you always use clock constraints and other slack reports for sign-off analysis.


+----------------------------------------------------------+
; Slow 1200mV 0C Model Setup Summary                       ;
+--------------------------------+---------+---------------+
; Clock                          ; Slack   ; End Point TNS ;
+--------------------------------+---------+---------------+
; divisor50mhz:div50_u0|clk1hz_o ; -20.208 ; -19796.051    ;
; clk_i                          ; -3.736  ; -58.037       ;
; monociclo:DUT|pc_w[2]          ; -2.615  ; -2.615        ;
+--------------------------------+---------+---------------+


+--------------------------------------------------------+
; Slow 1200mV 0C Model Hold Summary                      ;
+--------------------------------+-------+---------------+
; Clock                          ; Slack ; End Point TNS ;
+--------------------------------+-------+---------------+
; monociclo:DUT|pc_w[2]          ; 0.124 ; 0.000         ;
; divisor50mhz:div50_u0|clk1hz_o ; 0.579 ; 0.000         ;
; clk_i                          ; 0.598 ; 0.000         ;
+--------------------------------+-------+---------------+


-----------------------------------------
; Slow 1200mV 0C Model Recovery Summary ;
-----------------------------------------
No paths to report.


----------------------------------------
; Slow 1200mV 0C Model Removal Summary ;
----------------------------------------
No paths to report.


+---------------------------------------------------------+
; Slow 1200mV 0C Model Minimum Pulse Width Summary        ;
+--------------------------------+--------+---------------+
; Clock                          ; Slack  ; End Point TNS ;
+--------------------------------+--------+---------------+
; clk_i                          ; -3.000 ; -45.405       ;
; divisor50mhz:div50_u0|clk1hz_o ; -1.285 ; -1736.035     ;
; monociclo:DUT|pc_w[2]          ; 0.428  ; 0.000         ;
+--------------------------------+--------+---------------+


+-----------------------------------------------------------------------------------------------------------------------------------------------------------------------------------------------------------------------------+
; Slow 1200mV 0C Model Setup: 'divisor50mhz:div50_u0|clk1hz_o'                                                                                                                                                                ;
+---------+---------------------------------------------------+----------------------------------------------------+--------------------------------+--------------------------------+--------------+------------+------------+
; Slack   ; From Node                                         ; To Node                                            ; Launch Clock                   ; Latch Clock                    ; Relationship ; Clock Skew ; Data Delay ;
+---------+---------------------------------------------------+----------------------------------------------------+--------------------------------+--------------------------------+--------------+------------+------------+
; -20.208 ; monociclo:DUT|pc_w[3]                             ; monociclo:DUT|pc_w[6]                              ; divisor50mhz:div50_u0|clk1hz_o ; divisor50mhz:div50_u0|clk1hz_o ; 1.000        ; -0.045     ; 21.162     ;
; -20.208 ; monociclo:DUT|pc_w[3]                             ; monociclo:DUT|pc_w[5]                              ; divisor50mhz:div50_u0|clk1hz_o ; divisor50mhz:div50_u0|clk1hz_o ; 1.000        ; -0.045     ; 21.162     ;
; -20.208 ; monociclo:DUT|pc_w[3]                             ; monociclo:DUT|pc_w[4]                              ; divisor50mhz:div50_u0|clk1hz_o ; divisor50mhz:div50_u0|clk1hz_o ; 1.000        ; -0.045     ; 21.162     ;
; -20.202 ; monociclo:DUT|pc_w[3]                             ; monociclo:DUT|pc_w[3]                              ; divisor50mhz:div50_u0|clk1hz_o ; divisor50mhz:div50_u0|clk1hz_o ; 1.000        ; -0.039     ; 21.162     ;
; -20.170 ; monociclo:DUT|pc_w[4]                             ; monociclo:DUT|pc_w[6]                              ; divisor50mhz:div50_u0|clk1hz_o ; divisor50mhz:div50_u0|clk1hz_o ; 1.000        ; -0.045     ; 21.124     ;
; -20.170 ; monociclo:DUT|pc_w[4]                             ; monociclo:DUT|pc_w[5]                              ; divisor50mhz:div50_u0|clk1hz_o ; divisor50mhz:div50_u0|clk1hz_o ; 1.000        ; -0.045     ; 21.124     ;
; -20.170 ; monociclo:DUT|pc_w[4]                             ; monociclo:DUT|pc_w[3]                              ; divisor50mhz:div50_u0|clk1hz_o ; divisor50mhz:div50_u0|clk1hz_o ; 1.000        ; -0.045     ; 21.124     ;
; -20.164 ; monociclo:DUT|pc_w[4]                             ; monociclo:DUT|pc_w[4]                              ; divisor50mhz:div50_u0|clk1hz_o ; divisor50mhz:div50_u0|clk1hz_o ; 1.000        ; -0.039     ; 21.124     ;
; -20.125 ; monociclo:DUT|pc_w[5]                             ; monociclo:DUT|pc_w[6]                              ; divisor50mhz:div50_u0|clk1hz_o ; divisor50mhz:div50_u0|clk1hz_o ; 1.000        ; -0.045     ; 21.079     ;
; -20.125 ; monociclo:DUT|pc_w[5]                             ; monociclo:DUT|pc_w[4]                              ; divisor50mhz:div50_u0|clk1hz_o ; divisor50mhz:div50_u0|clk1hz_o ; 1.000        ; -0.045     ; 21.079     ;
; -20.125 ; monociclo:DUT|pc_w[5]                             ; monociclo:DUT|pc_w[3]                              ; divisor50mhz:div50_u0|clk1hz_o ; divisor50mhz:div50_u0|clk1hz_o ; 1.000        ; -0.045     ; 21.079     ;
; -20.119 ; monociclo:DUT|pc_w[5]                             ; monociclo:DUT|pc_w[5]                              ; divisor50mhz:div50_u0|clk1hz_o ; divisor50mhz:div50_u0|clk1hz_o ; 1.000        ; -0.039     ; 21.079     ;
; -19.933 ; monociclo:DUT|pc_w[3]                             ; monociclo:DUT|pc_w[0]                              ; divisor50mhz:div50_u0|clk1hz_o ; divisor50mhz:div50_u0|clk1hz_o ; 1.000        ; 0.719      ; 21.651     ;
; -19.933 ; monociclo:DUT|pc_w[3]                             ; monociclo:DUT|pc_w[1]                              ; divisor50mhz:div50_u0|clk1hz_o ; divisor50mhz:div50_u0|clk1hz_o ; 1.000        ; 0.719      ; 21.651     ;
; -19.922 ; monociclo:DUT|pc_w[6]                             ; monociclo:DUT|pc_w[5]                              ; divisor50mhz:div50_u0|clk1hz_o ; divisor50mhz:div50_u0|clk1hz_o ; 1.000        ; -0.045     ; 20.876     ;
; -19.922 ; monociclo:DUT|pc_w[6]                             ; monociclo:DUT|pc_w[4]                              ; divisor50mhz:div50_u0|clk1hz_o ; divisor50mhz:div50_u0|clk1hz_o ; 1.000        ; -0.045     ; 20.876     ;
; -19.922 ; monociclo:DUT|pc_w[6]                             ; monociclo:DUT|pc_w[3]                              ; divisor50mhz:div50_u0|clk1hz_o ; divisor50mhz:div50_u0|clk1hz_o ; 1.000        ; -0.045     ; 20.876     ;
; -19.916 ; monociclo:DUT|pc_w[6]                             ; monociclo:DUT|pc_w[6]                              ; divisor50mhz:div50_u0|clk1hz_o ; divisor50mhz:div50_u0|clk1hz_o ; 1.000        ; -0.039     ; 20.876     ;
; -19.895 ; monociclo:DUT|pc_w[4]                             ; monociclo:DUT|pc_w[0]                              ; divisor50mhz:div50_u0|clk1hz_o ; divisor50mhz:div50_u0|clk1hz_o ; 1.000        ; 0.719      ; 21.613     ;
; -19.895 ; monociclo:DUT|pc_w[4]                             ; monociclo:DUT|pc_w[1]                              ; divisor50mhz:div50_u0|clk1hz_o ; divisor50mhz:div50_u0|clk1hz_o ; 1.000        ; 0.719      ; 21.613     ;
; -19.850 ; monociclo:DUT|pc_w[5]                             ; monociclo:DUT|pc_w[0]                              ; divisor50mhz:div50_u0|clk1hz_o ; divisor50mhz:div50_u0|clk1hz_o ; 1.000        ; 0.719      ; 21.568     ;
; -19.850 ; monociclo:DUT|pc_w[5]                             ; monociclo:DUT|pc_w[1]                              ; divisor50mhz:div50_u0|clk1hz_o ; divisor50mhz:div50_u0|clk1hz_o ; 1.000        ; 0.719      ; 21.568     ;
; -19.647 ; monociclo:DUT|pc_w[6]                             ; monociclo:DUT|pc_w[0]                              ; divisor50mhz:div50_u0|clk1hz_o ; divisor50mhz:div50_u0|clk1hz_o ; 1.000        ; 0.719      ; 21.365     ;
; -19.647 ; monociclo:DUT|pc_w[6]                             ; monociclo:DUT|pc_w[1]                              ; divisor50mhz:div50_u0|clk1hz_o ; divisor50mhz:div50_u0|clk1hz_o ; 1.000        ; 0.719      ; 21.365     ;
; -19.425 ; monociclo:DUT|pc_w[3]                             ; monociclo:DUT|pc_w[2]                              ; divisor50mhz:div50_u0|clk1hz_o ; divisor50mhz:div50_u0|clk1hz_o ; 1.000        ; 0.738      ; 21.162     ;
; -19.387 ; monociclo:DUT|pc_w[4]                             ; monociclo:DUT|pc_w[2]                              ; divisor50mhz:div50_u0|clk1hz_o ; divisor50mhz:div50_u0|clk1hz_o ; 1.000        ; 0.738      ; 21.124     ;
; -19.386 ; monociclo:DUT|pc_w[3]                             ; monociclo:DUT|registerfile:regfile_u0|regfile~1021 ; divisor50mhz:div50_u0|clk1hz_o ; divisor50mhz:div50_u0|clk1hz_o ; 1.000        ; 0.715      ; 21.100     ;
; -19.378 ; monociclo:DUT|pc_w[3]                             ; monociclo:DUT|registerfile:regfile_u0|regfile~957  ; divisor50mhz:div50_u0|clk1hz_o ; divisor50mhz:div50_u0|clk1hz_o ; 1.000        ; 0.715      ; 21.092     ;
; -19.364 ; monociclo:DUT|registerfile:regfile_u0|regfile~896 ; monociclo:DUT|pc_w[6]                              ; divisor50mhz:div50_u0|clk1hz_o ; divisor50mhz:div50_u0|clk1hz_o ; 1.000        ; -0.970     ; 19.393     ;
; -19.364 ; monociclo:DUT|registerfile:regfile_u0|regfile~896 ; monociclo:DUT|pc_w[5]                              ; divisor50mhz:div50_u0|clk1hz_o ; divisor50mhz:div50_u0|clk1hz_o ; 1.000        ; -0.970     ; 19.393     ;
; -19.364 ; monociclo:DUT|registerfile:regfile_u0|regfile~896 ; monociclo:DUT|pc_w[4]                              ; divisor50mhz:div50_u0|clk1hz_o ; divisor50mhz:div50_u0|clk1hz_o ; 1.000        ; -0.970     ; 19.393     ;
; -19.364 ; monociclo:DUT|registerfile:regfile_u0|regfile~896 ; monociclo:DUT|pc_w[3]                              ; divisor50mhz:div50_u0|clk1hz_o ; divisor50mhz:div50_u0|clk1hz_o ; 1.000        ; -0.970     ; 19.393     ;
; -19.363 ; monociclo:DUT|pc_w[3]                             ; monociclo:DUT|registerfile:regfile_u0|regfile~252  ; divisor50mhz:div50_u0|clk1hz_o ; divisor50mhz:div50_u0|clk1hz_o ; 1.000        ; 0.715      ; 21.077     ;
; -19.363 ; monociclo:DUT|pc_w[3]                             ; monociclo:DUT|registerfile:regfile_u0|regfile~188  ; divisor50mhz:div50_u0|clk1hz_o ; divisor50mhz:div50_u0|clk1hz_o ; 1.000        ; 0.715      ; 21.077     ;
; -19.357 ; monociclo:DUT|pc_w[3]                             ; monociclo:DUT|registerfile:regfile_u0|regfile~925  ; divisor50mhz:div50_u0|clk1hz_o ; divisor50mhz:div50_u0|clk1hz_o ; 1.000        ; 0.714      ; 21.070     ;
; -19.348 ; monociclo:DUT|pc_w[4]                             ; monociclo:DUT|registerfile:regfile_u0|regfile~1021 ; divisor50mhz:div50_u0|clk1hz_o ; divisor50mhz:div50_u0|clk1hz_o ; 1.000        ; 0.715      ; 21.062     ;
; -19.342 ; monociclo:DUT|pc_w[5]                             ; monociclo:DUT|pc_w[2]                              ; divisor50mhz:div50_u0|clk1hz_o ; divisor50mhz:div50_u0|clk1hz_o ; 1.000        ; 0.738      ; 21.079     ;
; -19.340 ; monociclo:DUT|pc_w[4]                             ; monociclo:DUT|registerfile:regfile_u0|regfile~957  ; divisor50mhz:div50_u0|clk1hz_o ; divisor50mhz:div50_u0|clk1hz_o ; 1.000        ; 0.715      ; 21.054     ;
; -19.332 ; monociclo:DUT|pc_w[3]                             ; monociclo:DUT|registerfile:regfile_u0|regfile~989  ; divisor50mhz:div50_u0|clk1hz_o ; divisor50mhz:div50_u0|clk1hz_o ; 1.000        ; 0.715      ; 21.046     ;
; -19.325 ; monociclo:DUT|pc_w[4]                             ; monociclo:DUT|registerfile:regfile_u0|regfile~252  ; divisor50mhz:div50_u0|clk1hz_o ; divisor50mhz:div50_u0|clk1hz_o ; 1.000        ; 0.715      ; 21.039     ;
; -19.325 ; monociclo:DUT|pc_w[4]                             ; monociclo:DUT|registerfile:regfile_u0|regfile~188  ; divisor50mhz:div50_u0|clk1hz_o ; divisor50mhz:div50_u0|clk1hz_o ; 1.000        ; 0.715      ; 21.039     ;
; -19.319 ; monociclo:DUT|pc_w[4]                             ; monociclo:DUT|registerfile:regfile_u0|regfile~925  ; divisor50mhz:div50_u0|clk1hz_o ; divisor50mhz:div50_u0|clk1hz_o ; 1.000        ; 0.714      ; 21.032     ;
; -19.303 ; monociclo:DUT|pc_w[5]                             ; monociclo:DUT|registerfile:regfile_u0|regfile~1021 ; divisor50mhz:div50_u0|clk1hz_o ; divisor50mhz:div50_u0|clk1hz_o ; 1.000        ; 0.715      ; 21.017     ;
; -19.295 ; monociclo:DUT|pc_w[5]                             ; monociclo:DUT|registerfile:regfile_u0|regfile~957  ; divisor50mhz:div50_u0|clk1hz_o ; divisor50mhz:div50_u0|clk1hz_o ; 1.000        ; 0.715      ; 21.009     ;
; -19.294 ; monociclo:DUT|pc_w[4]                             ; monociclo:DUT|registerfile:regfile_u0|regfile~989  ; divisor50mhz:div50_u0|clk1hz_o ; divisor50mhz:div50_u0|clk1hz_o ; 1.000        ; 0.715      ; 21.008     ;
; -19.292 ; monociclo:DUT|pc_w[3]                             ; monociclo:DUT|registerfile:regfile_u0|regfile~314  ; divisor50mhz:div50_u0|clk1hz_o ; divisor50mhz:div50_u0|clk1hz_o ; 1.000        ; 0.721      ; 21.012     ;
; -19.292 ; monociclo:DUT|pc_w[3]                             ; monociclo:DUT|registerfile:regfile_u0|regfile~922  ; divisor50mhz:div50_u0|clk1hz_o ; divisor50mhz:div50_u0|clk1hz_o ; 1.000        ; 0.721      ; 21.012     ;
; -19.287 ; monociclo:DUT|pc_w[3]                             ; monociclo:DUT|registerfile:regfile_u0|regfile~960  ; divisor50mhz:div50_u0|clk1hz_o ; divisor50mhz:div50_u0|clk1hz_o ; 1.000        ; 0.718      ; 21.004     ;
; -19.287 ; monociclo:DUT|pc_w[3]                             ; monociclo:DUT|registerfile:regfile_u0|regfile~192  ; divisor50mhz:div50_u0|clk1hz_o ; divisor50mhz:div50_u0|clk1hz_o ; 1.000        ; 0.718      ; 21.004     ;
; -19.280 ; monociclo:DUT|pc_w[5]                             ; monociclo:DUT|registerfile:regfile_u0|regfile~252  ; divisor50mhz:div50_u0|clk1hz_o ; divisor50mhz:div50_u0|clk1hz_o ; 1.000        ; 0.715      ; 20.994     ;
; -19.280 ; monociclo:DUT|pc_w[5]                             ; monociclo:DUT|registerfile:regfile_u0|regfile~188  ; divisor50mhz:div50_u0|clk1hz_o ; divisor50mhz:div50_u0|clk1hz_o ; 1.000        ; 0.715      ; 20.994     ;
; -19.276 ; monociclo:DUT|registerfile:regfile_u0|regfile~928 ; monociclo:DUT|pc_w[6]                              ; divisor50mhz:div50_u0|clk1hz_o ; divisor50mhz:div50_u0|clk1hz_o ; 1.000        ; -0.982     ; 19.293     ;
; -19.276 ; monociclo:DUT|registerfile:regfile_u0|regfile~928 ; monociclo:DUT|pc_w[5]                              ; divisor50mhz:div50_u0|clk1hz_o ; divisor50mhz:div50_u0|clk1hz_o ; 1.000        ; -0.982     ; 19.293     ;
; -19.276 ; monociclo:DUT|registerfile:regfile_u0|regfile~928 ; monociclo:DUT|pc_w[4]                              ; divisor50mhz:div50_u0|clk1hz_o ; divisor50mhz:div50_u0|clk1hz_o ; 1.000        ; -0.982     ; 19.293     ;
; -19.276 ; monociclo:DUT|registerfile:regfile_u0|regfile~928 ; monociclo:DUT|pc_w[3]                              ; divisor50mhz:div50_u0|clk1hz_o ; divisor50mhz:div50_u0|clk1hz_o ; 1.000        ; -0.982     ; 19.293     ;
; -19.274 ; monociclo:DUT|pc_w[5]                             ; monociclo:DUT|registerfile:regfile_u0|regfile~925  ; divisor50mhz:div50_u0|clk1hz_o ; divisor50mhz:div50_u0|clk1hz_o ; 1.000        ; 0.714      ; 20.987     ;
; -19.258 ; monociclo:DUT|pc_w[3]                             ; monociclo:DUT|registerfile:regfile_u0|regfile~992  ; divisor50mhz:div50_u0|clk1hz_o ; divisor50mhz:div50_u0|clk1hz_o ; 1.000        ; 0.725      ; 20.982     ;
; -19.254 ; monociclo:DUT|pc_w[4]                             ; monociclo:DUT|registerfile:regfile_u0|regfile~314  ; divisor50mhz:div50_u0|clk1hz_o ; divisor50mhz:div50_u0|clk1hz_o ; 1.000        ; 0.721      ; 20.974     ;
; -19.254 ; monociclo:DUT|pc_w[4]                             ; monociclo:DUT|registerfile:regfile_u0|regfile~922  ; divisor50mhz:div50_u0|clk1hz_o ; divisor50mhz:div50_u0|clk1hz_o ; 1.000        ; 0.721      ; 20.974     ;
; -19.249 ; monociclo:DUT|pc_w[5]                             ; monociclo:DUT|registerfile:regfile_u0|regfile~989  ; divisor50mhz:div50_u0|clk1hz_o ; divisor50mhz:div50_u0|clk1hz_o ; 1.000        ; 0.715      ; 20.963     ;
; -19.249 ; monociclo:DUT|pc_w[4]                             ; monociclo:DUT|registerfile:regfile_u0|regfile~960  ; divisor50mhz:div50_u0|clk1hz_o ; divisor50mhz:div50_u0|clk1hz_o ; 1.000        ; 0.718      ; 20.966     ;
; -19.249 ; monociclo:DUT|pc_w[4]                             ; monociclo:DUT|registerfile:regfile_u0|regfile~192  ; divisor50mhz:div50_u0|clk1hz_o ; divisor50mhz:div50_u0|clk1hz_o ; 1.000        ; 0.718      ; 20.966     ;
; -19.246 ; monociclo:DUT|pc_w[3]                             ; monociclo:DUT|registerfile:regfile_u0|regfile~576  ; divisor50mhz:div50_u0|clk1hz_o ; divisor50mhz:div50_u0|clk1hz_o ; 1.000        ; 0.723      ; 20.968     ;
; -19.245 ; monociclo:DUT|pc_w[3]                             ; monociclo:DUT|registerfile:regfile_u0|regfile~954  ; divisor50mhz:div50_u0|clk1hz_o ; divisor50mhz:div50_u0|clk1hz_o ; 1.000        ; 0.714      ; 20.958     ;
; -19.241 ; monociclo:DUT|pc_w[3]                             ; monociclo:DUT|registerfile:regfile_u0|regfile~928  ; divisor50mhz:div50_u0|clk1hz_o ; divisor50mhz:div50_u0|clk1hz_o ; 1.000        ; 0.724      ; 20.964     ;
; -19.241 ; monociclo:DUT|pc_w[3]                             ; monociclo:DUT|registerfile:regfile_u0|regfile~224  ; divisor50mhz:div50_u0|clk1hz_o ; divisor50mhz:div50_u0|clk1hz_o ; 1.000        ; 0.738      ; 20.978     ;
; -19.240 ; monociclo:DUT|pc_w[3]                             ; monociclo:DUT|registerfile:regfile_u0|regfile~160  ; divisor50mhz:div50_u0|clk1hz_o ; divisor50mhz:div50_u0|clk1hz_o ; 1.000        ; 0.738      ; 20.977     ;
; -19.220 ; monociclo:DUT|pc_w[4]                             ; monociclo:DUT|registerfile:regfile_u0|regfile~992  ; divisor50mhz:div50_u0|clk1hz_o ; divisor50mhz:div50_u0|clk1hz_o ; 1.000        ; 0.725      ; 20.944     ;
; -19.209 ; monociclo:DUT|pc_w[5]                             ; monociclo:DUT|registerfile:regfile_u0|regfile~314  ; divisor50mhz:div50_u0|clk1hz_o ; divisor50mhz:div50_u0|clk1hz_o ; 1.000        ; 0.721      ; 20.929     ;
; -19.209 ; monociclo:DUT|pc_w[5]                             ; monociclo:DUT|registerfile:regfile_u0|regfile~922  ; divisor50mhz:div50_u0|clk1hz_o ; divisor50mhz:div50_u0|clk1hz_o ; 1.000        ; 0.721      ; 20.929     ;
; -19.208 ; monociclo:DUT|pc_w[4]                             ; monociclo:DUT|registerfile:regfile_u0|regfile~576  ; divisor50mhz:div50_u0|clk1hz_o ; divisor50mhz:div50_u0|clk1hz_o ; 1.000        ; 0.723      ; 20.930     ;
; -19.207 ; monociclo:DUT|pc_w[4]                             ; monociclo:DUT|registerfile:regfile_u0|regfile~954  ; divisor50mhz:div50_u0|clk1hz_o ; divisor50mhz:div50_u0|clk1hz_o ; 1.000        ; 0.714      ; 20.920     ;
; -19.204 ; monociclo:DUT|pc_w[5]                             ; monociclo:DUT|registerfile:regfile_u0|regfile~960  ; divisor50mhz:div50_u0|clk1hz_o ; divisor50mhz:div50_u0|clk1hz_o ; 1.000        ; 0.718      ; 20.921     ;
; -19.204 ; monociclo:DUT|pc_w[5]                             ; monociclo:DUT|registerfile:regfile_u0|regfile~192  ; divisor50mhz:div50_u0|clk1hz_o ; divisor50mhz:div50_u0|clk1hz_o ; 1.000        ; 0.718      ; 20.921     ;
; -19.203 ; monociclo:DUT|pc_w[4]                             ; monociclo:DUT|registerfile:regfile_u0|regfile~928  ; divisor50mhz:div50_u0|clk1hz_o ; divisor50mhz:div50_u0|clk1hz_o ; 1.000        ; 0.724      ; 20.926     ;
; -19.203 ; monociclo:DUT|pc_w[4]                             ; monociclo:DUT|registerfile:regfile_u0|regfile~224  ; divisor50mhz:div50_u0|clk1hz_o ; divisor50mhz:div50_u0|clk1hz_o ; 1.000        ; 0.738      ; 20.940     ;
; -19.202 ; monociclo:DUT|pc_w[4]                             ; monociclo:DUT|registerfile:regfile_u0|regfile~160  ; divisor50mhz:div50_u0|clk1hz_o ; divisor50mhz:div50_u0|clk1hz_o ; 1.000        ; 0.738      ; 20.939     ;
; -19.195 ; monociclo:DUT|pc_w[3]                             ; monociclo:DUT|registerfile:regfile_u0|regfile~317  ; divisor50mhz:div50_u0|clk1hz_o ; divisor50mhz:div50_u0|clk1hz_o ; 1.000        ; 0.706      ; 20.900     ;
; -19.175 ; monociclo:DUT|pc_w[5]                             ; monociclo:DUT|registerfile:regfile_u0|regfile~992  ; divisor50mhz:div50_u0|clk1hz_o ; divisor50mhz:div50_u0|clk1hz_o ; 1.000        ; 0.725      ; 20.899     ;
; -19.171 ; monociclo:DUT|pc_w[3]                             ; monociclo:DUT|registerfile:regfile_u0|regfile~253  ; divisor50mhz:div50_u0|clk1hz_o ; divisor50mhz:div50_u0|clk1hz_o ; 1.000        ; 0.707      ; 20.877     ;
; -19.168 ; monociclo:DUT|pc_w[3]                             ; monociclo:DUT|registerfile:regfile_u0|regfile~189  ; divisor50mhz:div50_u0|clk1hz_o ; divisor50mhz:div50_u0|clk1hz_o ; 1.000        ; 0.707      ; 20.874     ;
; -19.165 ; monociclo:DUT|registerfile:regfile_u0|regfile~576 ; monociclo:DUT|pc_w[6]                              ; divisor50mhz:div50_u0|clk1hz_o ; divisor50mhz:div50_u0|clk1hz_o ; 1.000        ; -0.981     ; 19.183     ;
; -19.165 ; monociclo:DUT|registerfile:regfile_u0|regfile~576 ; monociclo:DUT|pc_w[5]                              ; divisor50mhz:div50_u0|clk1hz_o ; divisor50mhz:div50_u0|clk1hz_o ; 1.000        ; -0.981     ; 19.183     ;
; -19.165 ; monociclo:DUT|registerfile:regfile_u0|regfile~576 ; monociclo:DUT|pc_w[4]                              ; divisor50mhz:div50_u0|clk1hz_o ; divisor50mhz:div50_u0|clk1hz_o ; 1.000        ; -0.981     ; 19.183     ;
; -19.165 ; monociclo:DUT|registerfile:regfile_u0|regfile~576 ; monociclo:DUT|pc_w[3]                              ; divisor50mhz:div50_u0|clk1hz_o ; divisor50mhz:div50_u0|clk1hz_o ; 1.000        ; -0.981     ; 19.183     ;
; -19.163 ; monociclo:DUT|pc_w[5]                             ; monociclo:DUT|registerfile:regfile_u0|regfile~576  ; divisor50mhz:div50_u0|clk1hz_o ; divisor50mhz:div50_u0|clk1hz_o ; 1.000        ; 0.723      ; 20.885     ;
; -19.162 ; monociclo:DUT|pc_w[5]                             ; monociclo:DUT|registerfile:regfile_u0|regfile~954  ; divisor50mhz:div50_u0|clk1hz_o ; divisor50mhz:div50_u0|clk1hz_o ; 1.000        ; 0.714      ; 20.875     ;
; -19.158 ; monociclo:DUT|pc_w[5]                             ; monociclo:DUT|registerfile:regfile_u0|regfile~928  ; divisor50mhz:div50_u0|clk1hz_o ; divisor50mhz:div50_u0|clk1hz_o ; 1.000        ; 0.724      ; 20.881     ;
; -19.158 ; monociclo:DUT|pc_w[5]                             ; monociclo:DUT|registerfile:regfile_u0|regfile~224  ; divisor50mhz:div50_u0|clk1hz_o ; divisor50mhz:div50_u0|clk1hz_o ; 1.000        ; 0.738      ; 20.895     ;
; -19.157 ; monociclo:DUT|pc_w[5]                             ; monociclo:DUT|registerfile:regfile_u0|regfile~160  ; divisor50mhz:div50_u0|clk1hz_o ; divisor50mhz:div50_u0|clk1hz_o ; 1.000        ; 0.738      ; 20.894     ;
; -19.157 ; monociclo:DUT|pc_w[4]                             ; monociclo:DUT|registerfile:regfile_u0|regfile~317  ; divisor50mhz:div50_u0|clk1hz_o ; divisor50mhz:div50_u0|clk1hz_o ; 1.000        ; 0.706      ; 20.862     ;
; -19.139 ; monociclo:DUT|pc_w[6]                             ; monociclo:DUT|pc_w[2]                              ; divisor50mhz:div50_u0|clk1hz_o ; divisor50mhz:div50_u0|clk1hz_o ; 1.000        ; 0.738      ; 20.876     ;
; -19.133 ; monociclo:DUT|pc_w[4]                             ; monociclo:DUT|registerfile:regfile_u0|regfile~253  ; divisor50mhz:div50_u0|clk1hz_o ; divisor50mhz:div50_u0|clk1hz_o ; 1.000        ; 0.707      ; 20.839     ;
; -19.130 ; monociclo:DUT|pc_w[4]                             ; monociclo:DUT|registerfile:regfile_u0|regfile~189  ; divisor50mhz:div50_u0|clk1hz_o ; divisor50mhz:div50_u0|clk1hz_o ; 1.000        ; 0.707      ; 20.836     ;
; -19.120 ; monociclo:DUT|pc_w[3]                             ; monociclo:DUT|registerfile:regfile_u0|regfile~316  ; divisor50mhz:div50_u0|clk1hz_o ; divisor50mhz:div50_u0|clk1hz_o ; 1.000        ; 0.706      ; 20.825     ;
; -19.117 ; monociclo:DUT|pc_w[3]                             ; monociclo:DUT|registerfile:regfile_u0|regfile~956  ; divisor50mhz:div50_u0|clk1hz_o ; divisor50mhz:div50_u0|clk1hz_o ; 1.000        ; 0.706      ; 20.822     ;
; -19.116 ; monociclo:DUT|pc_w[3]                             ; monociclo:DUT|registerfile:regfile_u0|regfile~924  ; divisor50mhz:div50_u0|clk1hz_o ; divisor50mhz:div50_u0|clk1hz_o ; 1.000        ; 0.706      ; 20.821     ;
; -19.112 ; monociclo:DUT|pc_w[5]                             ; monociclo:DUT|registerfile:regfile_u0|regfile~317  ; divisor50mhz:div50_u0|clk1hz_o ; divisor50mhz:div50_u0|clk1hz_o ; 1.000        ; 0.706      ; 20.817     ;
; -19.100 ; monociclo:DUT|pc_w[6]                             ; monociclo:DUT|registerfile:regfile_u0|regfile~1021 ; divisor50mhz:div50_u0|clk1hz_o ; divisor50mhz:div50_u0|clk1hz_o ; 1.000        ; 0.715      ; 20.814     ;
; -19.093 ; monociclo:DUT|pc_w[3]                             ; monociclo:DUT|registerfile:regfile_u0|regfile~284  ; divisor50mhz:div50_u0|clk1hz_o ; divisor50mhz:div50_u0|clk1hz_o ; 1.000        ; 0.706      ; 20.798     ;
+---------+---------------------------------------------------+----------------------------------------------------+--------------------------------+--------------------------------+--------------+------------+------------+


+--------------------------------------------------------------------------------------------------------------------------------------------------+
; Slow 1200mV 0C Model Setup: 'clk_i'                                                                                                              ;
+--------+---------------------------------+---------------------------------+--------------+-------------+--------------+------------+------------+
; Slack  ; From Node                       ; To Node                         ; Launch Clock ; Latch Clock ; Relationship ; Clock Skew ; Data Delay ;
+--------+---------------------------------+---------------------------------+--------------+-------------+--------------+------------+------------+
; -3.736 ; divisor50mhz:div50_u0|ctr_w[4]  ; divisor50mhz:div50_u0|clk1hz_o  ; clk_i        ; clk_i       ; 1.000        ; -0.079     ; 4.656      ;
; -3.719 ; divisor50mhz:div50_u0|ctr_w[5]  ; divisor50mhz:div50_u0|clk1hz_o  ; clk_i        ; clk_i       ; 1.000        ; -0.079     ; 4.639      ;
; -3.593 ; divisor50mhz:div50_u0|ctr_w[0]  ; divisor50mhz:div50_u0|clk1hz_o  ; clk_i        ; clk_i       ; 1.000        ; -0.079     ; 4.513      ;
; -3.584 ; divisor50mhz:div50_u0|ctr_w[3]  ; divisor50mhz:div50_u0|clk1hz_o  ; clk_i        ; clk_i       ; 1.000        ; -0.079     ; 4.504      ;
; -3.544 ; divisor50mhz:div50_u0|ctr_w[7]  ; divisor50mhz:div50_u0|clk1hz_o  ; clk_i        ; clk_i       ; 1.000        ; -0.080     ; 4.463      ;
; -3.493 ; divisor50mhz:div50_u0|ctr_w[12] ; divisor50mhz:div50_u0|clk1hz_o  ; clk_i        ; clk_i       ; 1.000        ; -0.080     ; 4.412      ;
; -3.490 ; divisor50mhz:div50_u0|ctr_w[10] ; divisor50mhz:div50_u0|clk1hz_o  ; clk_i        ; clk_i       ; 1.000        ; -0.079     ; 4.410      ;
; -3.483 ; divisor50mhz:div50_u0|ctr_w[13] ; divisor50mhz:div50_u0|clk1hz_o  ; clk_i        ; clk_i       ; 1.000        ; -0.080     ; 4.402      ;
; -3.476 ; divisor50mhz:div50_u0|ctr_w[8]  ; divisor50mhz:div50_u0|clk1hz_o  ; clk_i        ; clk_i       ; 1.000        ; -0.079     ; 4.396      ;
; -3.468 ; divisor50mhz:div50_u0|ctr_w[9]  ; divisor50mhz:div50_u0|clk1hz_o  ; clk_i        ; clk_i       ; 1.000        ; -0.079     ; 4.388      ;
; -3.430 ; divisor50mhz:div50_u0|ctr_w[2]  ; divisor50mhz:div50_u0|clk1hz_o  ; clk_i        ; clk_i       ; 1.000        ; -0.079     ; 4.350      ;
; -3.422 ; divisor50mhz:div50_u0|ctr_w[6]  ; divisor50mhz:div50_u0|clk1hz_o  ; clk_i        ; clk_i       ; 1.000        ; -0.079     ; 4.342      ;
; -3.398 ; divisor50mhz:div50_u0|ctr_w[15] ; divisor50mhz:div50_u0|clk1hz_o  ; clk_i        ; clk_i       ; 1.000        ; -0.080     ; 4.317      ;
; -3.339 ; divisor50mhz:div50_u0|ctr_w[1]  ; divisor50mhz:div50_u0|clk1hz_o  ; clk_i        ; clk_i       ; 1.000        ; -0.079     ; 4.259      ;
; -3.250 ; divisor50mhz:div50_u0|ctr_w[14] ; divisor50mhz:div50_u0|clk1hz_o  ; clk_i        ; clk_i       ; 1.000        ; -0.080     ; 4.169      ;
; -3.223 ; divisor50mhz:div50_u0|ctr_w[29] ; divisor50mhz:div50_u0|clk1hz_o  ; clk_i        ; clk_i       ; 1.000        ; -0.072     ; 4.150      ;
; -3.213 ; divisor50mhz:div50_u0|ctr_w[30] ; divisor50mhz:div50_u0|clk1hz_o  ; clk_i        ; clk_i       ; 1.000        ; -0.072     ; 4.140      ;
; -3.207 ; divisor50mhz:div50_u0|ctr_w[11] ; divisor50mhz:div50_u0|clk1hz_o  ; clk_i        ; clk_i       ; 1.000        ; -0.079     ; 4.127      ;
; -3.195 ; divisor50mhz:div50_u0|ctr_w[28] ; divisor50mhz:div50_u0|clk1hz_o  ; clk_i        ; clk_i       ; 1.000        ; -0.072     ; 4.122      ;
; -3.056 ; divisor50mhz:div50_u0|ctr_w[24] ; divisor50mhz:div50_u0|clk1hz_o  ; clk_i        ; clk_i       ; 1.000        ; -0.072     ; 3.983      ;
; -3.054 ; divisor50mhz:div50_u0|ctr_w[27] ; divisor50mhz:div50_u0|clk1hz_o  ; clk_i        ; clk_i       ; 1.000        ; -0.072     ; 3.981      ;
; -2.999 ; divisor50mhz:div50_u0|ctr_w[20] ; divisor50mhz:div50_u0|clk1hz_o  ; clk_i        ; clk_i       ; 1.000        ; -0.073     ; 3.925      ;
; -2.990 ; divisor50mhz:div50_u0|ctr_w[22] ; divisor50mhz:div50_u0|clk1hz_o  ; clk_i        ; clk_i       ; 1.000        ; -0.073     ; 3.916      ;
; -2.913 ; divisor50mhz:div50_u0|ctr_w[16] ; divisor50mhz:div50_u0|clk1hz_o  ; clk_i        ; clk_i       ; 1.000        ; -0.072     ; 3.840      ;
; -2.901 ; divisor50mhz:div50_u0|ctr_w[23] ; divisor50mhz:div50_u0|clk1hz_o  ; clk_i        ; clk_i       ; 1.000        ; -0.073     ; 3.827      ;
; -2.871 ; divisor50mhz:div50_u0|ctr_w[31] ; divisor50mhz:div50_u0|clk1hz_o  ; clk_i        ; clk_i       ; 1.000        ; -0.072     ; 3.798      ;
; -2.809 ; divisor50mhz:div50_u0|ctr_w[25] ; divisor50mhz:div50_u0|clk1hz_o  ; clk_i        ; clk_i       ; 1.000        ; -0.073     ; 3.735      ;
; -2.799 ; divisor50mhz:div50_u0|ctr_w[26] ; divisor50mhz:div50_u0|clk1hz_o  ; clk_i        ; clk_i       ; 1.000        ; -0.072     ; 3.726      ;
; -2.753 ; divisor50mhz:div50_u0|ctr_w[21] ; divisor50mhz:div50_u0|clk1hz_o  ; clk_i        ; clk_i       ; 1.000        ; -0.073     ; 3.679      ;
; -2.747 ; divisor50mhz:div50_u0|ctr_w[18] ; divisor50mhz:div50_u0|clk1hz_o  ; clk_i        ; clk_i       ; 1.000        ; -0.072     ; 3.674      ;
; -2.736 ; divisor50mhz:div50_u0|ctr_w[19] ; divisor50mhz:div50_u0|clk1hz_o  ; clk_i        ; clk_i       ; 1.000        ; -0.073     ; 3.662      ;
; -2.519 ; divisor50mhz:div50_u0|ctr_w[17] ; divisor50mhz:div50_u0|clk1hz_o  ; clk_i        ; clk_i       ; 1.000        ; -0.073     ; 3.445      ;
; -2.441 ; divisor50mhz:div50_u0|ctr_w[0]  ; divisor50mhz:div50_u0|ctr_w[25] ; clk_i        ; clk_i       ; 1.000        ; -0.079     ; 3.361      ;
; -2.377 ; divisor50mhz:div50_u0|ctr_w[29] ; divisor50mhz:div50_u0|ctr_w[0]  ; clk_i        ; clk_i       ; 1.000        ; -0.107     ; 3.269      ;
; -2.367 ; divisor50mhz:div50_u0|ctr_w[30] ; divisor50mhz:div50_u0|ctr_w[0]  ; clk_i        ; clk_i       ; 1.000        ; -0.107     ; 3.259      ;
; -2.359 ; divisor50mhz:div50_u0|ctr_w[1]  ; divisor50mhz:div50_u0|ctr_w[25] ; clk_i        ; clk_i       ; 1.000        ; -0.079     ; 3.279      ;
; -2.349 ; divisor50mhz:div50_u0|ctr_w[28] ; divisor50mhz:div50_u0|ctr_w[0]  ; clk_i        ; clk_i       ; 1.000        ; -0.107     ; 3.241      ;
; -2.334 ; divisor50mhz:div50_u0|ctr_w[0]  ; divisor50mhz:div50_u0|ctr_w[23] ; clk_i        ; clk_i       ; 1.000        ; -0.079     ; 3.254      ;
; -2.325 ; divisor50mhz:div50_u0|ctr_w[1]  ; divisor50mhz:div50_u0|ctr_w[22] ; clk_i        ; clk_i       ; 1.000        ; -0.079     ; 3.245      ;
; -2.323 ; divisor50mhz:div50_u0|ctr_w[2]  ; divisor50mhz:div50_u0|ctr_w[25] ; clk_i        ; clk_i       ; 1.000        ; -0.079     ; 3.243      ;
; -2.299 ; divisor50mhz:div50_u0|ctr_w[0]  ; divisor50mhz:div50_u0|ctr_w[31] ; clk_i        ; clk_i       ; 1.000        ; -0.080     ; 3.218      ;
; -2.277 ; divisor50mhz:div50_u0|ctr_w[1]  ; divisor50mhz:div50_u0|ctr_w[30] ; clk_i        ; clk_i       ; 1.000        ; -0.080     ; 3.196      ;
; -2.252 ; divisor50mhz:div50_u0|ctr_w[1]  ; divisor50mhz:div50_u0|ctr_w[23] ; clk_i        ; clk_i       ; 1.000        ; -0.079     ; 3.172      ;
; -2.248 ; divisor50mhz:div50_u0|ctr_w[0]  ; divisor50mhz:div50_u0|ctr_w[22] ; clk_i        ; clk_i       ; 1.000        ; -0.079     ; 3.168      ;
; -2.248 ; divisor50mhz:div50_u0|ctr_w[1]  ; divisor50mhz:div50_u0|ctr_w[31] ; clk_i        ; clk_i       ; 1.000        ; -0.080     ; 3.167      ;
; -2.240 ; divisor50mhz:div50_u0|ctr_w[3]  ; divisor50mhz:div50_u0|ctr_w[25] ; clk_i        ; clk_i       ; 1.000        ; -0.079     ; 3.160      ;
; -2.232 ; divisor50mhz:div50_u0|ctr_w[0]  ; divisor50mhz:div50_u0|ctr_w[21] ; clk_i        ; clk_i       ; 1.000        ; -0.079     ; 3.152      ;
; -2.220 ; divisor50mhz:div50_u0|ctr_w[0]  ; divisor50mhz:div50_u0|ctr_w[19] ; clk_i        ; clk_i       ; 1.000        ; -0.079     ; 3.140      ;
; -2.216 ; divisor50mhz:div50_u0|ctr_w[2]  ; divisor50mhz:div50_u0|ctr_w[23] ; clk_i        ; clk_i       ; 1.000        ; -0.079     ; 3.136      ;
; -2.210 ; divisor50mhz:div50_u0|ctr_w[24] ; divisor50mhz:div50_u0|ctr_w[0]  ; clk_i        ; clk_i       ; 1.000        ; -0.107     ; 3.102      ;
; -2.208 ; divisor50mhz:div50_u0|ctr_w[4]  ; divisor50mhz:div50_u0|ctr_w[25] ; clk_i        ; clk_i       ; 1.000        ; -0.079     ; 3.128      ;
; -2.208 ; divisor50mhz:div50_u0|ctr_w[27] ; divisor50mhz:div50_u0|ctr_w[0]  ; clk_i        ; clk_i       ; 1.000        ; -0.107     ; 3.100      ;
; -2.206 ; divisor50mhz:div50_u0|ctr_w[3]  ; divisor50mhz:div50_u0|ctr_w[22] ; clk_i        ; clk_i       ; 1.000        ; -0.079     ; 3.126      ;
; -2.200 ; divisor50mhz:div50_u0|ctr_w[0]  ; divisor50mhz:div50_u0|ctr_w[30] ; clk_i        ; clk_i       ; 1.000        ; -0.080     ; 3.119      ;
; -2.184 ; divisor50mhz:div50_u0|ctr_w[1]  ; divisor50mhz:div50_u0|ctr_w[20] ; clk_i        ; clk_i       ; 1.000        ; -0.079     ; 3.104      ;
; -2.183 ; divisor50mhz:div50_u0|ctr_w[0]  ; divisor50mhz:div50_u0|ctr_w[29] ; clk_i        ; clk_i       ; 1.000        ; -0.080     ; 3.102      ;
; -2.182 ; divisor50mhz:div50_u0|ctr_w[4]  ; divisor50mhz:div50_u0|ctr_w[0]  ; clk_i        ; clk_i       ; 1.000        ; -0.072     ; 3.109      ;
; -2.181 ; divisor50mhz:div50_u0|ctr_w[2]  ; divisor50mhz:div50_u0|ctr_w[31] ; clk_i        ; clk_i       ; 1.000        ; -0.080     ; 3.100      ;
; -2.168 ; divisor50mhz:div50_u0|ctr_w[7]  ; divisor50mhz:div50_u0|ctr_w[25] ; clk_i        ; clk_i       ; 1.000        ; -0.080     ; 3.087      ;
; -2.161 ; divisor50mhz:div50_u0|ctr_w[1]  ; divisor50mhz:div50_u0|ctr_w[28] ; clk_i        ; clk_i       ; 1.000        ; -0.080     ; 3.080      ;
; -2.161 ; divisor50mhz:div50_u0|ctr_w[5]  ; divisor50mhz:div50_u0|ctr_w[0]  ; clk_i        ; clk_i       ; 1.000        ; -0.072     ; 3.088      ;
; -2.158 ; divisor50mhz:div50_u0|ctr_w[3]  ; divisor50mhz:div50_u0|ctr_w[30] ; clk_i        ; clk_i       ; 1.000        ; -0.080     ; 3.077      ;
; -2.153 ; divisor50mhz:div50_u0|ctr_w[20] ; divisor50mhz:div50_u0|ctr_w[0]  ; clk_i        ; clk_i       ; 1.000        ; -0.108     ; 3.044      ;
; -2.150 ; divisor50mhz:div50_u0|ctr_w[1]  ; divisor50mhz:div50_u0|ctr_w[21] ; clk_i        ; clk_i       ; 1.000        ; -0.079     ; 3.070      ;
; -2.144 ; divisor50mhz:div50_u0|ctr_w[22] ; divisor50mhz:div50_u0|ctr_w[0]  ; clk_i        ; clk_i       ; 1.000        ; -0.108     ; 3.035      ;
; -2.138 ; divisor50mhz:div50_u0|ctr_w[1]  ; divisor50mhz:div50_u0|ctr_w[19] ; clk_i        ; clk_i       ; 1.000        ; -0.079     ; 3.058      ;
; -2.134 ; divisor50mhz:div50_u0|ctr_w[7]  ; divisor50mhz:div50_u0|ctr_w[22] ; clk_i        ; clk_i       ; 1.000        ; -0.080     ; 3.053      ;
; -2.133 ; divisor50mhz:div50_u0|ctr_w[3]  ; divisor50mhz:div50_u0|ctr_w[23] ; clk_i        ; clk_i       ; 1.000        ; -0.079     ; 3.053      ;
; -2.132 ; divisor50mhz:div50_u0|ctr_w[1]  ; divisor50mhz:div50_u0|ctr_w[29] ; clk_i        ; clk_i       ; 1.000        ; -0.080     ; 3.051      ;
; -2.131 ; divisor50mhz:div50_u0|ctr_w[2]  ; divisor50mhz:div50_u0|ctr_w[22] ; clk_i        ; clk_i       ; 1.000        ; -0.079     ; 3.051      ;
; -2.129 ; divisor50mhz:div50_u0|ctr_w[3]  ; divisor50mhz:div50_u0|ctr_w[31] ; clk_i        ; clk_i       ; 1.000        ; -0.080     ; 3.048      ;
; -2.125 ; divisor50mhz:div50_u0|ctr_w[5]  ; divisor50mhz:div50_u0|ctr_w[25] ; clk_i        ; clk_i       ; 1.000        ; -0.079     ; 3.045      ;
; -2.114 ; divisor50mhz:div50_u0|ctr_w[2]  ; divisor50mhz:div50_u0|ctr_w[21] ; clk_i        ; clk_i       ; 1.000        ; -0.079     ; 3.034      ;
; -2.107 ; divisor50mhz:div50_u0|ctr_w[0]  ; divisor50mhz:div50_u0|ctr_w[20] ; clk_i        ; clk_i       ; 1.000        ; -0.079     ; 3.027      ;
; -2.102 ; divisor50mhz:div50_u0|ctr_w[2]  ; divisor50mhz:div50_u0|ctr_w[19] ; clk_i        ; clk_i       ; 1.000        ; -0.079     ; 3.022      ;
; -2.101 ; divisor50mhz:div50_u0|ctr_w[4]  ; divisor50mhz:div50_u0|ctr_w[23] ; clk_i        ; clk_i       ; 1.000        ; -0.079     ; 3.021      ;
; -2.091 ; divisor50mhz:div50_u0|ctr_w[5]  ; divisor50mhz:div50_u0|ctr_w[22] ; clk_i        ; clk_i       ; 1.000        ; -0.079     ; 3.011      ;
; -2.088 ; divisor50mhz:div50_u0|ctr_w[6]  ; divisor50mhz:div50_u0|ctr_w[25] ; clk_i        ; clk_i       ; 1.000        ; -0.079     ; 3.008      ;
; -2.086 ; divisor50mhz:div50_u0|ctr_w[7]  ; divisor50mhz:div50_u0|ctr_w[30] ; clk_i        ; clk_i       ; 1.000        ; -0.081     ; 3.004      ;
; -2.084 ; divisor50mhz:div50_u0|ctr_w[0]  ; divisor50mhz:div50_u0|ctr_w[28] ; clk_i        ; clk_i       ; 1.000        ; -0.080     ; 3.003      ;
; -2.083 ; divisor50mhz:div50_u0|ctr_w[2]  ; divisor50mhz:div50_u0|ctr_w[30] ; clk_i        ; clk_i       ; 1.000        ; -0.080     ; 3.002      ;
; -2.082 ; divisor50mhz:div50_u0|ctr_w[16] ; divisor50mhz:div50_u0|ctr_w[0]  ; clk_i        ; clk_i       ; 1.000        ; -0.107     ; 2.974      ;
; -2.067 ; divisor50mhz:div50_u0|ctr_w[0]  ; divisor50mhz:div50_u0|ctr_w[27] ; clk_i        ; clk_i       ; 1.000        ; -0.080     ; 2.986      ;
; -2.066 ; divisor50mhz:div50_u0|ctr_w[4]  ; divisor50mhz:div50_u0|ctr_w[31] ; clk_i        ; clk_i       ; 1.000        ; -0.080     ; 2.985      ;
; -2.065 ; divisor50mhz:div50_u0|ctr_w[3]  ; divisor50mhz:div50_u0|ctr_w[20] ; clk_i        ; clk_i       ; 1.000        ; -0.079     ; 2.985      ;
; -2.065 ; divisor50mhz:div50_u0|ctr_w[2]  ; divisor50mhz:div50_u0|ctr_w[29] ; clk_i        ; clk_i       ; 1.000        ; -0.080     ; 2.984      ;
; -2.061 ; divisor50mhz:div50_u0|ctr_w[7]  ; divisor50mhz:div50_u0|ctr_w[23] ; clk_i        ; clk_i       ; 1.000        ; -0.080     ; 2.980      ;
; -2.057 ; divisor50mhz:div50_u0|ctr_w[7]  ; divisor50mhz:div50_u0|ctr_w[31] ; clk_i        ; clk_i       ; 1.000        ; -0.081     ; 2.975      ;
; -2.055 ; divisor50mhz:div50_u0|ctr_w[23] ; divisor50mhz:div50_u0|ctr_w[0]  ; clk_i        ; clk_i       ; 1.000        ; -0.108     ; 2.946      ;
; -2.045 ; divisor50mhz:div50_u0|ctr_w[1]  ; divisor50mhz:div50_u0|ctr_w[26] ; clk_i        ; clk_i       ; 1.000        ; -0.080     ; 2.964      ;
; -2.043 ; divisor50mhz:div50_u0|ctr_w[5]  ; divisor50mhz:div50_u0|ctr_w[30] ; clk_i        ; clk_i       ; 1.000        ; -0.080     ; 2.962      ;
; -2.042 ; divisor50mhz:div50_u0|ctr_w[3]  ; divisor50mhz:div50_u0|ctr_w[28] ; clk_i        ; clk_i       ; 1.000        ; -0.080     ; 2.961      ;
; -2.031 ; divisor50mhz:div50_u0|ctr_w[3]  ; divisor50mhz:div50_u0|ctr_w[21] ; clk_i        ; clk_i       ; 1.000        ; -0.079     ; 2.951      ;
; -2.025 ; divisor50mhz:div50_u0|ctr_w[31] ; divisor50mhz:div50_u0|ctr_w[0]  ; clk_i        ; clk_i       ; 1.000        ; -0.107     ; 2.917      ;
; -2.022 ; divisor50mhz:div50_u0|ctr_w[0]  ; divisor50mhz:div50_u0|ctr_w[0]  ; clk_i        ; clk_i       ; 1.000        ; -0.072     ; 2.949      ;
; -2.020 ; divisor50mhz:div50_u0|ctr_w[3]  ; divisor50mhz:div50_u0|ctr_w[0]  ; clk_i        ; clk_i       ; 1.000        ; -0.072     ; 2.947      ;
; -2.019 ; divisor50mhz:div50_u0|ctr_w[3]  ; divisor50mhz:div50_u0|ctr_w[19] ; clk_i        ; clk_i       ; 1.000        ; -0.079     ; 2.939      ;
; -2.018 ; divisor50mhz:div50_u0|ctr_w[5]  ; divisor50mhz:div50_u0|ctr_w[23] ; clk_i        ; clk_i       ; 1.000        ; -0.079     ; 2.938      ;
; -2.016 ; divisor50mhz:div50_u0|ctr_w[1]  ; divisor50mhz:div50_u0|ctr_w[27] ; clk_i        ; clk_i       ; 1.000        ; -0.080     ; 2.935      ;
; -2.015 ; divisor50mhz:div50_u0|ctr_w[4]  ; divisor50mhz:div50_u0|ctr_w[22] ; clk_i        ; clk_i       ; 1.000        ; -0.079     ; 2.935      ;
+--------+---------------------------------+---------------------------------+--------------+-------------+--------------+------------+------------+


+---------------------------------------------------------------------------------------------------------------------------------------------------------------------------------+
; Slow 1200mV 0C Model Setup: 'monociclo:DUT|pc_w[2]'                                                                                                                             ;
+--------+-----------------------+----------------------------------------------+--------------------------------+-----------------------+--------------+------------+------------+
; Slack  ; From Node             ; To Node                                      ; Launch Clock                   ; Latch Clock           ; Relationship ; Clock Skew ; Data Delay ;
+--------+-----------------------+----------------------------------------------+--------------------------------+-----------------------+--------------+------------+------------+
; -2.615 ; monociclo:DUT|pc_w[5] ; monociclo:DUT|aluctrl:aluctrl_u0|brctrl_o[0] ; divisor50mhz:div50_u0|clk1hz_o ; monociclo:DUT|pc_w[2] ; 1.000        ; -0.705     ; 2.258      ;
; -2.530 ; monociclo:DUT|pc_w[3] ; monociclo:DUT|aluctrl:aluctrl_u0|brctrl_o[0] ; divisor50mhz:div50_u0|clk1hz_o ; monociclo:DUT|pc_w[2] ; 1.000        ; -0.705     ; 2.173      ;
; -2.360 ; monociclo:DUT|pc_w[4] ; monociclo:DUT|aluctrl:aluctrl_u0|brctrl_o[0] ; divisor50mhz:div50_u0|clk1hz_o ; monociclo:DUT|pc_w[2] ; 1.000        ; -0.705     ; 2.003      ;
; -1.759 ; monociclo:DUT|pc_w[6] ; monociclo:DUT|aluctrl:aluctrl_u0|brctrl_o[0] ; divisor50mhz:div50_u0|clk1hz_o ; monociclo:DUT|pc_w[2] ; 1.000        ; -0.705     ; 1.402      ;
; -0.568 ; monociclo:DUT|pc_w[2] ; monociclo:DUT|aluctrl:aluctrl_u0|brctrl_o[0] ; monociclo:DUT|pc_w[2]          ; monociclo:DUT|pc_w[2] ; 0.500        ; 1.657      ; 2.296      ;
; -0.047 ; monociclo:DUT|pc_w[2] ; monociclo:DUT|aluctrl:aluctrl_u0|brctrl_o[0] ; monociclo:DUT|pc_w[2]          ; monociclo:DUT|pc_w[2] ; 1.000        ; 1.657      ; 2.275      ;
+--------+-----------------------+----------------------------------------------+--------------------------------+-----------------------+--------------+------------+------------+


+--------------------------------------------------------------------------------------------------------------------------------------------------------------------------------+
; Slow 1200mV 0C Model Hold: 'monociclo:DUT|pc_w[2]'                                                                                                                             ;
+-------+-----------------------+----------------------------------------------+--------------------------------+-----------------------+--------------+------------+------------+
; Slack ; From Node             ; To Node                                      ; Launch Clock                   ; Latch Clock           ; Relationship ; Clock Skew ; Data Delay ;
+-------+-----------------------+----------------------------------------------+--------------------------------+-----------------------+--------------+------------+------------+
; 0.124 ; monociclo:DUT|pc_w[2] ; monociclo:DUT|aluctrl:aluctrl_u0|brctrl_o[0] ; monociclo:DUT|pc_w[2]          ; monociclo:DUT|pc_w[2] ; 0.000        ; 1.755      ; 2.092      ;
; 0.594 ; monociclo:DUT|pc_w[2] ; monociclo:DUT|aluctrl:aluctrl_u0|brctrl_o[0] ; monociclo:DUT|pc_w[2]          ; monociclo:DUT|pc_w[2] ; -0.500       ; 1.755      ; 2.062      ;
; 1.812 ; monociclo:DUT|pc_w[6] ; monociclo:DUT|aluctrl:aluctrl_u0|brctrl_o[0] ; divisor50mhz:div50_u0|clk1hz_o ; monociclo:DUT|pc_w[2] ; 0.000        ; -0.495     ; 1.327      ;
; 2.343 ; monociclo:DUT|pc_w[4] ; monociclo:DUT|aluctrl:aluctrl_u0|brctrl_o[0] ; divisor50mhz:div50_u0|clk1hz_o ; monociclo:DUT|pc_w[2] ; 0.000        ; -0.495     ; 1.858      ;
; 2.474 ; monociclo:DUT|pc_w[3] ; monociclo:DUT|aluctrl:aluctrl_u0|brctrl_o[0] ; divisor50mhz:div50_u0|clk1hz_o ; monociclo:DUT|pc_w[2] ; 0.000        ; -0.495     ; 1.989      ;
; 2.530 ; monociclo:DUT|pc_w[5] ; monociclo:DUT|aluctrl:aluctrl_u0|brctrl_o[0] ; divisor50mhz:div50_u0|clk1hz_o ; monociclo:DUT|pc_w[2] ; 0.000        ; -0.495     ; 2.045      ;
+-------+-----------------------+----------------------------------------------+--------------------------------+-----------------------+--------------+------------+------------+


+-----------------------------------------------------------------------------------------------------------------------------------------------------------------------------------------------+
; Slow 1200mV 0C Model Hold: 'divisor50mhz:div50_u0|clk1hz_o'                                                                                                                                   ;
+-------+-----------------------+----------------------------------------------------+--------------------------------+--------------------------------+--------------+------------+------------+
; Slack ; From Node             ; To Node                                            ; Launch Clock                   ; Latch Clock                    ; Relationship ; Clock Skew ; Data Delay ;
+-------+-----------------------+----------------------------------------------------+--------------------------------+--------------------------------+--------------+------------+------------+
; 0.579 ; monociclo:DUT|pc_w[1] ; monociclo:DUT|pc_w[1]                              ; divisor50mhz:div50_u0|clk1hz_o ; divisor50mhz:div50_u0|clk1hz_o ; 0.000        ; 0.072      ; 0.822      ;
; 0.664 ; monociclo:DUT|pc_w[6] ; monociclo:DUT|pc_w[6]                              ; divisor50mhz:div50_u0|clk1hz_o ; divisor50mhz:div50_u0|clk1hz_o ; 0.000        ; 0.039      ; 0.874      ;
; 0.756 ; monociclo:DUT|pc_w[0] ; monociclo:DUT|pc_w[0]                              ; divisor50mhz:div50_u0|clk1hz_o ; divisor50mhz:div50_u0|clk1hz_o ; 0.000        ; 0.072      ; 0.999      ;
; 0.833 ; monociclo:DUT|pc_w[4] ; monociclo:DUT|pc_w[4]                              ; divisor50mhz:div50_u0|clk1hz_o ; divisor50mhz:div50_u0|clk1hz_o ; 0.000        ; 0.039      ; 1.043      ;
; 0.847 ; monociclo:DUT|pc_w[2] ; monociclo:DUT|pc_w[2]                              ; monociclo:DUT|pc_w[2]          ; divisor50mhz:div50_u0|clk1hz_o ; 0.000        ; 3.247      ; 4.488      ;
; 1.025 ; monociclo:DUT|pc_w[0] ; monociclo:DUT|pc_w[1]                              ; divisor50mhz:div50_u0|clk1hz_o ; divisor50mhz:div50_u0|clk1hz_o ; 0.000        ; 0.072      ; 1.268      ;
; 1.115 ; monociclo:DUT|pc_w[4] ; monociclo:DUT|pc_w[5]                              ; divisor50mhz:div50_u0|clk1hz_o ; divisor50mhz:div50_u0|clk1hz_o ; 0.000        ; 0.045      ; 1.331      ;
; 1.126 ; monociclo:DUT|pc_w[4] ; monociclo:DUT|pc_w[6]                              ; divisor50mhz:div50_u0|clk1hz_o ; divisor50mhz:div50_u0|clk1hz_o ; 0.000        ; 0.045      ; 1.342      ;
; 1.315 ; monociclo:DUT|pc_w[2] ; monociclo:DUT|pc_w[2]                              ; monociclo:DUT|pc_w[2]          ; divisor50mhz:div50_u0|clk1hz_o ; -0.500       ; 3.247      ; 4.456      ;
; 1.357 ; monociclo:DUT|pc_w[2] ; monociclo:DUT|pc_w[3]                              ; monociclo:DUT|pc_w[2]          ; divisor50mhz:div50_u0|clk1hz_o ; 0.000        ; 2.362      ; 4.113      ;
; 1.391 ; monociclo:DUT|pc_w[5] ; monociclo:DUT|pc_w[5]                              ; divisor50mhz:div50_u0|clk1hz_o ; divisor50mhz:div50_u0|clk1hz_o ; 0.000        ; 0.039      ; 1.601      ;
; 1.391 ; monociclo:DUT|pc_w[2] ; monociclo:DUT|dcache:dcache_u0|datacache~181       ; monociclo:DUT|pc_w[2]          ; divisor50mhz:div50_u0|clk1hz_o ; 0.000        ; 3.205      ; 4.990      ;
; 1.406 ; monociclo:DUT|pc_w[2] ; monociclo:DUT|dcache:dcache_u0|datacache~245       ; monociclo:DUT|pc_w[2]          ; divisor50mhz:div50_u0|clk1hz_o ; 0.000        ; 3.205      ; 5.005      ;
; 1.410 ; monociclo:DUT|pc_w[2] ; monociclo:DUT|registerfile:regfile_u0|regfile~277  ; monociclo:DUT|pc_w[2]          ; divisor50mhz:div50_u0|clk1hz_o ; 0.000        ; 3.245      ; 5.049      ;
; 1.412 ; monociclo:DUT|pc_w[2] ; monociclo:DUT|registerfile:regfile_u0|regfile~1013 ; monociclo:DUT|pc_w[2]          ; divisor50mhz:div50_u0|clk1hz_o ; 0.000        ; 3.245      ; 5.051      ;
; 1.440 ; monociclo:DUT|pc_w[2] ; monociclo:DUT|registerfile:regfile_u0|regfile~233  ; monociclo:DUT|pc_w[2]          ; divisor50mhz:div50_u0|clk1hz_o ; 0.000        ; 3.221      ; 5.055      ;
; 1.441 ; monociclo:DUT|pc_w[2] ; monociclo:DUT|registerfile:regfile_u0|regfile~201  ; monociclo:DUT|pc_w[2]          ; divisor50mhz:div50_u0|clk1hz_o ; 0.000        ; 3.221      ; 5.056      ;
; 1.443 ; monociclo:DUT|pc_w[2] ; monociclo:DUT|dcache:dcache_u0|datacache~149       ; monociclo:DUT|pc_w[2]          ; divisor50mhz:div50_u0|clk1hz_o ; 0.000        ; 3.205      ; 5.042      ;
; 1.443 ; monociclo:DUT|pc_w[2] ; monociclo:DUT|registerfile:regfile_u0|regfile~213  ; monociclo:DUT|pc_w[2]          ; divisor50mhz:div50_u0|clk1hz_o ; 0.000        ; 3.244      ; 5.081      ;
; 1.444 ; monociclo:DUT|pc_w[2] ; monociclo:DUT|registerfile:regfile_u0|regfile~977  ; monociclo:DUT|pc_w[2]          ; divisor50mhz:div50_u0|clk1hz_o ; 0.000        ; 3.223      ; 5.061      ;
; 1.444 ; monociclo:DUT|pc_w[2] ; monociclo:DUT|registerfile:regfile_u0|regfile~245  ; monociclo:DUT|pc_w[2]          ; divisor50mhz:div50_u0|clk1hz_o ; 0.000        ; 3.244      ; 5.082      ;
; 1.446 ; monociclo:DUT|pc_w[2] ; monociclo:DUT|registerfile:regfile_u0|regfile~593  ; monociclo:DUT|pc_w[2]          ; divisor50mhz:div50_u0|clk1hz_o ; 0.000        ; 3.223      ; 5.063      ;
; 1.466 ; monociclo:DUT|pc_w[2] ; monociclo:DUT|dcache:dcache_u0|datacache~371       ; monociclo:DUT|pc_w[2]          ; divisor50mhz:div50_u0|clk1hz_o ; 0.000        ; 3.207      ; 5.067      ;
; 1.467 ; monociclo:DUT|pc_w[2] ; monociclo:DUT|dcache:dcache_u0|datacache~339       ; monociclo:DUT|pc_w[2]          ; divisor50mhz:div50_u0|clk1hz_o ; 0.000        ; 3.207      ; 5.068      ;
; 1.481 ; monociclo:DUT|pc_w[2] ; monociclo:DUT|dcache:dcache_u0|datacache~147       ; monociclo:DUT|pc_w[2]          ; divisor50mhz:div50_u0|clk1hz_o ; 0.000        ; 3.205      ; 5.080      ;
; 1.486 ; monociclo:DUT|pc_w[2] ; monociclo:DUT|dcache:dcache_u0|datacache~243       ; monociclo:DUT|pc_w[2]          ; divisor50mhz:div50_u0|clk1hz_o ; 0.000        ; 3.205      ; 5.085      ;
; 1.495 ; monociclo:DUT|pc_w[2] ; monociclo:DUT|dcache:dcache_u0|datacache~821       ; monociclo:DUT|pc_w[2]          ; divisor50mhz:div50_u0|clk1hz_o ; 0.000        ; 3.215      ; 5.104      ;
; 1.520 ; monociclo:DUT|pc_w[2] ; monociclo:DUT|dcache:dcache_u0|datacache~307       ; monociclo:DUT|pc_w[2]          ; divisor50mhz:div50_u0|clk1hz_o ; 0.000        ; 3.208      ; 5.122      ;
; 1.520 ; monociclo:DUT|pc_w[2] ; monociclo:DUT|dcache:dcache_u0|datacache~275       ; monociclo:DUT|pc_w[2]          ; divisor50mhz:div50_u0|clk1hz_o ; 0.000        ; 3.208      ; 5.122      ;
; 1.529 ; monociclo:DUT|pc_w[2] ; monociclo:DUT|dcache:dcache_u0|datacache~159       ; monociclo:DUT|pc_w[2]          ; divisor50mhz:div50_u0|clk1hz_o ; 0.000        ; 3.206      ; 5.129      ;
; 1.530 ; monociclo:DUT|pc_w[2] ; monociclo:DUT|dcache:dcache_u0|datacache~725       ; monociclo:DUT|pc_w[2]          ; divisor50mhz:div50_u0|clk1hz_o ; 0.000        ; 3.229      ; 5.153      ;
; 1.539 ; monociclo:DUT|pc_w[2] ; monociclo:DUT|dcache:dcache_u0|datacache~211       ; monociclo:DUT|pc_w[2]          ; divisor50mhz:div50_u0|clk1hz_o ; 0.000        ; 3.216      ; 5.149      ;
; 1.547 ; monociclo:DUT|pc_w[2] ; monociclo:DUT|dcache:dcache_u0|datacache~723       ; monociclo:DUT|pc_w[2]          ; divisor50mhz:div50_u0|clk1hz_o ; 0.000        ; 3.218      ; 5.159      ;
; 1.560 ; monociclo:DUT|pc_w[2] ; monociclo:DUT|dcache:dcache_u0|datacache~179       ; monociclo:DUT|pc_w[2]          ; divisor50mhz:div50_u0|clk1hz_o ; 0.000        ; 3.205      ; 5.159      ;
; 1.561 ; monociclo:DUT|pc_w[2] ; monociclo:DUT|dcache:dcache_u0|datacache~787       ; monociclo:DUT|pc_w[2]          ; divisor50mhz:div50_u0|clk1hz_o ; 0.000        ; 3.205      ; 5.160      ;
; 1.565 ; monociclo:DUT|pc_w[2] ; monociclo:DUT|dcache:dcache_u0|datacache~531       ; monociclo:DUT|pc_w[2]          ; divisor50mhz:div50_u0|clk1hz_o ; 0.000        ; 3.207      ; 5.166      ;
; 1.565 ; monociclo:DUT|pc_w[2] ; monociclo:DUT|dcache:dcache_u0|datacache~841       ; monociclo:DUT|pc_w[2]          ; divisor50mhz:div50_u0|clk1hz_o ; 0.000        ; 3.207      ; 5.166      ;
; 1.567 ; monociclo:DUT|pc_w[2] ; monociclo:DUT|dcache:dcache_u0|datacache~851       ; monociclo:DUT|pc_w[2]          ; divisor50mhz:div50_u0|clk1hz_o ; 0.000        ; 3.230      ; 5.191      ;
; 1.587 ; monociclo:DUT|pc_w[2] ; monociclo:DUT|registerfile:regfile_u0|regfile~286  ; monociclo:DUT|pc_w[2]          ; divisor50mhz:div50_u0|clk1hz_o ; 0.000        ; 3.236      ; 5.217      ;
; 1.609 ; monociclo:DUT|pc_w[2] ; monociclo:DUT|registerfile:regfile_u0|regfile~244  ; monociclo:DUT|pc_w[2]          ; divisor50mhz:div50_u0|clk1hz_o ; 0.000        ; 3.244      ; 5.247      ;
; 1.610 ; monociclo:DUT|pc_w[2] ; monociclo:DUT|registerfile:regfile_u0|regfile~212  ; monociclo:DUT|pc_w[2]          ; divisor50mhz:div50_u0|clk1hz_o ; 0.000        ; 3.244      ; 5.248      ;
; 1.612 ; monociclo:DUT|pc_w[2] ; monociclo:DUT|dcache:dcache_u0|datacache~688       ; monociclo:DUT|pc_w[2]          ; divisor50mhz:div50_u0|clk1hz_o ; 0.000        ; 3.218      ; 5.224      ;
; 1.614 ; monociclo:DUT|pc_w[2] ; monociclo:DUT|dcache:dcache_u0|datacache~976       ; monociclo:DUT|pc_w[2]          ; divisor50mhz:div50_u0|clk1hz_o ; 0.000        ; 3.230      ; 5.238      ;
; 1.623 ; monociclo:DUT|pc_w[2] ; monociclo:DUT|pc_w[4]                              ; monociclo:DUT|pc_w[2]          ; divisor50mhz:div50_u0|clk1hz_o ; 0.000        ; 2.362      ; 4.379      ;
; 1.631 ; monociclo:DUT|pc_w[2] ; monociclo:DUT|registerfile:regfile_u0|regfile~1009 ; monociclo:DUT|pc_w[2]          ; divisor50mhz:div50_u0|clk1hz_o ; 0.000        ; 3.224      ; 5.249      ;
; 1.633 ; monociclo:DUT|pc_w[2] ; monociclo:DUT|registerfile:regfile_u0|regfile~606  ; monociclo:DUT|pc_w[2]          ; divisor50mhz:div50_u0|clk1hz_o ; 0.000        ; 3.225      ; 5.252      ;
; 1.637 ; monociclo:DUT|pc_w[2] ; monociclo:DUT|registerfile:regfile_u0|regfile~1022 ; monociclo:DUT|pc_w[2]          ; divisor50mhz:div50_u0|clk1hz_o ; 0.000        ; 3.225      ; 5.256      ;
; 1.640 ; monociclo:DUT|pc_w[2] ; monociclo:DUT|dcache:dcache_u0|datacache~277       ; monociclo:DUT|pc_w[2]          ; divisor50mhz:div50_u0|clk1hz_o ; 0.000        ; 3.208      ; 5.242      ;
; 1.644 ; monociclo:DUT|pc_w[2] ; monociclo:DUT|dcache:dcache_u0|datacache~309       ; monociclo:DUT|pc_w[2]          ; divisor50mhz:div50_u0|clk1hz_o ; 0.000        ; 3.208      ; 5.246      ;
; 1.644 ; monociclo:DUT|pc_w[2] ; monociclo:DUT|dcache:dcache_u0|datacache~1001      ; monociclo:DUT|pc_w[2]          ; divisor50mhz:div50_u0|clk1hz_o ; 0.000        ; 3.203      ; 5.241      ;
; 1.645 ; monociclo:DUT|pc_w[2] ; monociclo:DUT|dcache:dcache_u0|datacache~873       ; monociclo:DUT|pc_w[2]          ; divisor50mhz:div50_u0|clk1hz_o ; 0.000        ; 3.203      ; 5.242      ;
; 1.649 ; monociclo:DUT|pc_w[2] ; monociclo:DUT|registerfile:regfile_u0|regfile~598  ; monociclo:DUT|pc_w[2]          ; divisor50mhz:div50_u0|clk1hz_o ; 0.000        ; 3.232      ; 5.275      ;
; 1.650 ; monociclo:DUT|pc_w[2] ; monociclo:DUT|registerfile:regfile_u0|regfile~982  ; monociclo:DUT|pc_w[2]          ; divisor50mhz:div50_u0|clk1hz_o ; 0.000        ; 3.232      ; 5.276      ;
; 1.652 ; monociclo:DUT|pc_w[2] ; monociclo:DUT|dcache:dcache_u0|datacache~629       ; monociclo:DUT|pc_w[2]          ; divisor50mhz:div50_u0|clk1hz_o ; 0.000        ; 3.216      ; 5.262      ;
; 1.655 ; monociclo:DUT|pc_w[2] ; monociclo:DUT|dcache:dcache_u0|datacache~383       ; monociclo:DUT|pc_w[2]          ; divisor50mhz:div50_u0|clk1hz_o ; 0.000        ; 3.212      ; 5.261      ;
; 1.657 ; monociclo:DUT|pc_w[2] ; monociclo:DUT|dcache:dcache_u0|datacache~947       ; monociclo:DUT|pc_w[2]          ; divisor50mhz:div50_u0|clk1hz_o ; 0.000        ; 3.220      ; 5.271      ;
; 1.666 ; monociclo:DUT|pc_w[2] ; monociclo:DUT|dcache:dcache_u0|datacache~969       ; monociclo:DUT|pc_w[2]          ; divisor50mhz:div50_u0|clk1hz_o ; 0.000        ; 3.207      ; 5.267      ;
; 1.670 ; monociclo:DUT|pc_w[2] ; monociclo:DUT|dcache:dcache_u0|datacache~255       ; monociclo:DUT|pc_w[2]          ; divisor50mhz:div50_u0|clk1hz_o ; 0.000        ; 3.205      ; 5.269      ;
; 1.671 ; monociclo:DUT|pc_w[2] ; monociclo:DUT|registerfile:regfile_u0|regfile~585  ; monociclo:DUT|pc_w[2]          ; divisor50mhz:div50_u0|clk1hz_o ; 0.000        ; 3.224      ; 5.289      ;
; 1.673 ; monociclo:DUT|pc_w[2] ; monociclo:DUT|dcache:dcache_u0|datacache~735       ; monociclo:DUT|pc_w[2]          ; divisor50mhz:div50_u0|clk1hz_o ; 0.000        ; 3.218      ; 5.285      ;
; 1.678 ; monociclo:DUT|pc_w[2] ; monociclo:DUT|registerfile:regfile_u0|regfile~181  ; monociclo:DUT|pc_w[2]          ; divisor50mhz:div50_u0|clk1hz_o ; 0.000        ; 3.221      ; 5.293      ;
; 1.682 ; monociclo:DUT|pc_w[2] ; monociclo:DUT|registerfile:regfile_u0|regfile~319  ; monociclo:DUT|pc_w[2]          ; divisor50mhz:div50_u0|clk1hz_o ; 0.000        ; 3.227      ; 5.303      ;
; 1.682 ; monociclo:DUT|pc_w[2] ; monociclo:DUT|registerfile:regfile_u0|regfile~1014 ; monociclo:DUT|pc_w[2]          ; divisor50mhz:div50_u0|clk1hz_o ; 0.000        ; 3.233      ; 5.309      ;
; 1.683 ; monociclo:DUT|pc_w[2] ; monociclo:DUT|registerfile:regfile_u0|regfile~265  ; monociclo:DUT|pc_w[2]          ; divisor50mhz:div50_u0|clk1hz_o ; 0.000        ; 3.222      ; 5.299      ;
; 1.683 ; monociclo:DUT|pc_w[2] ; monociclo:DUT|registerfile:regfile_u0|regfile~297  ; monociclo:DUT|pc_w[2]          ; divisor50mhz:div50_u0|clk1hz_o ; 0.000        ; 3.222      ; 5.299      ;
; 1.688 ; monociclo:DUT|pc_w[2] ; monociclo:DUT|dcache:dcache_u0|datacache~575       ; monociclo:DUT|pc_w[2]          ; divisor50mhz:div50_u0|clk1hz_o ; 0.000        ; 3.202      ; 5.284      ;
; 1.688 ; monociclo:DUT|pc_w[2] ; monociclo:DUT|dcache:dcache_u0|datacache~831       ; monociclo:DUT|pc_w[2]          ; divisor50mhz:div50_u0|clk1hz_o ; 0.000        ; 3.202      ; 5.284      ;
; 1.688 ; monociclo:DUT|pc_w[2] ; monociclo:DUT|registerfile:regfile_u0|regfile~169  ; monociclo:DUT|pc_w[2]          ; divisor50mhz:div50_u0|clk1hz_o ; 0.000        ; 3.212      ; 5.294      ;
; 1.689 ; monociclo:DUT|pc_w[2] ; monociclo:DUT|dcache:dcache_u0|datacache~713       ; monociclo:DUT|pc_w[2]          ; divisor50mhz:div50_u0|clk1hz_o ; 0.000        ; 3.206      ; 5.289      ;
; 1.691 ; monociclo:DUT|pc_w[2] ; monociclo:DUT|dcache:dcache_u0|datacache~848       ; monociclo:DUT|pc_w[2]          ; divisor50mhz:div50_u0|clk1hz_o ; 0.000        ; 3.217      ; 5.302      ;
; 1.694 ; monociclo:DUT|pc_w[5] ; monociclo:DUT|pc_w[6]                              ; divisor50mhz:div50_u0|clk1hz_o ; divisor50mhz:div50_u0|clk1hz_o ; 0.000        ; 0.045      ; 1.910      ;
; 1.695 ; monociclo:DUT|pc_w[2] ; monociclo:DUT|dcache:dcache_u0|datacache~233       ; monociclo:DUT|pc_w[2]          ; divisor50mhz:div50_u0|clk1hz_o ; 0.000        ; 3.222      ; 5.311      ;
; 1.699 ; monociclo:DUT|pc_w[2] ; monociclo:DUT|dcache:dcache_u0|datacache~939       ; monociclo:DUT|pc_w[2]          ; divisor50mhz:div50_u0|clk1hz_o ; 0.000        ; 3.211      ; 5.304      ;
; 1.699 ; monociclo:DUT|pc_w[2] ; monociclo:DUT|dcache:dcache_u0|datacache~363       ; monociclo:DUT|pc_w[2]          ; divisor50mhz:div50_u0|clk1hz_o ; 0.000        ; 3.212      ; 5.305      ;
; 1.701 ; monociclo:DUT|pc_w[2] ; monociclo:DUT|dcache:dcache_u0|datacache~849       ; monociclo:DUT|pc_w[2]          ; divisor50mhz:div50_u0|clk1hz_o ; 0.000        ; 3.204      ; 5.299      ;
; 1.701 ; monociclo:DUT|pc_w[2] ; monociclo:DUT|dcache:dcache_u0|datacache~1007      ; monociclo:DUT|pc_w[2]          ; divisor50mhz:div50_u0|clk1hz_o ; 0.000        ; 3.217      ; 5.312      ;
; 1.704 ; monociclo:DUT|pc_w[2] ; monociclo:DUT|dcache:dcache_u0|datacache~691       ; monociclo:DUT|pc_w[2]          ; divisor50mhz:div50_u0|clk1hz_o ; 0.000        ; 3.220      ; 5.318      ;
; 1.704 ; monociclo:DUT|pc_w[2] ; monociclo:DUT|dcache:dcache_u0|datacache~435       ; monociclo:DUT|pc_w[2]          ; divisor50mhz:div50_u0|clk1hz_o ; 0.000        ; 3.235      ; 5.333      ;
; 1.705 ; monociclo:DUT|pc_w[2] ; monociclo:DUT|dcache:dcache_u0|datacache~863       ; monociclo:DUT|pc_w[2]          ; divisor50mhz:div50_u0|clk1hz_o ; 0.000        ; 3.217      ; 5.316      ;
; 1.707 ; monociclo:DUT|pc_w[2] ; monociclo:DUT|dcache:dcache_u0|datacache~853       ; monociclo:DUT|pc_w[2]          ; divisor50mhz:div50_u0|clk1hz_o ; 0.000        ; 3.230      ; 5.331      ;
; 1.708 ; monociclo:DUT|pc_w[2] ; monociclo:DUT|dcache:dcache_u0|datacache~937       ; monociclo:DUT|pc_w[2]          ; divisor50mhz:div50_u0|clk1hz_o ; 0.000        ; 3.223      ; 5.325      ;
; 1.710 ; monociclo:DUT|pc_w[2] ; monociclo:DUT|dcache:dcache_u0|datacache~607       ; monociclo:DUT|pc_w[2]          ; divisor50mhz:div50_u0|clk1hz_o ; 0.000        ; 3.217      ; 5.321      ;
; 1.711 ; monociclo:DUT|pc_w[2] ; monociclo:DUT|dcache:dcache_u0|datacache~883       ; monociclo:DUT|pc_w[2]          ; divisor50mhz:div50_u0|clk1hz_o ; 0.000        ; 3.216      ; 5.321      ;
; 1.713 ; monociclo:DUT|pc_w[2] ; monociclo:DUT|dcache:dcache_u0|datacache~373       ; monociclo:DUT|pc_w[2]          ; divisor50mhz:div50_u0|clk1hz_o ; 0.000        ; 3.207      ; 5.314      ;
; 1.714 ; monociclo:DUT|pc_w[2] ; monociclo:DUT|dcache:dcache_u0|datacache~819       ; monociclo:DUT|pc_w[2]          ; divisor50mhz:div50_u0|clk1hz_o ; 0.000        ; 3.221      ; 5.329      ;
; 1.717 ; monociclo:DUT|pc_w[2] ; monociclo:DUT|dcache:dcache_u0|datacache~191       ; monociclo:DUT|pc_w[2]          ; divisor50mhz:div50_u0|clk1hz_o ; 0.000        ; 3.205      ; 5.316      ;
; 1.717 ; monociclo:DUT|pc_w[2] ; monociclo:DUT|dcache:dcache_u0|datacache~341       ; monociclo:DUT|pc_w[2]          ; divisor50mhz:div50_u0|clk1hz_o ; 0.000        ; 3.207      ; 5.318      ;
; 1.719 ; monociclo:DUT|pc_w[2] ; monociclo:DUT|dcache:dcache_u0|datacache~337       ; monociclo:DUT|pc_w[2]          ; divisor50mhz:div50_u0|clk1hz_o ; 0.000        ; 3.207      ; 5.320      ;
; 1.722 ; monociclo:DUT|pc_w[2] ; monociclo:DUT|dcache:dcache_u0|datacache~991       ; monociclo:DUT|pc_w[2]          ; divisor50mhz:div50_u0|clk1hz_o ; 0.000        ; 3.218      ; 5.334      ;
; 1.723 ; monociclo:DUT|pc_w[2] ; monociclo:DUT|dcache:dcache_u0|datacache~319       ; monociclo:DUT|pc_w[2]          ; divisor50mhz:div50_u0|clk1hz_o ; 0.000        ; 3.212      ; 5.329      ;
; 1.730 ; monociclo:DUT|pc_w[2] ; monociclo:DUT|registerfile:regfile_u0|regfile~986  ; monociclo:DUT|pc_w[2]          ; divisor50mhz:div50_u0|clk1hz_o ; 0.000        ; 3.214      ; 5.338      ;
; 1.731 ; monociclo:DUT|pc_w[2] ; monociclo:DUT|dcache:dcache_u0|datacache~665       ; monociclo:DUT|pc_w[2]          ; divisor50mhz:div50_u0|clk1hz_o ; 0.000        ; 3.216      ; 5.341      ;
; 1.731 ; monociclo:DUT|pc_w[2] ; monociclo:DUT|dcache:dcache_u0|datacache~1013      ; monociclo:DUT|pc_w[2]          ; divisor50mhz:div50_u0|clk1hz_o ; 0.000        ; 3.217      ; 5.342      ;
; 1.731 ; monociclo:DUT|pc_w[2] ; monociclo:DUT|dcache:dcache_u0|datacache~241       ; monociclo:DUT|pc_w[2]          ; divisor50mhz:div50_u0|clk1hz_o ; 0.000        ; 3.205      ; 5.330      ;
; 1.736 ; monociclo:DUT|pc_w[2] ; monociclo:DUT|dcache:dcache_u0|datacache~885       ; monociclo:DUT|pc_w[2]          ; divisor50mhz:div50_u0|clk1hz_o ; 0.000        ; 3.231      ; 5.361      ;
; 1.737 ; monociclo:DUT|pc_w[2] ; monociclo:DUT|dcache:dcache_u0|datacache~223       ; monociclo:DUT|pc_w[2]          ; divisor50mhz:div50_u0|clk1hz_o ; 0.000        ; 3.206      ; 5.337      ;
; 1.738 ; monociclo:DUT|pc_w[2] ; monociclo:DUT|dcache:dcache_u0|datacache~203       ; monociclo:DUT|pc_w[2]          ; divisor50mhz:div50_u0|clk1hz_o ; 0.000        ; 3.222      ; 5.354      ;
; 1.740 ; monociclo:DUT|pc_w[2] ; monociclo:DUT|dcache:dcache_u0|datacache~915       ; monociclo:DUT|pc_w[2]          ; divisor50mhz:div50_u0|clk1hz_o ; 0.000        ; 3.206      ; 5.340      ;
; 1.740 ; monociclo:DUT|pc_w[2] ; monociclo:DUT|dcache:dcache_u0|datacache~299       ; monociclo:DUT|pc_w[2]          ; divisor50mhz:div50_u0|clk1hz_o ; 0.000        ; 3.212      ; 5.346      ;
; 1.741 ; monociclo:DUT|pc_w[2] ; monociclo:DUT|dcache:dcache_u0|datacache~659       ; monociclo:DUT|pc_w[2]          ; divisor50mhz:div50_u0|clk1hz_o ; 0.000        ; 3.206      ; 5.341      ;
+-------+-----------------------+----------------------------------------------------+--------------------------------+--------------------------------+--------------+------------+------------+


+-------------------------------------------------------------------------------------------------------------------------------------------------+
; Slow 1200mV 0C Model Hold: 'clk_i'                                                                                                              ;
+-------+---------------------------------+---------------------------------+--------------+-------------+--------------+------------+------------+
; Slack ; From Node                       ; To Node                         ; Launch Clock ; Latch Clock ; Relationship ; Clock Skew ; Data Delay ;
+-------+---------------------------------+---------------------------------+--------------+-------------+--------------+------------+------------+
; 0.598 ; divisor50mhz:div50_u0|ctr_w[5]  ; divisor50mhz:div50_u0|ctr_w[5]  ; clk_i        ; clk_i       ; 0.000        ; 0.072      ; 0.841      ;
; 0.598 ; divisor50mhz:div50_u0|ctr_w[3]  ; divisor50mhz:div50_u0|ctr_w[3]  ; clk_i        ; clk_i       ; 0.000        ; 0.072      ; 0.841      ;
; 0.598 ; divisor50mhz:div50_u0|ctr_w[29] ; divisor50mhz:div50_u0|ctr_w[29] ; clk_i        ; clk_i       ; 0.000        ; 0.073      ; 0.842      ;
; 0.599 ; divisor50mhz:div50_u0|ctr_w[11] ; divisor50mhz:div50_u0|ctr_w[11] ; clk_i        ; clk_i       ; 0.000        ; 0.072      ; 0.842      ;
; 0.599 ; divisor50mhz:div50_u0|ctr_w[31] ; divisor50mhz:div50_u0|ctr_w[31] ; clk_i        ; clk_i       ; 0.000        ; 0.073      ; 0.843      ;
; 0.599 ; divisor50mhz:div50_u0|ctr_w[27] ; divisor50mhz:div50_u0|ctr_w[27] ; clk_i        ; clk_i       ; 0.000        ; 0.073      ; 0.843      ;
; 0.600 ; divisor50mhz:div50_u0|ctr_w[6]  ; divisor50mhz:div50_u0|ctr_w[6]  ; clk_i        ; clk_i       ; 0.000        ; 0.072      ; 0.843      ;
; 0.601 ; divisor50mhz:div50_u0|ctr_w[1]  ; divisor50mhz:div50_u0|ctr_w[1]  ; clk_i        ; clk_i       ; 0.000        ; 0.072      ; 0.844      ;
; 0.602 ; divisor50mhz:div50_u0|ctr_w[9]  ; divisor50mhz:div50_u0|ctr_w[9]  ; clk_i        ; clk_i       ; 0.000        ; 0.072      ; 0.845      ;
; 0.602 ; divisor50mhz:div50_u0|ctr_w[16] ; divisor50mhz:div50_u0|ctr_w[16] ; clk_i        ; clk_i       ; 0.000        ; 0.073      ; 0.846      ;
; 0.603 ; divisor50mhz:div50_u0|ctr_w[2]  ; divisor50mhz:div50_u0|ctr_w[2]  ; clk_i        ; clk_i       ; 0.000        ; 0.072      ; 0.846      ;
; 0.603 ; divisor50mhz:div50_u0|ctr_w[30] ; divisor50mhz:div50_u0|ctr_w[30] ; clk_i        ; clk_i       ; 0.000        ; 0.073      ; 0.847      ;
; 0.603 ; divisor50mhz:div50_u0|ctr_w[18] ; divisor50mhz:div50_u0|ctr_w[18] ; clk_i        ; clk_i       ; 0.000        ; 0.073      ; 0.847      ;
; 0.604 ; divisor50mhz:div50_u0|ctr_w[10] ; divisor50mhz:div50_u0|ctr_w[10] ; clk_i        ; clk_i       ; 0.000        ; 0.072      ; 0.847      ;
; 0.604 ; divisor50mhz:div50_u0|ctr_w[8]  ; divisor50mhz:div50_u0|ctr_w[8]  ; clk_i        ; clk_i       ; 0.000        ; 0.072      ; 0.847      ;
; 0.604 ; divisor50mhz:div50_u0|ctr_w[4]  ; divisor50mhz:div50_u0|ctr_w[4]  ; clk_i        ; clk_i       ; 0.000        ; 0.072      ; 0.847      ;
; 0.604 ; divisor50mhz:div50_u0|ctr_w[28] ; divisor50mhz:div50_u0|ctr_w[28] ; clk_i        ; clk_i       ; 0.000        ; 0.073      ; 0.848      ;
; 0.604 ; divisor50mhz:div50_u0|ctr_w[26] ; divisor50mhz:div50_u0|ctr_w[26] ; clk_i        ; clk_i       ; 0.000        ; 0.073      ; 0.848      ;
; 0.604 ; divisor50mhz:div50_u0|ctr_w[24] ; divisor50mhz:div50_u0|ctr_w[24] ; clk_i        ; clk_i       ; 0.000        ; 0.073      ; 0.848      ;
; 0.884 ; divisor50mhz:div50_u0|ctr_w[5]  ; divisor50mhz:div50_u0|ctr_w[6]  ; clk_i        ; clk_i       ; 0.000        ; 0.072      ; 1.127      ;
; 0.884 ; divisor50mhz:div50_u0|ctr_w[3]  ; divisor50mhz:div50_u0|ctr_w[4]  ; clk_i        ; clk_i       ; 0.000        ; 0.072      ; 1.127      ;
; 0.884 ; divisor50mhz:div50_u0|ctr_w[29] ; divisor50mhz:div50_u0|ctr_w[30] ; clk_i        ; clk_i       ; 0.000        ; 0.073      ; 1.128      ;
; 0.885 ; divisor50mhz:div50_u0|ctr_w[27] ; divisor50mhz:div50_u0|ctr_w[28] ; clk_i        ; clk_i       ; 0.000        ; 0.073      ; 1.129      ;
; 0.888 ; divisor50mhz:div50_u0|ctr_w[1]  ; divisor50mhz:div50_u0|ctr_w[2]  ; clk_i        ; clk_i       ; 0.000        ; 0.072      ; 1.131      ;
; 0.889 ; divisor50mhz:div50_u0|ctr_w[9]  ; divisor50mhz:div50_u0|ctr_w[10] ; clk_i        ; clk_i       ; 0.000        ; 0.072      ; 1.132      ;
; 0.891 ; divisor50mhz:div50_u0|ctr_w[2]  ; divisor50mhz:div50_u0|ctr_w[3]  ; clk_i        ; clk_i       ; 0.000        ; 0.072      ; 1.134      ;
; 0.891 ; divisor50mhz:div50_u0|ctr_w[30] ; divisor50mhz:div50_u0|ctr_w[31] ; clk_i        ; clk_i       ; 0.000        ; 0.073      ; 1.135      ;
; 0.892 ; divisor50mhz:div50_u0|ctr_w[4]  ; divisor50mhz:div50_u0|ctr_w[5]  ; clk_i        ; clk_i       ; 0.000        ; 0.072      ; 1.135      ;
; 0.892 ; divisor50mhz:div50_u0|ctr_w[10] ; divisor50mhz:div50_u0|ctr_w[11] ; clk_i        ; clk_i       ; 0.000        ; 0.072      ; 1.135      ;
; 0.892 ; divisor50mhz:div50_u0|ctr_w[0]  ; divisor50mhz:div50_u0|ctr_w[1]  ; clk_i        ; clk_i       ; 0.000        ; 0.072      ; 1.135      ;
; 0.892 ; divisor50mhz:div50_u0|ctr_w[8]  ; divisor50mhz:div50_u0|ctr_w[9]  ; clk_i        ; clk_i       ; 0.000        ; 0.072      ; 1.135      ;
; 0.892 ; divisor50mhz:div50_u0|ctr_w[28] ; divisor50mhz:div50_u0|ctr_w[29] ; clk_i        ; clk_i       ; 0.000        ; 0.073      ; 1.136      ;
; 0.892 ; divisor50mhz:div50_u0|ctr_w[26] ; divisor50mhz:div50_u0|ctr_w[27] ; clk_i        ; clk_i       ; 0.000        ; 0.073      ; 1.136      ;
; 0.899 ; divisor50mhz:div50_u0|ctr_w[6]  ; divisor50mhz:div50_u0|ctr_w[8]  ; clk_i        ; clk_i       ; 0.000        ; 0.072      ; 1.142      ;
; 0.901 ; divisor50mhz:div50_u0|ctr_w[16] ; divisor50mhz:div50_u0|ctr_w[18] ; clk_i        ; clk_i       ; 0.000        ; 0.073      ; 1.145      ;
; 0.902 ; divisor50mhz:div50_u0|ctr_w[2]  ; divisor50mhz:div50_u0|ctr_w[4]  ; clk_i        ; clk_i       ; 0.000        ; 0.072      ; 1.145      ;
; 0.903 ; divisor50mhz:div50_u0|ctr_w[4]  ; divisor50mhz:div50_u0|ctr_w[6]  ; clk_i        ; clk_i       ; 0.000        ; 0.072      ; 1.146      ;
; 0.903 ; divisor50mhz:div50_u0|ctr_w[0]  ; divisor50mhz:div50_u0|ctr_w[2]  ; clk_i        ; clk_i       ; 0.000        ; 0.072      ; 1.146      ;
; 0.903 ; divisor50mhz:div50_u0|ctr_w[8]  ; divisor50mhz:div50_u0|ctr_w[10] ; clk_i        ; clk_i       ; 0.000        ; 0.072      ; 1.146      ;
; 0.903 ; divisor50mhz:div50_u0|ctr_w[24] ; divisor50mhz:div50_u0|ctr_w[26] ; clk_i        ; clk_i       ; 0.000        ; 0.073      ; 1.147      ;
; 0.903 ; divisor50mhz:div50_u0|ctr_w[28] ; divisor50mhz:div50_u0|ctr_w[30] ; clk_i        ; clk_i       ; 0.000        ; 0.073      ; 1.147      ;
; 0.903 ; divisor50mhz:div50_u0|ctr_w[26] ; divisor50mhz:div50_u0|ctr_w[28] ; clk_i        ; clk_i       ; 0.000        ; 0.073      ; 1.147      ;
; 0.983 ; divisor50mhz:div50_u0|ctr_w[3]  ; divisor50mhz:div50_u0|ctr_w[5]  ; clk_i        ; clk_i       ; 0.000        ; 0.072      ; 1.226      ;
; 0.983 ; divisor50mhz:div50_u0|ctr_w[29] ; divisor50mhz:div50_u0|ctr_w[31] ; clk_i        ; clk_i       ; 0.000        ; 0.073      ; 1.227      ;
; 0.984 ; divisor50mhz:div50_u0|ctr_w[27] ; divisor50mhz:div50_u0|ctr_w[29] ; clk_i        ; clk_i       ; 0.000        ; 0.073      ; 1.228      ;
; 0.987 ; divisor50mhz:div50_u0|ctr_w[1]  ; divisor50mhz:div50_u0|ctr_w[3]  ; clk_i        ; clk_i       ; 0.000        ; 0.072      ; 1.230      ;
; 0.988 ; divisor50mhz:div50_u0|ctr_w[9]  ; divisor50mhz:div50_u0|ctr_w[11] ; clk_i        ; clk_i       ; 0.000        ; 0.072      ; 1.231      ;
; 0.994 ; divisor50mhz:div50_u0|ctr_w[5]  ; divisor50mhz:div50_u0|ctr_w[8]  ; clk_i        ; clk_i       ; 0.000        ; 0.072      ; 1.237      ;
; 0.994 ; divisor50mhz:div50_u0|ctr_w[3]  ; divisor50mhz:div50_u0|ctr_w[6]  ; clk_i        ; clk_i       ; 0.000        ; 0.072      ; 1.237      ;
; 0.995 ; divisor50mhz:div50_u0|ctr_w[27] ; divisor50mhz:div50_u0|ctr_w[30] ; clk_i        ; clk_i       ; 0.000        ; 0.073      ; 1.239      ;
; 0.998 ; divisor50mhz:div50_u0|ctr_w[6]  ; divisor50mhz:div50_u0|ctr_w[9]  ; clk_i        ; clk_i       ; 0.000        ; 0.072      ; 1.241      ;
; 0.998 ; divisor50mhz:div50_u0|ctr_w[1]  ; divisor50mhz:div50_u0|ctr_w[4]  ; clk_i        ; clk_i       ; 0.000        ; 0.072      ; 1.241      ;
; 1.001 ; divisor50mhz:div50_u0|ctr_w[2]  ; divisor50mhz:div50_u0|ctr_w[5]  ; clk_i        ; clk_i       ; 0.000        ; 0.072      ; 1.244      ;
; 1.002 ; divisor50mhz:div50_u0|ctr_w[0]  ; divisor50mhz:div50_u0|ctr_w[3]  ; clk_i        ; clk_i       ; 0.000        ; 0.072      ; 1.245      ;
; 1.002 ; divisor50mhz:div50_u0|ctr_w[8]  ; divisor50mhz:div50_u0|ctr_w[11] ; clk_i        ; clk_i       ; 0.000        ; 0.072      ; 1.245      ;
; 1.002 ; divisor50mhz:div50_u0|ctr_w[24] ; divisor50mhz:div50_u0|ctr_w[27] ; clk_i        ; clk_i       ; 0.000        ; 0.073      ; 1.246      ;
; 1.002 ; divisor50mhz:div50_u0|ctr_w[28] ; divisor50mhz:div50_u0|ctr_w[31] ; clk_i        ; clk_i       ; 0.000        ; 0.073      ; 1.246      ;
; 1.002 ; divisor50mhz:div50_u0|ctr_w[26] ; divisor50mhz:div50_u0|ctr_w[29] ; clk_i        ; clk_i       ; 0.000        ; 0.073      ; 1.246      ;
; 1.009 ; divisor50mhz:div50_u0|ctr_w[6]  ; divisor50mhz:div50_u0|ctr_w[10] ; clk_i        ; clk_i       ; 0.000        ; 0.072      ; 1.252      ;
; 1.012 ; divisor50mhz:div50_u0|ctr_w[2]  ; divisor50mhz:div50_u0|ctr_w[6]  ; clk_i        ; clk_i       ; 0.000        ; 0.072      ; 1.255      ;
; 1.013 ; divisor50mhz:div50_u0|ctr_w[4]  ; divisor50mhz:div50_u0|ctr_w[8]  ; clk_i        ; clk_i       ; 0.000        ; 0.072      ; 1.256      ;
; 1.013 ; divisor50mhz:div50_u0|ctr_w[0]  ; divisor50mhz:div50_u0|ctr_w[4]  ; clk_i        ; clk_i       ; 0.000        ; 0.072      ; 1.256      ;
; 1.013 ; divisor50mhz:div50_u0|ctr_w[24] ; divisor50mhz:div50_u0|ctr_w[28] ; clk_i        ; clk_i       ; 0.000        ; 0.073      ; 1.257      ;
; 1.013 ; divisor50mhz:div50_u0|ctr_w[26] ; divisor50mhz:div50_u0|ctr_w[30] ; clk_i        ; clk_i       ; 0.000        ; 0.073      ; 1.257      ;
; 1.032 ; divisor50mhz:div50_u0|ctr_w[14] ; divisor50mhz:div50_u0|ctr_w[16] ; clk_i        ; clk_i       ; 0.000        ; 0.106      ; 1.309      ;
; 1.064 ; divisor50mhz:div50_u0|ctr_w[15] ; divisor50mhz:div50_u0|ctr_w[16] ; clk_i        ; clk_i       ; 0.000        ; 0.106      ; 1.341      ;
; 1.070 ; divisor50mhz:div50_u0|ctr_w[11] ; divisor50mhz:div50_u0|ctr_w[16] ; clk_i        ; clk_i       ; 0.000        ; 0.107      ; 1.348      ;
; 1.088 ; divisor50mhz:div50_u0|ctr_w[10] ; divisor50mhz:div50_u0|ctr_w[16] ; clk_i        ; clk_i       ; 0.000        ; 0.107      ; 1.366      ;
; 1.092 ; divisor50mhz:div50_u0|ctr_w[7]  ; divisor50mhz:div50_u0|ctr_w[8]  ; clk_i        ; clk_i       ; 0.000        ; 0.071      ; 1.334      ;
; 1.092 ; divisor50mhz:div50_u0|ctr_w[23] ; divisor50mhz:div50_u0|ctr_w[24] ; clk_i        ; clk_i       ; 0.000        ; 0.072      ; 1.335      ;
; 1.093 ; divisor50mhz:div50_u0|ctr_w[5]  ; divisor50mhz:div50_u0|ctr_w[9]  ; clk_i        ; clk_i       ; 0.000        ; 0.072      ; 1.336      ;
; 1.093 ; divisor50mhz:div50_u0|ctr_w[17] ; divisor50mhz:div50_u0|ctr_w[18] ; clk_i        ; clk_i       ; 0.000        ; 0.072      ; 1.336      ;
; 1.094 ; divisor50mhz:div50_u0|ctr_w[25] ; divisor50mhz:div50_u0|ctr_w[26] ; clk_i        ; clk_i       ; 0.000        ; 0.072      ; 1.337      ;
; 1.094 ; divisor50mhz:div50_u0|ctr_w[27] ; divisor50mhz:div50_u0|ctr_w[31] ; clk_i        ; clk_i       ; 0.000        ; 0.073      ; 1.338      ;
; 1.097 ; divisor50mhz:div50_u0|ctr_w[1]  ; divisor50mhz:div50_u0|ctr_w[5]  ; clk_i        ; clk_i       ; 0.000        ; 0.072      ; 1.340      ;
; 1.104 ; divisor50mhz:div50_u0|ctr_w[5]  ; divisor50mhz:div50_u0|ctr_w[10] ; clk_i        ; clk_i       ; 0.000        ; 0.072      ; 1.347      ;
; 1.104 ; divisor50mhz:div50_u0|ctr_w[3]  ; divisor50mhz:div50_u0|ctr_w[8]  ; clk_i        ; clk_i       ; 0.000        ; 0.072      ; 1.347      ;
; 1.106 ; divisor50mhz:div50_u0|ctr_w[22] ; divisor50mhz:div50_u0|ctr_w[24] ; clk_i        ; clk_i       ; 0.000        ; 0.072      ; 1.349      ;
; 1.108 ; divisor50mhz:div50_u0|ctr_w[6]  ; divisor50mhz:div50_u0|ctr_w[11] ; clk_i        ; clk_i       ; 0.000        ; 0.072      ; 1.351      ;
; 1.108 ; divisor50mhz:div50_u0|ctr_w[1]  ; divisor50mhz:div50_u0|ctr_w[6]  ; clk_i        ; clk_i       ; 0.000        ; 0.072      ; 1.351      ;
; 1.112 ; divisor50mhz:div50_u0|ctr_w[4]  ; divisor50mhz:div50_u0|ctr_w[9]  ; clk_i        ; clk_i       ; 0.000        ; 0.072      ; 1.355      ;
; 1.112 ; divisor50mhz:div50_u0|ctr_w[0]  ; divisor50mhz:div50_u0|ctr_w[5]  ; clk_i        ; clk_i       ; 0.000        ; 0.072      ; 1.355      ;
; 1.112 ; divisor50mhz:div50_u0|ctr_w[24] ; divisor50mhz:div50_u0|ctr_w[29] ; clk_i        ; clk_i       ; 0.000        ; 0.073      ; 1.356      ;
; 1.112 ; divisor50mhz:div50_u0|ctr_w[26] ; divisor50mhz:div50_u0|ctr_w[31] ; clk_i        ; clk_i       ; 0.000        ; 0.073      ; 1.356      ;
; 1.118 ; divisor50mhz:div50_u0|ctr_w[17] ; divisor50mhz:div50_u0|ctr_w[19] ; clk_i        ; clk_i       ; 0.000        ; 0.073      ; 1.362      ;
; 1.122 ; divisor50mhz:div50_u0|ctr_w[2]  ; divisor50mhz:div50_u0|ctr_w[8]  ; clk_i        ; clk_i       ; 0.000        ; 0.072      ; 1.365      ;
; 1.122 ; divisor50mhz:div50_u0|ctr_w[18] ; divisor50mhz:div50_u0|ctr_w[24] ; clk_i        ; clk_i       ; 0.000        ; 0.073      ; 1.366      ;
; 1.123 ; divisor50mhz:div50_u0|ctr_w[13] ; divisor50mhz:div50_u0|ctr_w[16] ; clk_i        ; clk_i       ; 0.000        ; 0.106      ; 1.400      ;
; 1.123 ; divisor50mhz:div50_u0|ctr_w[4]  ; divisor50mhz:div50_u0|ctr_w[10] ; clk_i        ; clk_i       ; 0.000        ; 0.072      ; 1.366      ;
; 1.123 ; divisor50mhz:div50_u0|ctr_w[0]  ; divisor50mhz:div50_u0|ctr_w[6]  ; clk_i        ; clk_i       ; 0.000        ; 0.072      ; 1.366      ;
; 1.123 ; divisor50mhz:div50_u0|ctr_w[24] ; divisor50mhz:div50_u0|ctr_w[30] ; clk_i        ; clk_i       ; 0.000        ; 0.073      ; 1.367      ;
; 1.142 ; divisor50mhz:div50_u0|ctr_w[14] ; divisor50mhz:div50_u0|ctr_w[18] ; clk_i        ; clk_i       ; 0.000        ; 0.106      ; 1.419      ;
; 1.148 ; divisor50mhz:div50_u0|ctr_w[7]  ; divisor50mhz:div50_u0|ctr_w[9]  ; clk_i        ; clk_i       ; 0.000        ; 0.071      ; 1.390      ;
; 1.148 ; divisor50mhz:div50_u0|ctr_w[25] ; divisor50mhz:div50_u0|ctr_w[27] ; clk_i        ; clk_i       ; 0.000        ; 0.072      ; 1.391      ;
; 1.158 ; divisor50mhz:div50_u0|ctr_w[21] ; divisor50mhz:div50_u0|ctr_w[24] ; clk_i        ; clk_i       ; 0.000        ; 0.072      ; 1.401      ;
; 1.174 ; divisor50mhz:div50_u0|ctr_w[15] ; divisor50mhz:div50_u0|ctr_w[18] ; clk_i        ; clk_i       ; 0.000        ; 0.106      ; 1.451      ;
; 1.177 ; divisor50mhz:div50_u0|ctr_w[20] ; divisor50mhz:div50_u0|ctr_w[24] ; clk_i        ; clk_i       ; 0.000        ; 0.072      ; 1.420      ;
; 1.180 ; divisor50mhz:div50_u0|ctr_w[11] ; divisor50mhz:div50_u0|ctr_w[18] ; clk_i        ; clk_i       ; 0.000        ; 0.107      ; 1.458      ;
; 1.181 ; divisor50mhz:div50_u0|ctr_w[12] ; divisor50mhz:div50_u0|ctr_w[16] ; clk_i        ; clk_i       ; 0.000        ; 0.106      ; 1.458      ;
; 1.184 ; divisor50mhz:div50_u0|ctr_w[9]  ; divisor50mhz:div50_u0|ctr_w[16] ; clk_i        ; clk_i       ; 0.000        ; 0.107      ; 1.462      ;
+-------+---------------------------------+---------------------------------+--------------+-------------+--------------+------------+------------+


----------------------------------------------
; Slow 1200mV 0C Model Metastability Summary ;
----------------------------------------------
No synchronizer chains to report.


+----------------------------------------------------------+
; Fast 1200mV 0C Model Setup Summary                       ;
+--------------------------------+---------+---------------+
; Clock                          ; Slack   ; End Point TNS ;
+--------------------------------+---------+---------------+
; divisor50mhz:div50_u0|clk1hz_o ; -10.344 ; -10262.042    ;
; clk_i                          ; -1.655  ; -17.512       ;
; monociclo:DUT|pc_w[2]          ; -1.093  ; -1.093        ;
+--------------------------------+---------+---------------+


+--------------------------------------------------------+
; Fast 1200mV 0C Model Hold Summary                      ;
+--------------------------------+-------+---------------+
; Clock                          ; Slack ; End Point TNS ;
+--------------------------------+-------+---------------+
; monociclo:DUT|pc_w[2]          ; 0.023 ; 0.000         ;
; divisor50mhz:div50_u0|clk1hz_o ; 0.287 ; 0.000         ;
; clk_i                          ; 0.298 ; 0.000         ;
+--------------------------------+-------+---------------+


-----------------------------------------
; Fast 1200mV 0C Model Recovery Summary ;
-----------------------------------------
No paths to report.


----------------------------------------
; Fast 1200mV 0C Model Removal Summary ;
----------------------------------------
No paths to report.


+---------------------------------------------------------+
; Fast 1200mV 0C Model Minimum Pulse Width Summary        ;
+--------------------------------+--------+---------------+
; Clock                          ; Slack  ; End Point TNS ;
+--------------------------------+--------+---------------+
; clk_i                          ; -3.000 ; -38.007       ;
; divisor50mhz:div50_u0|clk1hz_o ; -1.000 ; -1351.000     ;
; monociclo:DUT|pc_w[2]          ; 0.363  ; 0.000         ;
+--------------------------------+--------+---------------+


+-----------------------------------------------------------------------------------------------------------------------------------------------------------------------------------------------------------------------------+
; Fast 1200mV 0C Model Setup: 'divisor50mhz:div50_u0|clk1hz_o'                                                                                                                                                                ;
+---------+---------------------------------------------------+----------------------------------------------------+--------------------------------+--------------------------------+--------------+------------+------------+
; Slack   ; From Node                                         ; To Node                                            ; Launch Clock                   ; Latch Clock                    ; Relationship ; Clock Skew ; Data Delay ;
+---------+---------------------------------------------------+----------------------------------------------------+--------------------------------+--------------------------------+--------------+------------+------------+
; -10.344 ; monociclo:DUT|pc_w[3]                             ; monociclo:DUT|pc_w[6]                              ; divisor50mhz:div50_u0|clk1hz_o ; divisor50mhz:div50_u0|clk1hz_o ; 1.000        ; -0.026     ; 11.305     ;
; -10.344 ; monociclo:DUT|pc_w[3]                             ; monociclo:DUT|pc_w[5]                              ; divisor50mhz:div50_u0|clk1hz_o ; divisor50mhz:div50_u0|clk1hz_o ; 1.000        ; -0.026     ; 11.305     ;
; -10.344 ; monociclo:DUT|pc_w[3]                             ; monociclo:DUT|pc_w[4]                              ; divisor50mhz:div50_u0|clk1hz_o ; divisor50mhz:div50_u0|clk1hz_o ; 1.000        ; -0.026     ; 11.305     ;
; -10.342 ; monociclo:DUT|pc_w[3]                             ; monociclo:DUT|pc_w[3]                              ; divisor50mhz:div50_u0|clk1hz_o ; divisor50mhz:div50_u0|clk1hz_o ; 1.000        ; -0.024     ; 11.305     ;
; -10.327 ; monociclo:DUT|pc_w[4]                             ; monociclo:DUT|pc_w[6]                              ; divisor50mhz:div50_u0|clk1hz_o ; divisor50mhz:div50_u0|clk1hz_o ; 1.000        ; -0.026     ; 11.288     ;
; -10.327 ; monociclo:DUT|pc_w[4]                             ; monociclo:DUT|pc_w[5]                              ; divisor50mhz:div50_u0|clk1hz_o ; divisor50mhz:div50_u0|clk1hz_o ; 1.000        ; -0.026     ; 11.288     ;
; -10.327 ; monociclo:DUT|pc_w[4]                             ; monociclo:DUT|pc_w[3]                              ; divisor50mhz:div50_u0|clk1hz_o ; divisor50mhz:div50_u0|clk1hz_o ; 1.000        ; -0.026     ; 11.288     ;
; -10.325 ; monociclo:DUT|pc_w[4]                             ; monociclo:DUT|pc_w[4]                              ; divisor50mhz:div50_u0|clk1hz_o ; divisor50mhz:div50_u0|clk1hz_o ; 1.000        ; -0.024     ; 11.288     ;
; -10.251 ; monociclo:DUT|pc_w[5]                             ; monociclo:DUT|pc_w[6]                              ; divisor50mhz:div50_u0|clk1hz_o ; divisor50mhz:div50_u0|clk1hz_o ; 1.000        ; -0.026     ; 11.212     ;
; -10.251 ; monociclo:DUT|pc_w[5]                             ; monociclo:DUT|pc_w[4]                              ; divisor50mhz:div50_u0|clk1hz_o ; divisor50mhz:div50_u0|clk1hz_o ; 1.000        ; -0.026     ; 11.212     ;
; -10.251 ; monociclo:DUT|pc_w[5]                             ; monociclo:DUT|pc_w[3]                              ; divisor50mhz:div50_u0|clk1hz_o ; divisor50mhz:div50_u0|clk1hz_o ; 1.000        ; -0.026     ; 11.212     ;
; -10.249 ; monociclo:DUT|pc_w[5]                             ; monociclo:DUT|pc_w[5]                              ; divisor50mhz:div50_u0|clk1hz_o ; divisor50mhz:div50_u0|clk1hz_o ; 1.000        ; -0.024     ; 11.212     ;
; -10.186 ; monociclo:DUT|pc_w[6]                             ; monociclo:DUT|pc_w[5]                              ; divisor50mhz:div50_u0|clk1hz_o ; divisor50mhz:div50_u0|clk1hz_o ; 1.000        ; -0.026     ; 11.147     ;
; -10.186 ; monociclo:DUT|pc_w[6]                             ; monociclo:DUT|pc_w[4]                              ; divisor50mhz:div50_u0|clk1hz_o ; divisor50mhz:div50_u0|clk1hz_o ; 1.000        ; -0.026     ; 11.147     ;
; -10.186 ; monociclo:DUT|pc_w[6]                             ; monociclo:DUT|pc_w[3]                              ; divisor50mhz:div50_u0|clk1hz_o ; divisor50mhz:div50_u0|clk1hz_o ; 1.000        ; -0.026     ; 11.147     ;
; -10.184 ; monociclo:DUT|pc_w[6]                             ; monociclo:DUT|pc_w[6]                              ; divisor50mhz:div50_u0|clk1hz_o ; divisor50mhz:div50_u0|clk1hz_o ; 1.000        ; -0.024     ; 11.147     ;
; -10.151 ; monociclo:DUT|pc_w[3]                             ; monociclo:DUT|pc_w[0]                              ; divisor50mhz:div50_u0|clk1hz_o ; divisor50mhz:div50_u0|clk1hz_o ; 1.000        ; 0.449      ; 11.587     ;
; -10.151 ; monociclo:DUT|pc_w[3]                             ; monociclo:DUT|pc_w[1]                              ; divisor50mhz:div50_u0|clk1hz_o ; divisor50mhz:div50_u0|clk1hz_o ; 1.000        ; 0.449      ; 11.587     ;
; -10.134 ; monociclo:DUT|pc_w[4]                             ; monociclo:DUT|pc_w[0]                              ; divisor50mhz:div50_u0|clk1hz_o ; divisor50mhz:div50_u0|clk1hz_o ; 1.000        ; 0.449      ; 11.570     ;
; -10.134 ; monociclo:DUT|pc_w[4]                             ; monociclo:DUT|pc_w[1]                              ; divisor50mhz:div50_u0|clk1hz_o ; divisor50mhz:div50_u0|clk1hz_o ; 1.000        ; 0.449      ; 11.570     ;
; -10.058 ; monociclo:DUT|pc_w[5]                             ; monociclo:DUT|pc_w[0]                              ; divisor50mhz:div50_u0|clk1hz_o ; divisor50mhz:div50_u0|clk1hz_o ; 1.000        ; 0.449      ; 11.494     ;
; -10.058 ; monociclo:DUT|pc_w[5]                             ; monociclo:DUT|pc_w[1]                              ; divisor50mhz:div50_u0|clk1hz_o ; divisor50mhz:div50_u0|clk1hz_o ; 1.000        ; 0.449      ; 11.494     ;
; -9.993  ; monociclo:DUT|pc_w[6]                             ; monociclo:DUT|pc_w[0]                              ; divisor50mhz:div50_u0|clk1hz_o ; divisor50mhz:div50_u0|clk1hz_o ; 1.000        ; 0.449      ; 11.429     ;
; -9.993  ; monociclo:DUT|pc_w[6]                             ; monociclo:DUT|pc_w[1]                              ; divisor50mhz:div50_u0|clk1hz_o ; divisor50mhz:div50_u0|clk1hz_o ; 1.000        ; 0.449      ; 11.429     ;
; -9.926  ; monociclo:DUT|registerfile:regfile_u0|regfile~896 ; monociclo:DUT|pc_w[6]                              ; divisor50mhz:div50_u0|clk1hz_o ; divisor50mhz:div50_u0|clk1hz_o ; 1.000        ; -0.603     ; 10.310     ;
; -9.926  ; monociclo:DUT|registerfile:regfile_u0|regfile~896 ; monociclo:DUT|pc_w[5]                              ; divisor50mhz:div50_u0|clk1hz_o ; divisor50mhz:div50_u0|clk1hz_o ; 1.000        ; -0.603     ; 10.310     ;
; -9.926  ; monociclo:DUT|registerfile:regfile_u0|regfile~896 ; monociclo:DUT|pc_w[4]                              ; divisor50mhz:div50_u0|clk1hz_o ; divisor50mhz:div50_u0|clk1hz_o ; 1.000        ; -0.603     ; 10.310     ;
; -9.926  ; monociclo:DUT|registerfile:regfile_u0|regfile~896 ; monociclo:DUT|pc_w[3]                              ; divisor50mhz:div50_u0|clk1hz_o ; divisor50mhz:div50_u0|clk1hz_o ; 1.000        ; -0.603     ; 10.310     ;
; -9.897  ; monociclo:DUT|pc_w[3]                             ; monociclo:DUT|registerfile:regfile_u0|regfile~954  ; divisor50mhz:div50_u0|clk1hz_o ; divisor50mhz:div50_u0|clk1hz_o ; 1.000        ; 0.445      ; 11.329     ;
; -9.880  ; monociclo:DUT|pc_w[4]                             ; monociclo:DUT|registerfile:regfile_u0|regfile~954  ; divisor50mhz:div50_u0|clk1hz_o ; divisor50mhz:div50_u0|clk1hz_o ; 1.000        ; 0.445      ; 11.312     ;
; -9.879  ; monociclo:DUT|pc_w[3]                             ; monociclo:DUT|registerfile:regfile_u0|regfile~314  ; divisor50mhz:div50_u0|clk1hz_o ; divisor50mhz:div50_u0|clk1hz_o ; 1.000        ; 0.450      ; 11.316     ;
; -9.878  ; monociclo:DUT|pc_w[3]                             ; monociclo:DUT|registerfile:regfile_u0|regfile~922  ; divisor50mhz:div50_u0|clk1hz_o ; divisor50mhz:div50_u0|clk1hz_o ; 1.000        ; 0.450      ; 11.315     ;
; -9.875  ; monociclo:DUT|pc_w[3]                             ; monociclo:DUT|registerfile:regfile_u0|regfile~188  ; divisor50mhz:div50_u0|clk1hz_o ; divisor50mhz:div50_u0|clk1hz_o ; 1.000        ; 0.447      ; 11.309     ;
; -9.874  ; monociclo:DUT|pc_w[3]                             ; monociclo:DUT|registerfile:regfile_u0|regfile~252  ; divisor50mhz:div50_u0|clk1hz_o ; divisor50mhz:div50_u0|clk1hz_o ; 1.000        ; 0.447      ; 11.308     ;
; -9.862  ; monociclo:DUT|pc_w[4]                             ; monociclo:DUT|registerfile:regfile_u0|regfile~314  ; divisor50mhz:div50_u0|clk1hz_o ; divisor50mhz:div50_u0|clk1hz_o ; 1.000        ; 0.450      ; 11.299     ;
; -9.861  ; monociclo:DUT|pc_w[4]                             ; monociclo:DUT|registerfile:regfile_u0|regfile~922  ; divisor50mhz:div50_u0|clk1hz_o ; divisor50mhz:div50_u0|clk1hz_o ; 1.000        ; 0.450      ; 11.298     ;
; -9.860  ; monociclo:DUT|pc_w[3]                             ; monociclo:DUT|registerfile:regfile_u0|regfile~1021 ; divisor50mhz:div50_u0|clk1hz_o ; divisor50mhz:div50_u0|clk1hz_o ; 1.000        ; 0.446      ; 11.293     ;
; -9.858  ; monociclo:DUT|pc_w[4]                             ; monociclo:DUT|registerfile:regfile_u0|regfile~188  ; divisor50mhz:div50_u0|clk1hz_o ; divisor50mhz:div50_u0|clk1hz_o ; 1.000        ; 0.447      ; 11.292     ;
; -9.857  ; monociclo:DUT|pc_w[4]                             ; monociclo:DUT|registerfile:regfile_u0|regfile~252  ; divisor50mhz:div50_u0|clk1hz_o ; divisor50mhz:div50_u0|clk1hz_o ; 1.000        ; 0.447      ; 11.291     ;
; -9.857  ; monociclo:DUT|pc_w[3]                             ; monociclo:DUT|pc_w[2]                              ; divisor50mhz:div50_u0|clk1hz_o ; divisor50mhz:div50_u0|clk1hz_o ; 1.000        ; 0.461      ; 11.305     ;
; -9.851  ; monociclo:DUT|pc_w[3]                             ; monociclo:DUT|registerfile:regfile_u0|regfile~957  ; divisor50mhz:div50_u0|clk1hz_o ; divisor50mhz:div50_u0|clk1hz_o ; 1.000        ; 0.446      ; 11.284     ;
; -9.843  ; monociclo:DUT|pc_w[4]                             ; monociclo:DUT|registerfile:regfile_u0|regfile~1021 ; divisor50mhz:div50_u0|clk1hz_o ; divisor50mhz:div50_u0|clk1hz_o ; 1.000        ; 0.446      ; 11.276     ;
; -9.840  ; monociclo:DUT|pc_w[4]                             ; monociclo:DUT|pc_w[2]                              ; divisor50mhz:div50_u0|clk1hz_o ; divisor50mhz:div50_u0|clk1hz_o ; 1.000        ; 0.461      ; 11.288     ;
; -9.834  ; monociclo:DUT|pc_w[4]                             ; monociclo:DUT|registerfile:regfile_u0|regfile~957  ; divisor50mhz:div50_u0|clk1hz_o ; divisor50mhz:div50_u0|clk1hz_o ; 1.000        ; 0.446      ; 11.267     ;
; -9.832  ; monociclo:DUT|pc_w[3]                             ; monociclo:DUT|registerfile:regfile_u0|regfile~925  ; divisor50mhz:div50_u0|clk1hz_o ; divisor50mhz:div50_u0|clk1hz_o ; 1.000        ; 0.446      ; 11.265     ;
; -9.832  ; monociclo:DUT|registerfile:regfile_u0|regfile~576 ; monociclo:DUT|pc_w[6]                              ; divisor50mhz:div50_u0|clk1hz_o ; divisor50mhz:div50_u0|clk1hz_o ; 1.000        ; -0.611     ; 10.208     ;
; -9.832  ; monociclo:DUT|registerfile:regfile_u0|regfile~576 ; monociclo:DUT|pc_w[5]                              ; divisor50mhz:div50_u0|clk1hz_o ; divisor50mhz:div50_u0|clk1hz_o ; 1.000        ; -0.611     ; 10.208     ;
; -9.832  ; monociclo:DUT|registerfile:regfile_u0|regfile~576 ; monociclo:DUT|pc_w[4]                              ; divisor50mhz:div50_u0|clk1hz_o ; divisor50mhz:div50_u0|clk1hz_o ; 1.000        ; -0.611     ; 10.208     ;
; -9.832  ; monociclo:DUT|registerfile:regfile_u0|regfile~576 ; monociclo:DUT|pc_w[3]                              ; divisor50mhz:div50_u0|clk1hz_o ; divisor50mhz:div50_u0|clk1hz_o ; 1.000        ; -0.611     ; 10.208     ;
; -9.815  ; monociclo:DUT|pc_w[4]                             ; monociclo:DUT|registerfile:regfile_u0|regfile~925  ; divisor50mhz:div50_u0|clk1hz_o ; divisor50mhz:div50_u0|clk1hz_o ; 1.000        ; 0.446      ; 11.248     ;
; -9.810  ; monociclo:DUT|registerfile:regfile_u0|regfile~928 ; monociclo:DUT|pc_w[6]                              ; divisor50mhz:div50_u0|clk1hz_o ; divisor50mhz:div50_u0|clk1hz_o ; 1.000        ; -0.612     ; 10.185     ;
; -9.810  ; monociclo:DUT|registerfile:regfile_u0|regfile~928 ; monociclo:DUT|pc_w[5]                              ; divisor50mhz:div50_u0|clk1hz_o ; divisor50mhz:div50_u0|clk1hz_o ; 1.000        ; -0.612     ; 10.185     ;
; -9.810  ; monociclo:DUT|registerfile:regfile_u0|regfile~928 ; monociclo:DUT|pc_w[4]                              ; divisor50mhz:div50_u0|clk1hz_o ; divisor50mhz:div50_u0|clk1hz_o ; 1.000        ; -0.612     ; 10.185     ;
; -9.810  ; monociclo:DUT|registerfile:regfile_u0|regfile~928 ; monociclo:DUT|pc_w[3]                              ; divisor50mhz:div50_u0|clk1hz_o ; divisor50mhz:div50_u0|clk1hz_o ; 1.000        ; -0.612     ; 10.185     ;
; -9.807  ; monociclo:DUT|pc_w[3]                             ; monociclo:DUT|registerfile:regfile_u0|regfile~989  ; divisor50mhz:div50_u0|clk1hz_o ; divisor50mhz:div50_u0|clk1hz_o ; 1.000        ; 0.447      ; 11.241     ;
; -9.804  ; monociclo:DUT|pc_w[5]                             ; monociclo:DUT|registerfile:regfile_u0|regfile~954  ; divisor50mhz:div50_u0|clk1hz_o ; divisor50mhz:div50_u0|clk1hz_o ; 1.000        ; 0.445      ; 11.236     ;
; -9.791  ; monociclo:DUT|pc_w[3]                             ; monociclo:DUT|registerfile:regfile_u0|regfile~960  ; divisor50mhz:div50_u0|clk1hz_o ; divisor50mhz:div50_u0|clk1hz_o ; 1.000        ; 0.448      ; 11.226     ;
; -9.790  ; monociclo:DUT|pc_w[4]                             ; monociclo:DUT|registerfile:regfile_u0|regfile~989  ; divisor50mhz:div50_u0|clk1hz_o ; divisor50mhz:div50_u0|clk1hz_o ; 1.000        ; 0.447      ; 11.224     ;
; -9.790  ; monociclo:DUT|pc_w[3]                             ; monociclo:DUT|registerfile:regfile_u0|regfile~576  ; divisor50mhz:div50_u0|clk1hz_o ; divisor50mhz:div50_u0|clk1hz_o ; 1.000        ; 0.451      ; 11.228     ;
; -9.790  ; monociclo:DUT|pc_w[3]                             ; monociclo:DUT|registerfile:regfile_u0|regfile~192  ; divisor50mhz:div50_u0|clk1hz_o ; divisor50mhz:div50_u0|clk1hz_o ; 1.000        ; 0.448      ; 11.225     ;
; -9.786  ; monociclo:DUT|pc_w[5]                             ; monociclo:DUT|registerfile:regfile_u0|regfile~314  ; divisor50mhz:div50_u0|clk1hz_o ; divisor50mhz:div50_u0|clk1hz_o ; 1.000        ; 0.450      ; 11.223     ;
; -9.785  ; monociclo:DUT|pc_w[5]                             ; monociclo:DUT|registerfile:regfile_u0|regfile~922  ; divisor50mhz:div50_u0|clk1hz_o ; divisor50mhz:div50_u0|clk1hz_o ; 1.000        ; 0.450      ; 11.222     ;
; -9.785  ; monociclo:DUT|pc_w[3]                             ; monociclo:DUT|registerfile:regfile_u0|regfile~992  ; divisor50mhz:div50_u0|clk1hz_o ; divisor50mhz:div50_u0|clk1hz_o ; 1.000        ; 0.453      ; 11.225     ;
; -9.785  ; monociclo:DUT|registerfile:regfile_u0|regfile~962 ; monociclo:DUT|pc_w[6]                              ; divisor50mhz:div50_u0|clk1hz_o ; divisor50mhz:div50_u0|clk1hz_o ; 1.000        ; -0.606     ; 10.166     ;
; -9.785  ; monociclo:DUT|registerfile:regfile_u0|regfile~962 ; monociclo:DUT|pc_w[5]                              ; divisor50mhz:div50_u0|clk1hz_o ; divisor50mhz:div50_u0|clk1hz_o ; 1.000        ; -0.606     ; 10.166     ;
; -9.785  ; monociclo:DUT|registerfile:regfile_u0|regfile~962 ; monociclo:DUT|pc_w[4]                              ; divisor50mhz:div50_u0|clk1hz_o ; divisor50mhz:div50_u0|clk1hz_o ; 1.000        ; -0.606     ; 10.166     ;
; -9.785  ; monociclo:DUT|registerfile:regfile_u0|regfile~962 ; monociclo:DUT|pc_w[3]                              ; divisor50mhz:div50_u0|clk1hz_o ; divisor50mhz:div50_u0|clk1hz_o ; 1.000        ; -0.606     ; 10.166     ;
; -9.782  ; monociclo:DUT|pc_w[5]                             ; monociclo:DUT|registerfile:regfile_u0|regfile~188  ; divisor50mhz:div50_u0|clk1hz_o ; divisor50mhz:div50_u0|clk1hz_o ; 1.000        ; 0.447      ; 11.216     ;
; -9.781  ; monociclo:DUT|pc_w[5]                             ; monociclo:DUT|registerfile:regfile_u0|regfile~252  ; divisor50mhz:div50_u0|clk1hz_o ; divisor50mhz:div50_u0|clk1hz_o ; 1.000        ; 0.447      ; 11.215     ;
; -9.775  ; monociclo:DUT|pc_w[3]                             ; monociclo:DUT|registerfile:regfile_u0|regfile~928  ; divisor50mhz:div50_u0|clk1hz_o ; divisor50mhz:div50_u0|clk1hz_o ; 1.000        ; 0.453      ; 11.215     ;
; -9.775  ; monociclo:DUT|pc_w[3]                             ; monociclo:DUT|registerfile:regfile_u0|regfile~224  ; divisor50mhz:div50_u0|clk1hz_o ; divisor50mhz:div50_u0|clk1hz_o ; 1.000        ; 0.462      ; 11.224     ;
; -9.774  ; monociclo:DUT|pc_w[4]                             ; monociclo:DUT|registerfile:regfile_u0|regfile~960  ; divisor50mhz:div50_u0|clk1hz_o ; divisor50mhz:div50_u0|clk1hz_o ; 1.000        ; 0.448      ; 11.209     ;
; -9.774  ; monociclo:DUT|pc_w[3]                             ; monociclo:DUT|registerfile:regfile_u0|regfile~160  ; divisor50mhz:div50_u0|clk1hz_o ; divisor50mhz:div50_u0|clk1hz_o ; 1.000        ; 0.462      ; 11.223     ;
; -9.773  ; monociclo:DUT|pc_w[4]                             ; monociclo:DUT|registerfile:regfile_u0|regfile~576  ; divisor50mhz:div50_u0|clk1hz_o ; divisor50mhz:div50_u0|clk1hz_o ; 1.000        ; 0.451      ; 11.211     ;
; -9.773  ; monociclo:DUT|pc_w[4]                             ; monociclo:DUT|registerfile:regfile_u0|regfile~192  ; divisor50mhz:div50_u0|clk1hz_o ; divisor50mhz:div50_u0|clk1hz_o ; 1.000        ; 0.448      ; 11.208     ;
; -9.768  ; monociclo:DUT|pc_w[4]                             ; monociclo:DUT|registerfile:regfile_u0|regfile~992  ; divisor50mhz:div50_u0|clk1hz_o ; divisor50mhz:div50_u0|clk1hz_o ; 1.000        ; 0.453      ; 11.208     ;
; -9.767  ; monociclo:DUT|pc_w[5]                             ; monociclo:DUT|registerfile:regfile_u0|regfile~1021 ; divisor50mhz:div50_u0|clk1hz_o ; divisor50mhz:div50_u0|clk1hz_o ; 1.000        ; 0.446      ; 11.200     ;
; -9.764  ; monociclo:DUT|pc_w[5]                             ; monociclo:DUT|pc_w[2]                              ; divisor50mhz:div50_u0|clk1hz_o ; divisor50mhz:div50_u0|clk1hz_o ; 1.000        ; 0.461      ; 11.212     ;
; -9.758  ; monociclo:DUT|pc_w[5]                             ; monociclo:DUT|registerfile:regfile_u0|regfile~957  ; divisor50mhz:div50_u0|clk1hz_o ; divisor50mhz:div50_u0|clk1hz_o ; 1.000        ; 0.446      ; 11.191     ;
; -9.758  ; monociclo:DUT|pc_w[4]                             ; monociclo:DUT|registerfile:regfile_u0|regfile~928  ; divisor50mhz:div50_u0|clk1hz_o ; divisor50mhz:div50_u0|clk1hz_o ; 1.000        ; 0.453      ; 11.198     ;
; -9.758  ; monociclo:DUT|pc_w[4]                             ; monociclo:DUT|registerfile:regfile_u0|regfile~224  ; divisor50mhz:div50_u0|clk1hz_o ; divisor50mhz:div50_u0|clk1hz_o ; 1.000        ; 0.462      ; 11.207     ;
; -9.757  ; monociclo:DUT|pc_w[4]                             ; monociclo:DUT|registerfile:regfile_u0|regfile~160  ; divisor50mhz:div50_u0|clk1hz_o ; divisor50mhz:div50_u0|clk1hz_o ; 1.000        ; 0.462      ; 11.206     ;
; -9.757  ; monociclo:DUT|pc_w[3]                             ; monociclo:DUT|registerfile:regfile_u0|regfile~317  ; divisor50mhz:div50_u0|clk1hz_o ; divisor50mhz:div50_u0|clk1hz_o ; 1.000        ; 0.440      ; 11.184     ;
; -9.752  ; monociclo:DUT|pc_w[3]                             ; monociclo:DUT|registerfile:regfile_u0|regfile~284  ; divisor50mhz:div50_u0|clk1hz_o ; divisor50mhz:div50_u0|clk1hz_o ; 1.000        ; 0.440      ; 11.179     ;
; -9.745  ; monociclo:DUT|pc_w[3]                             ; monociclo:DUT|registerfile:regfile_u0|regfile~316  ; divisor50mhz:div50_u0|clk1hz_o ; divisor50mhz:div50_u0|clk1hz_o ; 1.000        ; 0.440      ; 11.172     ;
; -9.743  ; monociclo:DUT|pc_w[3]                             ; monociclo:DUT|registerfile:regfile_u0|regfile~253  ; divisor50mhz:div50_u0|clk1hz_o ; divisor50mhz:div50_u0|clk1hz_o ; 1.000        ; 0.441      ; 11.171     ;
; -9.740  ; monociclo:DUT|pc_w[4]                             ; monociclo:DUT|registerfile:regfile_u0|regfile~317  ; divisor50mhz:div50_u0|clk1hz_o ; divisor50mhz:div50_u0|clk1hz_o ; 1.000        ; 0.440      ; 11.167     ;
; -9.740  ; monociclo:DUT|pc_w[3]                             ; monociclo:DUT|registerfile:regfile_u0|regfile~189  ; divisor50mhz:div50_u0|clk1hz_o ; divisor50mhz:div50_u0|clk1hz_o ; 1.000        ; 0.441      ; 11.168     ;
; -9.739  ; monociclo:DUT|pc_w[6]                             ; monociclo:DUT|registerfile:regfile_u0|regfile~954  ; divisor50mhz:div50_u0|clk1hz_o ; divisor50mhz:div50_u0|clk1hz_o ; 1.000        ; 0.445      ; 11.171     ;
; -9.739  ; monociclo:DUT|pc_w[5]                             ; monociclo:DUT|registerfile:regfile_u0|regfile~925  ; divisor50mhz:div50_u0|clk1hz_o ; divisor50mhz:div50_u0|clk1hz_o ; 1.000        ; 0.446      ; 11.172     ;
; -9.735  ; monociclo:DUT|pc_w[4]                             ; monociclo:DUT|registerfile:regfile_u0|regfile~284  ; divisor50mhz:div50_u0|clk1hz_o ; divisor50mhz:div50_u0|clk1hz_o ; 1.000        ; 0.440      ; 11.162     ;
; -9.733  ; monociclo:DUT|pc_w[3]                             ; monociclo:DUT|registerfile:regfile_u0|regfile~924  ; divisor50mhz:div50_u0|clk1hz_o ; divisor50mhz:div50_u0|clk1hz_o ; 1.000        ; 0.441      ; 11.161     ;
; -9.733  ; monociclo:DUT|pc_w[3]                             ; monociclo:DUT|registerfile:regfile_u0|regfile~956  ; divisor50mhz:div50_u0|clk1hz_o ; divisor50mhz:div50_u0|clk1hz_o ; 1.000        ; 0.441      ; 11.161     ;
; -9.728  ; monociclo:DUT|pc_w[4]                             ; monociclo:DUT|registerfile:regfile_u0|regfile~316  ; divisor50mhz:div50_u0|clk1hz_o ; divisor50mhz:div50_u0|clk1hz_o ; 1.000        ; 0.440      ; 11.155     ;
; -9.727  ; monociclo:DUT|pc_w[3]                             ; monociclo:DUT|registerfile:regfile_u0|regfile~250  ; divisor50mhz:div50_u0|clk1hz_o ; divisor50mhz:div50_u0|clk1hz_o ; 1.000        ; 0.440      ; 11.154     ;
; -9.726  ; monociclo:DUT|pc_w[4]                             ; monociclo:DUT|registerfile:regfile_u0|regfile~253  ; divisor50mhz:div50_u0|clk1hz_o ; divisor50mhz:div50_u0|clk1hz_o ; 1.000        ; 0.441      ; 11.154     ;
; -9.726  ; monociclo:DUT|pc_w[3]                             ; monociclo:DUT|registerfile:regfile_u0|regfile~186  ; divisor50mhz:div50_u0|clk1hz_o ; divisor50mhz:div50_u0|clk1hz_o ; 1.000        ; 0.440      ; 11.153     ;
; -9.723  ; monociclo:DUT|pc_w[4]                             ; monociclo:DUT|registerfile:regfile_u0|regfile~189  ; divisor50mhz:div50_u0|clk1hz_o ; divisor50mhz:div50_u0|clk1hz_o ; 1.000        ; 0.441      ; 11.151     ;
; -9.721  ; monociclo:DUT|pc_w[6]                             ; monociclo:DUT|registerfile:regfile_u0|regfile~314  ; divisor50mhz:div50_u0|clk1hz_o ; divisor50mhz:div50_u0|clk1hz_o ; 1.000        ; 0.450      ; 11.158     ;
; -9.720  ; monociclo:DUT|pc_w[6]                             ; monociclo:DUT|registerfile:regfile_u0|regfile~922  ; divisor50mhz:div50_u0|clk1hz_o ; divisor50mhz:div50_u0|clk1hz_o ; 1.000        ; 0.450      ; 11.157     ;
+---------+---------------------------------------------------+----------------------------------------------------+--------------------------------+--------------------------------+--------------+------------+------------+


+--------------------------------------------------------------------------------------------------------------------------------------------------+
; Fast 1200mV 0C Model Setup: 'clk_i'                                                                                                              ;
+--------+---------------------------------+---------------------------------+--------------+-------------+--------------+------------+------------+
; Slack  ; From Node                       ; To Node                         ; Launch Clock ; Latch Clock ; Relationship ; Clock Skew ; Data Delay ;
+--------+---------------------------------+---------------------------------+--------------+-------------+--------------+------------+------------+
; -1.655 ; divisor50mhz:div50_u0|ctr_w[4]  ; divisor50mhz:div50_u0|clk1hz_o  ; clk_i        ; clk_i       ; 1.000        ; -0.047     ; 2.595      ;
; -1.652 ; divisor50mhz:div50_u0|ctr_w[5]  ; divisor50mhz:div50_u0|clk1hz_o  ; clk_i        ; clk_i       ; 1.000        ; -0.047     ; 2.592      ;
; -1.599 ; divisor50mhz:div50_u0|ctr_w[7]  ; divisor50mhz:div50_u0|clk1hz_o  ; clk_i        ; clk_i       ; 1.000        ; -0.048     ; 2.538      ;
; -1.581 ; divisor50mhz:div50_u0|ctr_w[12] ; divisor50mhz:div50_u0|clk1hz_o  ; clk_i        ; clk_i       ; 1.000        ; -0.048     ; 2.520      ;
; -1.579 ; divisor50mhz:div50_u0|ctr_w[13] ; divisor50mhz:div50_u0|clk1hz_o  ; clk_i        ; clk_i       ; 1.000        ; -0.048     ; 2.518      ;
; -1.559 ; divisor50mhz:div50_u0|ctr_w[0]  ; divisor50mhz:div50_u0|clk1hz_o  ; clk_i        ; clk_i       ; 1.000        ; -0.047     ; 2.499      ;
; -1.558 ; divisor50mhz:div50_u0|ctr_w[3]  ; divisor50mhz:div50_u0|clk1hz_o  ; clk_i        ; clk_i       ; 1.000        ; -0.047     ; 2.498      ;
; -1.521 ; divisor50mhz:div50_u0|ctr_w[15] ; divisor50mhz:div50_u0|clk1hz_o  ; clk_i        ; clk_i       ; 1.000        ; -0.048     ; 2.460      ;
; -1.497 ; divisor50mhz:div50_u0|ctr_w[10] ; divisor50mhz:div50_u0|clk1hz_o  ; clk_i        ; clk_i       ; 1.000        ; -0.047     ; 2.437      ;
; -1.489 ; divisor50mhz:div50_u0|ctr_w[6]  ; divisor50mhz:div50_u0|clk1hz_o  ; clk_i        ; clk_i       ; 1.000        ; -0.047     ; 2.429      ;
; -1.487 ; divisor50mhz:div50_u0|ctr_w[8]  ; divisor50mhz:div50_u0|clk1hz_o  ; clk_i        ; clk_i       ; 1.000        ; -0.047     ; 2.427      ;
; -1.484 ; divisor50mhz:div50_u0|ctr_w[9]  ; divisor50mhz:div50_u0|clk1hz_o  ; clk_i        ; clk_i       ; 1.000        ; -0.047     ; 2.424      ;
; -1.469 ; divisor50mhz:div50_u0|ctr_w[2]  ; divisor50mhz:div50_u0|clk1hz_o  ; clk_i        ; clk_i       ; 1.000        ; -0.047     ; 2.409      ;
; -1.448 ; divisor50mhz:div50_u0|ctr_w[14] ; divisor50mhz:div50_u0|clk1hz_o  ; clk_i        ; clk_i       ; 1.000        ; -0.048     ; 2.387      ;
; -1.420 ; divisor50mhz:div50_u0|ctr_w[1]  ; divisor50mhz:div50_u0|clk1hz_o  ; clk_i        ; clk_i       ; 1.000        ; -0.047     ; 2.360      ;
; -1.341 ; divisor50mhz:div50_u0|ctr_w[11] ; divisor50mhz:div50_u0|clk1hz_o  ; clk_i        ; clk_i       ; 1.000        ; -0.047     ; 2.281      ;
; -1.324 ; divisor50mhz:div50_u0|ctr_w[29] ; divisor50mhz:div50_u0|clk1hz_o  ; clk_i        ; clk_i       ; 1.000        ; -0.042     ; 2.269      ;
; -1.319 ; divisor50mhz:div50_u0|ctr_w[30] ; divisor50mhz:div50_u0|clk1hz_o  ; clk_i        ; clk_i       ; 1.000        ; -0.042     ; 2.264      ;
; -1.313 ; divisor50mhz:div50_u0|ctr_w[28] ; divisor50mhz:div50_u0|clk1hz_o  ; clk_i        ; clk_i       ; 1.000        ; -0.042     ; 2.258      ;
; -1.260 ; divisor50mhz:div50_u0|ctr_w[20] ; divisor50mhz:div50_u0|clk1hz_o  ; clk_i        ; clk_i       ; 1.000        ; -0.042     ; 2.205      ;
; -1.258 ; divisor50mhz:div50_u0|ctr_w[22] ; divisor50mhz:div50_u0|clk1hz_o  ; clk_i        ; clk_i       ; 1.000        ; -0.042     ; 2.203      ;
; -1.236 ; divisor50mhz:div50_u0|ctr_w[24] ; divisor50mhz:div50_u0|clk1hz_o  ; clk_i        ; clk_i       ; 1.000        ; -0.042     ; 2.181      ;
; -1.231 ; divisor50mhz:div50_u0|ctr_w[27] ; divisor50mhz:div50_u0|clk1hz_o  ; clk_i        ; clk_i       ; 1.000        ; -0.042     ; 2.176      ;
; -1.196 ; divisor50mhz:div50_u0|ctr_w[23] ; divisor50mhz:div50_u0|clk1hz_o  ; clk_i        ; clk_i       ; 1.000        ; -0.042     ; 2.141      ;
; -1.183 ; divisor50mhz:div50_u0|ctr_w[16] ; divisor50mhz:div50_u0|clk1hz_o  ; clk_i        ; clk_i       ; 1.000        ; -0.042     ; 2.128      ;
; -1.159 ; divisor50mhz:div50_u0|ctr_w[31] ; divisor50mhz:div50_u0|clk1hz_o  ; clk_i        ; clk_i       ; 1.000        ; -0.042     ; 2.104      ;
; -1.133 ; divisor50mhz:div50_u0|ctr_w[25] ; divisor50mhz:div50_u0|clk1hz_o  ; clk_i        ; clk_i       ; 1.000        ; -0.042     ; 2.078      ;
; -1.123 ; divisor50mhz:div50_u0|ctr_w[21] ; divisor50mhz:div50_u0|clk1hz_o  ; clk_i        ; clk_i       ; 1.000        ; -0.042     ; 2.068      ;
; -1.109 ; divisor50mhz:div50_u0|ctr_w[19] ; divisor50mhz:div50_u0|clk1hz_o  ; clk_i        ; clk_i       ; 1.000        ; -0.042     ; 2.054      ;
; -1.105 ; divisor50mhz:div50_u0|ctr_w[26] ; divisor50mhz:div50_u0|clk1hz_o  ; clk_i        ; clk_i       ; 1.000        ; -0.042     ; 2.050      ;
; -1.083 ; divisor50mhz:div50_u0|ctr_w[18] ; divisor50mhz:div50_u0|clk1hz_o  ; clk_i        ; clk_i       ; 1.000        ; -0.042     ; 2.028      ;
; -0.992 ; divisor50mhz:div50_u0|ctr_w[17] ; divisor50mhz:div50_u0|clk1hz_o  ; clk_i        ; clk_i       ; 1.000        ; -0.042     ; 1.937      ;
; -0.894 ; divisor50mhz:div50_u0|ctr_w[1]  ; divisor50mhz:div50_u0|ctr_w[25] ; clk_i        ; clk_i       ; 1.000        ; -0.047     ; 1.834      ;
; -0.882 ; divisor50mhz:div50_u0|ctr_w[0]  ; divisor50mhz:div50_u0|ctr_w[25] ; clk_i        ; clk_i       ; 1.000        ; -0.047     ; 1.822      ;
; -0.850 ; divisor50mhz:div50_u0|ctr_w[1]  ; divisor50mhz:div50_u0|ctr_w[31] ; clk_i        ; clk_i       ; 1.000        ; -0.047     ; 1.790      ;
; -0.846 ; divisor50mhz:div50_u0|ctr_w[1]  ; divisor50mhz:div50_u0|ctr_w[30] ; clk_i        ; clk_i       ; 1.000        ; -0.047     ; 1.786      ;
; -0.838 ; divisor50mhz:div50_u0|ctr_w[0]  ; divisor50mhz:div50_u0|ctr_w[31] ; clk_i        ; clk_i       ; 1.000        ; -0.047     ; 1.778      ;
; -0.833 ; divisor50mhz:div50_u0|ctr_w[1]  ; divisor50mhz:div50_u0|ctr_w[22] ; clk_i        ; clk_i       ; 1.000        ; -0.047     ; 1.773      ;
; -0.825 ; divisor50mhz:div50_u0|ctr_w[1]  ; divisor50mhz:div50_u0|ctr_w[23] ; clk_i        ; clk_i       ; 1.000        ; -0.047     ; 1.765      ;
; -0.823 ; divisor50mhz:div50_u0|ctr_w[3]  ; divisor50mhz:div50_u0|ctr_w[25] ; clk_i        ; clk_i       ; 1.000        ; -0.047     ; 1.763      ;
; -0.813 ; divisor50mhz:div50_u0|ctr_w[2]  ; divisor50mhz:div50_u0|ctr_w[25] ; clk_i        ; clk_i       ; 1.000        ; -0.047     ; 1.753      ;
; -0.813 ; divisor50mhz:div50_u0|ctr_w[0]  ; divisor50mhz:div50_u0|ctr_w[23] ; clk_i        ; clk_i       ; 1.000        ; -0.047     ; 1.753      ;
; -0.800 ; divisor50mhz:div50_u0|ctr_w[0]  ; divisor50mhz:div50_u0|ctr_w[30] ; clk_i        ; clk_i       ; 1.000        ; -0.047     ; 1.740      ;
; -0.787 ; divisor50mhz:div50_u0|ctr_w[7]  ; divisor50mhz:div50_u0|ctr_w[25] ; clk_i        ; clk_i       ; 1.000        ; -0.048     ; 1.726      ;
; -0.787 ; divisor50mhz:div50_u0|ctr_w[0]  ; divisor50mhz:div50_u0|ctr_w[22] ; clk_i        ; clk_i       ; 1.000        ; -0.047     ; 1.727      ;
; -0.782 ; divisor50mhz:div50_u0|ctr_w[1]  ; divisor50mhz:div50_u0|ctr_w[29] ; clk_i        ; clk_i       ; 1.000        ; -0.047     ; 1.722      ;
; -0.779 ; divisor50mhz:div50_u0|ctr_w[3]  ; divisor50mhz:div50_u0|ctr_w[31] ; clk_i        ; clk_i       ; 1.000        ; -0.047     ; 1.719      ;
; -0.778 ; divisor50mhz:div50_u0|ctr_w[1]  ; divisor50mhz:div50_u0|ctr_w[28] ; clk_i        ; clk_i       ; 1.000        ; -0.047     ; 1.718      ;
; -0.775 ; divisor50mhz:div50_u0|ctr_w[3]  ; divisor50mhz:div50_u0|ctr_w[30] ; clk_i        ; clk_i       ; 1.000        ; -0.047     ; 1.715      ;
; -0.770 ; divisor50mhz:div50_u0|ctr_w[0]  ; divisor50mhz:div50_u0|ctr_w[29] ; clk_i        ; clk_i       ; 1.000        ; -0.047     ; 1.710      ;
; -0.769 ; divisor50mhz:div50_u0|ctr_w[1]  ; divisor50mhz:div50_u0|ctr_w[21] ; clk_i        ; clk_i       ; 1.000        ; -0.047     ; 1.709      ;
; -0.769 ; divisor50mhz:div50_u0|ctr_w[2]  ; divisor50mhz:div50_u0|ctr_w[31] ; clk_i        ; clk_i       ; 1.000        ; -0.047     ; 1.709      ;
; -0.768 ; divisor50mhz:div50_u0|ctr_w[29] ; divisor50mhz:div50_u0|ctr_w[0]  ; clk_i        ; clk_i       ; 1.000        ; -0.066     ; 1.689      ;
; -0.763 ; divisor50mhz:div50_u0|ctr_w[1]  ; divisor50mhz:div50_u0|ctr_w[19] ; clk_i        ; clk_i       ; 1.000        ; -0.047     ; 1.703      ;
; -0.763 ; divisor50mhz:div50_u0|ctr_w[30] ; divisor50mhz:div50_u0|ctr_w[0]  ; clk_i        ; clk_i       ; 1.000        ; -0.066     ; 1.684      ;
; -0.762 ; divisor50mhz:div50_u0|ctr_w[3]  ; divisor50mhz:div50_u0|ctr_w[22] ; clk_i        ; clk_i       ; 1.000        ; -0.047     ; 1.702      ;
; -0.757 ; divisor50mhz:div50_u0|ctr_w[0]  ; divisor50mhz:div50_u0|ctr_w[21] ; clk_i        ; clk_i       ; 1.000        ; -0.047     ; 1.697      ;
; -0.757 ; divisor50mhz:div50_u0|ctr_w[28] ; divisor50mhz:div50_u0|ctr_w[0]  ; clk_i        ; clk_i       ; 1.000        ; -0.066     ; 1.678      ;
; -0.755 ; divisor50mhz:div50_u0|ctr_w[5]  ; divisor50mhz:div50_u0|ctr_w[25] ; clk_i        ; clk_i       ; 1.000        ; -0.047     ; 1.695      ;
; -0.754 ; divisor50mhz:div50_u0|ctr_w[3]  ; divisor50mhz:div50_u0|ctr_w[23] ; clk_i        ; clk_i       ; 1.000        ; -0.047     ; 1.694      ;
; -0.751 ; divisor50mhz:div50_u0|ctr_w[1]  ; divisor50mhz:div50_u0|ctr_w[20] ; clk_i        ; clk_i       ; 1.000        ; -0.047     ; 1.691      ;
; -0.751 ; divisor50mhz:div50_u0|ctr_w[0]  ; divisor50mhz:div50_u0|ctr_w[19] ; clk_i        ; clk_i       ; 1.000        ; -0.047     ; 1.691      ;
; -0.745 ; divisor50mhz:div50_u0|ctr_w[4]  ; divisor50mhz:div50_u0|ctr_w[25] ; clk_i        ; clk_i       ; 1.000        ; -0.047     ; 1.685      ;
; -0.744 ; divisor50mhz:div50_u0|ctr_w[2]  ; divisor50mhz:div50_u0|ctr_w[23] ; clk_i        ; clk_i       ; 1.000        ; -0.047     ; 1.684      ;
; -0.743 ; divisor50mhz:div50_u0|ctr_w[7]  ; divisor50mhz:div50_u0|ctr_w[31] ; clk_i        ; clk_i       ; 1.000        ; -0.048     ; 1.682      ;
; -0.739 ; divisor50mhz:div50_u0|ctr_w[7]  ; divisor50mhz:div50_u0|ctr_w[30] ; clk_i        ; clk_i       ; 1.000        ; -0.048     ; 1.678      ;
; -0.732 ; divisor50mhz:div50_u0|ctr_w[0]  ; divisor50mhz:div50_u0|ctr_w[28] ; clk_i        ; clk_i       ; 1.000        ; -0.047     ; 1.672      ;
; -0.731 ; divisor50mhz:div50_u0|ctr_w[2]  ; divisor50mhz:div50_u0|ctr_w[30] ; clk_i        ; clk_i       ; 1.000        ; -0.047     ; 1.671      ;
; -0.726 ; divisor50mhz:div50_u0|ctr_w[7]  ; divisor50mhz:div50_u0|ctr_w[22] ; clk_i        ; clk_i       ; 1.000        ; -0.048     ; 1.665      ;
; -0.718 ; divisor50mhz:div50_u0|ctr_w[2]  ; divisor50mhz:div50_u0|ctr_w[22] ; clk_i        ; clk_i       ; 1.000        ; -0.047     ; 1.658      ;
; -0.718 ; divisor50mhz:div50_u0|ctr_w[7]  ; divisor50mhz:div50_u0|ctr_w[23] ; clk_i        ; clk_i       ; 1.000        ; -0.048     ; 1.657      ;
; -0.714 ; divisor50mhz:div50_u0|ctr_w[1]  ; divisor50mhz:div50_u0|ctr_w[27] ; clk_i        ; clk_i       ; 1.000        ; -0.047     ; 1.654      ;
; -0.711 ; divisor50mhz:div50_u0|ctr_w[5]  ; divisor50mhz:div50_u0|ctr_w[31] ; clk_i        ; clk_i       ; 1.000        ; -0.047     ; 1.651      ;
; -0.711 ; divisor50mhz:div50_u0|ctr_w[3]  ; divisor50mhz:div50_u0|ctr_w[29] ; clk_i        ; clk_i       ; 1.000        ; -0.047     ; 1.651      ;
; -0.710 ; divisor50mhz:div50_u0|ctr_w[1]  ; divisor50mhz:div50_u0|ctr_w[26] ; clk_i        ; clk_i       ; 1.000        ; -0.047     ; 1.650      ;
; -0.707 ; divisor50mhz:div50_u0|ctr_w[5]  ; divisor50mhz:div50_u0|ctr_w[30] ; clk_i        ; clk_i       ; 1.000        ; -0.047     ; 1.647      ;
; -0.707 ; divisor50mhz:div50_u0|ctr_w[3]  ; divisor50mhz:div50_u0|ctr_w[28] ; clk_i        ; clk_i       ; 1.000        ; -0.047     ; 1.647      ;
; -0.705 ; divisor50mhz:div50_u0|ctr_w[0]  ; divisor50mhz:div50_u0|ctr_w[20] ; clk_i        ; clk_i       ; 1.000        ; -0.047     ; 1.645      ;
; -0.704 ; divisor50mhz:div50_u0|ctr_w[20] ; divisor50mhz:div50_u0|ctr_w[0]  ; clk_i        ; clk_i       ; 1.000        ; -0.066     ; 1.625      ;
; -0.702 ; divisor50mhz:div50_u0|ctr_w[0]  ; divisor50mhz:div50_u0|ctr_w[27] ; clk_i        ; clk_i       ; 1.000        ; -0.047     ; 1.642      ;
; -0.702 ; divisor50mhz:div50_u0|ctr_w[22] ; divisor50mhz:div50_u0|ctr_w[0]  ; clk_i        ; clk_i       ; 1.000        ; -0.066     ; 1.623      ;
; -0.701 ; divisor50mhz:div50_u0|ctr_w[4]  ; divisor50mhz:div50_u0|ctr_w[31] ; clk_i        ; clk_i       ; 1.000        ; -0.047     ; 1.641      ;
; -0.701 ; divisor50mhz:div50_u0|ctr_w[2]  ; divisor50mhz:div50_u0|ctr_w[29] ; clk_i        ; clk_i       ; 1.000        ; -0.047     ; 1.641      ;
; -0.698 ; divisor50mhz:div50_u0|ctr_w[3]  ; divisor50mhz:div50_u0|ctr_w[21] ; clk_i        ; clk_i       ; 1.000        ; -0.047     ; 1.638      ;
; -0.694 ; divisor50mhz:div50_u0|ctr_w[5]  ; divisor50mhz:div50_u0|ctr_w[22] ; clk_i        ; clk_i       ; 1.000        ; -0.047     ; 1.634      ;
; -0.692 ; divisor50mhz:div50_u0|ctr_w[3]  ; divisor50mhz:div50_u0|ctr_w[19] ; clk_i        ; clk_i       ; 1.000        ; -0.047     ; 1.632      ;
; -0.688 ; divisor50mhz:div50_u0|ctr_w[2]  ; divisor50mhz:div50_u0|ctr_w[21] ; clk_i        ; clk_i       ; 1.000        ; -0.047     ; 1.628      ;
; -0.686 ; divisor50mhz:div50_u0|ctr_w[5]  ; divisor50mhz:div50_u0|ctr_w[23] ; clk_i        ; clk_i       ; 1.000        ; -0.047     ; 1.626      ;
; -0.682 ; divisor50mhz:div50_u0|ctr_w[2]  ; divisor50mhz:div50_u0|ctr_w[19] ; clk_i        ; clk_i       ; 1.000        ; -0.047     ; 1.622      ;
; -0.680 ; divisor50mhz:div50_u0|ctr_w[3]  ; divisor50mhz:div50_u0|ctr_w[20] ; clk_i        ; clk_i       ; 1.000        ; -0.047     ; 1.620      ;
; -0.678 ; divisor50mhz:div50_u0|ctr_w[24] ; divisor50mhz:div50_u0|ctr_w[0]  ; clk_i        ; clk_i       ; 1.000        ; -0.066     ; 1.599      ;
; -0.677 ; divisor50mhz:div50_u0|ctr_w[6]  ; divisor50mhz:div50_u0|ctr_w[25] ; clk_i        ; clk_i       ; 1.000        ; -0.047     ; 1.617      ;
; -0.676 ; divisor50mhz:div50_u0|ctr_w[4]  ; divisor50mhz:div50_u0|ctr_w[23] ; clk_i        ; clk_i       ; 1.000        ; -0.047     ; 1.616      ;
; -0.675 ; divisor50mhz:div50_u0|ctr_w[7]  ; divisor50mhz:div50_u0|ctr_w[29] ; clk_i        ; clk_i       ; 1.000        ; -0.048     ; 1.614      ;
; -0.674 ; divisor50mhz:div50_u0|ctr_w[27] ; divisor50mhz:div50_u0|ctr_w[0]  ; clk_i        ; clk_i       ; 1.000        ; -0.066     ; 1.595      ;
; -0.671 ; divisor50mhz:div50_u0|ctr_w[7]  ; divisor50mhz:div50_u0|ctr_w[28] ; clk_i        ; clk_i       ; 1.000        ; -0.048     ; 1.610      ;
; -0.664 ; divisor50mhz:div50_u0|ctr_w[0]  ; divisor50mhz:div50_u0|ctr_w[26] ; clk_i        ; clk_i       ; 1.000        ; -0.047     ; 1.604      ;
; -0.663 ; divisor50mhz:div50_u0|ctr_w[4]  ; divisor50mhz:div50_u0|ctr_w[30] ; clk_i        ; clk_i       ; 1.000        ; -0.047     ; 1.603      ;
; -0.663 ; divisor50mhz:div50_u0|ctr_w[2]  ; divisor50mhz:div50_u0|ctr_w[28] ; clk_i        ; clk_i       ; 1.000        ; -0.047     ; 1.603      ;
; -0.662 ; divisor50mhz:div50_u0|ctr_w[7]  ; divisor50mhz:div50_u0|ctr_w[21] ; clk_i        ; clk_i       ; 1.000        ; -0.048     ; 1.601      ;
+--------+---------------------------------+---------------------------------+--------------+-------------+--------------+------------+------------+


+---------------------------------------------------------------------------------------------------------------------------------------------------------------------------------+
; Fast 1200mV 0C Model Setup: 'monociclo:DUT|pc_w[2]'                                                                                                                             ;
+--------+-----------------------+----------------------------------------------+--------------------------------+-----------------------+--------------+------------+------------+
; Slack  ; From Node             ; To Node                                      ; Launch Clock                   ; Latch Clock           ; Relationship ; Clock Skew ; Data Delay ;
+--------+-----------------------+----------------------------------------------+--------------------------------+-----------------------+--------------+------------+------------+
; -1.093 ; monociclo:DUT|pc_w[5] ; monociclo:DUT|aluctrl:aluctrl_u0|brctrl_o[0] ; divisor50mhz:div50_u0|clk1hz_o ; monociclo:DUT|pc_w[2] ; 1.000        ; -0.521     ; 1.235      ;
; -1.051 ; monociclo:DUT|pc_w[3] ; monociclo:DUT|aluctrl:aluctrl_u0|brctrl_o[0] ; divisor50mhz:div50_u0|clk1hz_o ; monociclo:DUT|pc_w[2] ; 1.000        ; -0.521     ; 1.193      ;
; -0.956 ; monociclo:DUT|pc_w[4] ; monociclo:DUT|aluctrl:aluctrl_u0|brctrl_o[0] ; divisor50mhz:div50_u0|clk1hz_o ; monociclo:DUT|pc_w[2] ; 1.000        ; -0.521     ; 1.098      ;
; -0.626 ; monociclo:DUT|pc_w[6] ; monociclo:DUT|aluctrl:aluctrl_u0|brctrl_o[0] ; divisor50mhz:div50_u0|clk1hz_o ; monociclo:DUT|pc_w[2] ; 1.000        ; -0.521     ; 0.768      ;
; -0.001 ; monociclo:DUT|pc_w[2] ; monociclo:DUT|aluctrl:aluctrl_u0|brctrl_o[0] ; monociclo:DUT|pc_w[2]          ; monociclo:DUT|pc_w[2] ; 0.500        ; 0.916      ; 1.195      ;
; 0.463  ; monociclo:DUT|pc_w[2] ; monociclo:DUT|aluctrl:aluctrl_u0|brctrl_o[0] ; monociclo:DUT|pc_w[2]          ; monociclo:DUT|pc_w[2] ; 1.000        ; 0.916      ; 1.231      ;
+--------+-----------------------+----------------------------------------------+--------------------------------+-----------------------+--------------+------------+------------+


+--------------------------------------------------------------------------------------------------------------------------------------------------------------------------------+
; Fast 1200mV 0C Model Hold: 'monociclo:DUT|pc_w[2]'                                                                                                                             ;
+-------+-----------------------+----------------------------------------------+--------------------------------+-----------------------+--------------+------------+------------+
; Slack ; From Node             ; To Node                                      ; Launch Clock                   ; Latch Clock           ; Relationship ; Clock Skew ; Data Delay ;
+-------+-----------------------+----------------------------------------------+--------------------------------+-----------------------+--------------+------------+------------+
; 0.023 ; monociclo:DUT|pc_w[2] ; monociclo:DUT|aluctrl:aluctrl_u0|brctrl_o[0] ; monociclo:DUT|pc_w[2]          ; monociclo:DUT|pc_w[2] ; 0.000        ; 0.970      ; 1.098      ;
; 0.449 ; monociclo:DUT|pc_w[2] ; monociclo:DUT|aluctrl:aluctrl_u0|brctrl_o[0] ; monociclo:DUT|pc_w[2]          ; monociclo:DUT|pc_w[2] ; -0.500       ; 0.970      ; 1.024      ;
; 1.040 ; monociclo:DUT|pc_w[6] ; monociclo:DUT|aluctrl:aluctrl_u0|brctrl_o[0] ; divisor50mhz:div50_u0|clk1hz_o ; monociclo:DUT|pc_w[2] ; 0.000        ; -0.398     ; 0.652      ;
; 1.311 ; monociclo:DUT|pc_w[4] ; monociclo:DUT|aluctrl:aluctrl_u0|brctrl_o[0] ; divisor50mhz:div50_u0|clk1hz_o ; monociclo:DUT|pc_w[2] ; 0.000        ; -0.398     ; 0.923      ;
; 1.387 ; monociclo:DUT|pc_w[3] ; monociclo:DUT|aluctrl:aluctrl_u0|brctrl_o[0] ; divisor50mhz:div50_u0|clk1hz_o ; monociclo:DUT|pc_w[2] ; 0.000        ; -0.398     ; 0.999      ;
; 1.415 ; monociclo:DUT|pc_w[5] ; monociclo:DUT|aluctrl:aluctrl_u0|brctrl_o[0] ; divisor50mhz:div50_u0|clk1hz_o ; monociclo:DUT|pc_w[2] ; 0.000        ; -0.398     ; 1.027      ;
+-------+-----------------------+----------------------------------------------+--------------------------------+-----------------------+--------------+------------+------------+


+-----------------------------------------------------------------------------------------------------------------------------------------------------------------------------------------------+
; Fast 1200mV 0C Model Hold: 'divisor50mhz:div50_u0|clk1hz_o'                                                                                                                                   ;
+-------+-----------------------+----------------------------------------------------+--------------------------------+--------------------------------+--------------+------------+------------+
; Slack ; From Node             ; To Node                                            ; Launch Clock                   ; Latch Clock                    ; Relationship ; Clock Skew ; Data Delay ;
+-------+-----------------------+----------------------------------------------------+--------------------------------+--------------------------------+--------------+------------+------------+
; 0.287 ; monociclo:DUT|pc_w[1] ; monociclo:DUT|pc_w[1]                              ; divisor50mhz:div50_u0|clk1hz_o ; divisor50mhz:div50_u0|clk1hz_o ; 0.000        ; 0.043      ; 0.414      ;
; 0.335 ; monociclo:DUT|pc_w[6] ; monociclo:DUT|pc_w[6]                              ; divisor50mhz:div50_u0|clk1hz_o ; divisor50mhz:div50_u0|clk1hz_o ; 0.000        ; 0.024      ; 0.443      ;
; 0.361 ; monociclo:DUT|pc_w[0] ; monociclo:DUT|pc_w[0]                              ; divisor50mhz:div50_u0|clk1hz_o ; divisor50mhz:div50_u0|clk1hz_o ; 0.000        ; 0.043      ; 0.488      ;
; 0.413 ; monociclo:DUT|pc_w[4] ; monociclo:DUT|pc_w[4]                              ; divisor50mhz:div50_u0|clk1hz_o ; divisor50mhz:div50_u0|clk1hz_o ; 0.000        ; 0.024      ; 0.521      ;
; 0.488 ; monociclo:DUT|pc_w[2] ; monociclo:DUT|pc_w[2]                              ; monociclo:DUT|pc_w[2]          ; divisor50mhz:div50_u0|clk1hz_o ; 0.000        ; 1.990      ; 2.677      ;
; 0.513 ; monociclo:DUT|pc_w[0] ; monociclo:DUT|pc_w[1]                              ; divisor50mhz:div50_u0|clk1hz_o ; divisor50mhz:div50_u0|clk1hz_o ; 0.000        ; 0.043      ; 0.640      ;
; 0.552 ; monociclo:DUT|pc_w[2] ; monociclo:DUT|dcache:dcache_u0|datacache~181       ; monociclo:DUT|pc_w[2]          ; divisor50mhz:div50_u0|clk1hz_o ; 0.000        ; 1.958      ; 2.709      ;
; 0.556 ; monociclo:DUT|pc_w[2] ; monociclo:DUT|dcache:dcache_u0|datacache~245       ; monociclo:DUT|pc_w[2]          ; divisor50mhz:div50_u0|clk1hz_o ; 0.000        ; 1.958      ; 2.713      ;
; 0.569 ; monociclo:DUT|pc_w[4] ; monociclo:DUT|pc_w[5]                              ; divisor50mhz:div50_u0|clk1hz_o ; divisor50mhz:div50_u0|clk1hz_o ; 0.000        ; 0.026      ; 0.679      ;
; 0.571 ; monociclo:DUT|pc_w[2] ; monociclo:DUT|dcache:dcache_u0|datacache~149       ; monociclo:DUT|pc_w[2]          ; divisor50mhz:div50_u0|clk1hz_o ; 0.000        ; 1.958      ; 2.728      ;
; 0.572 ; monociclo:DUT|pc_w[4] ; monociclo:DUT|pc_w[6]                              ; divisor50mhz:div50_u0|clk1hz_o ; divisor50mhz:div50_u0|clk1hz_o ; 0.000        ; 0.026      ; 0.682      ;
; 0.595 ; monociclo:DUT|pc_w[2] ; monociclo:DUT|dcache:dcache_u0|datacache~147       ; monociclo:DUT|pc_w[2]          ; divisor50mhz:div50_u0|clk1hz_o ; 0.000        ; 1.958      ; 2.752      ;
; 0.595 ; monociclo:DUT|pc_w[2] ; monociclo:DUT|dcache:dcache_u0|datacache~339       ; monociclo:DUT|pc_w[2]          ; divisor50mhz:div50_u0|clk1hz_o ; 0.000        ; 1.960      ; 2.754      ;
; 0.595 ; monociclo:DUT|pc_w[2] ; monociclo:DUT|dcache:dcache_u0|datacache~371       ; monociclo:DUT|pc_w[2]          ; divisor50mhz:div50_u0|clk1hz_o ; 0.000        ; 1.960      ; 2.754      ;
; 0.595 ; monociclo:DUT|pc_w[2] ; monociclo:DUT|dcache:dcache_u0|datacache~275       ; monociclo:DUT|pc_w[2]          ; divisor50mhz:div50_u0|clk1hz_o ; 0.000        ; 1.962      ; 2.756      ;
; 0.596 ; monociclo:DUT|pc_w[2] ; monociclo:DUT|dcache:dcache_u0|datacache~307       ; monociclo:DUT|pc_w[2]          ; divisor50mhz:div50_u0|clk1hz_o ; 0.000        ; 1.962      ; 2.757      ;
; 0.603 ; monociclo:DUT|pc_w[2] ; monociclo:DUT|dcache:dcache_u0|datacache~243       ; monociclo:DUT|pc_w[2]          ; divisor50mhz:div50_u0|clk1hz_o ; 0.000        ; 1.958      ; 2.760      ;
; 0.609 ; monociclo:DUT|pc_w[2] ; monociclo:DUT|dcache:dcache_u0|datacache~821       ; monociclo:DUT|pc_w[2]          ; divisor50mhz:div50_u0|clk1hz_o ; 0.000        ; 1.965      ; 2.773      ;
; 0.615 ; monociclo:DUT|pc_w[2] ; monociclo:DUT|dcache:dcache_u0|datacache~211       ; monociclo:DUT|pc_w[2]          ; divisor50mhz:div50_u0|clk1hz_o ; 0.000        ; 1.966      ; 2.780      ;
; 0.637 ; monociclo:DUT|pc_w[2] ; monociclo:DUT|dcache:dcache_u0|datacache~851       ; monociclo:DUT|pc_w[2]          ; divisor50mhz:div50_u0|clk1hz_o ; 0.000        ; 1.976      ; 2.812      ;
; 0.641 ; monociclo:DUT|pc_w[2] ; monociclo:DUT|registerfile:regfile_u0|regfile~598  ; monociclo:DUT|pc_w[2]          ; divisor50mhz:div50_u0|clk1hz_o ; 0.000        ; 1.981      ; 2.821      ;
; 0.642 ; monociclo:DUT|pc_w[2] ; monociclo:DUT|registerfile:regfile_u0|regfile~982  ; monociclo:DUT|pc_w[2]          ; divisor50mhz:div50_u0|clk1hz_o ; 0.000        ; 1.981      ; 2.822      ;
; 0.647 ; monociclo:DUT|pc_w[2] ; monociclo:DUT|dcache:dcache_u0|datacache~723       ; monociclo:DUT|pc_w[2]          ; divisor50mhz:div50_u0|clk1hz_o ; 0.000        ; 1.968      ; 2.814      ;
; 0.647 ; monociclo:DUT|pc_w[2] ; monociclo:DUT|dcache:dcache_u0|datacache~725       ; monociclo:DUT|pc_w[2]          ; divisor50mhz:div50_u0|clk1hz_o ; 0.000        ; 1.975      ; 2.821      ;
; 0.655 ; monociclo:DUT|pc_w[2] ; monociclo:DUT|dcache:dcache_u0|datacache~179       ; monociclo:DUT|pc_w[2]          ; divisor50mhz:div50_u0|clk1hz_o ; 0.000        ; 1.958      ; 2.812      ;
; 0.657 ; monociclo:DUT|pc_w[2] ; monociclo:DUT|registerfile:regfile_u0|regfile~1014 ; monociclo:DUT|pc_w[2]          ; divisor50mhz:div50_u0|clk1hz_o ; 0.000        ; 1.981      ; 2.837      ;
; 0.662 ; monociclo:DUT|pc_w[2] ; monociclo:DUT|dcache:dcache_u0|datacache~787       ; monociclo:DUT|pc_w[2]          ; divisor50mhz:div50_u0|clk1hz_o ; 0.000        ; 1.963      ; 2.824      ;
; 0.664 ; monociclo:DUT|pc_w[2] ; monociclo:DUT|pc_w[2]                              ; monociclo:DUT|pc_w[2]          ; divisor50mhz:div50_u0|clk1hz_o ; -0.500       ; 1.990      ; 2.353      ;
; 0.664 ; monociclo:DUT|pc_w[2] ; monociclo:DUT|dcache:dcache_u0|datacache~531       ; monociclo:DUT|pc_w[2]          ; divisor50mhz:div50_u0|clk1hz_o ; 0.000        ; 1.965      ; 2.828      ;
; 0.669 ; monociclo:DUT|pc_w[2] ; monociclo:DUT|dcache:dcache_u0|datacache~629       ; monociclo:DUT|pc_w[2]          ; divisor50mhz:div50_u0|clk1hz_o ; 0.000        ; 1.967      ; 2.835      ;
; 0.673 ; monociclo:DUT|pc_w[2] ; monociclo:DUT|dcache:dcache_u0|datacache~277       ; monociclo:DUT|pc_w[2]          ; divisor50mhz:div50_u0|clk1hz_o ; 0.000        ; 1.962      ; 2.834      ;
; 0.678 ; monociclo:DUT|pc_w[2] ; monociclo:DUT|dcache:dcache_u0|datacache~309       ; monociclo:DUT|pc_w[2]          ; divisor50mhz:div50_u0|clk1hz_o ; 0.000        ; 1.962      ; 2.839      ;
; 0.680 ; monociclo:DUT|pc_w[2] ; monociclo:DUT|registerfile:regfile_u0|regfile~277  ; monociclo:DUT|pc_w[2]          ; divisor50mhz:div50_u0|clk1hz_o ; 0.000        ; 1.989      ; 2.868      ;
; 0.681 ; monociclo:DUT|pc_w[2] ; monociclo:DUT|registerfile:regfile_u0|regfile~233  ; monociclo:DUT|pc_w[2]          ; divisor50mhz:div50_u0|clk1hz_o ; 0.000        ; 1.973      ; 2.853      ;
; 0.682 ; monociclo:DUT|pc_w[2] ; monociclo:DUT|registerfile:regfile_u0|regfile~201  ; monociclo:DUT|pc_w[2]          ; divisor50mhz:div50_u0|clk1hz_o ; 0.000        ; 1.973      ; 2.854      ;
; 0.682 ; monociclo:DUT|pc_w[2] ; monociclo:DUT|registerfile:regfile_u0|regfile~1013 ; monociclo:DUT|pc_w[2]          ; divisor50mhz:div50_u0|clk1hz_o ; 0.000        ; 1.989      ; 2.870      ;
; 0.683 ; monociclo:DUT|pc_w[2] ; monociclo:DUT|dcache:dcache_u0|datacache~841       ; monociclo:DUT|pc_w[2]          ; divisor50mhz:div50_u0|clk1hz_o ; 0.000        ; 1.961      ; 2.843      ;
; 0.686 ; monociclo:DUT|pc_w[2] ; monociclo:DUT|dcache:dcache_u0|datacache~159       ; monociclo:DUT|pc_w[2]          ; divisor50mhz:div50_u0|clk1hz_o ; 0.000        ; 1.959      ; 2.844      ;
; 0.691 ; monociclo:DUT|pc_w[2] ; monociclo:DUT|dcache:dcache_u0|datacache~947       ; monociclo:DUT|pc_w[2]          ; divisor50mhz:div50_u0|clk1hz_o ; 0.000        ; 1.973      ; 2.863      ;
; 0.696 ; monociclo:DUT|pc_w[2] ; monociclo:DUT|registerfile:regfile_u0|regfile~213  ; monociclo:DUT|pc_w[2]          ; divisor50mhz:div50_u0|clk1hz_o ; 0.000        ; 1.988      ; 2.883      ;
; 0.697 ; monociclo:DUT|pc_w[2] ; monociclo:DUT|registerfile:regfile_u0|regfile~245  ; monociclo:DUT|pc_w[2]          ; divisor50mhz:div50_u0|clk1hz_o ; 0.000        ; 1.988      ; 2.884      ;
; 0.698 ; monociclo:DUT|pc_w[2] ; monociclo:DUT|pc_w[3]                              ; monociclo:DUT|pc_w[2]          ; divisor50mhz:div50_u0|clk1hz_o ; 0.000        ; 1.437      ; 2.334      ;
; 0.704 ; monociclo:DUT|pc_w[2] ; monociclo:DUT|dcache:dcache_u0|datacache~691       ; monociclo:DUT|pc_w[2]          ; divisor50mhz:div50_u0|clk1hz_o ; 0.000        ; 1.973      ; 2.876      ;
; 0.706 ; monociclo:DUT|pc_w[5] ; monociclo:DUT|pc_w[5]                              ; divisor50mhz:div50_u0|clk1hz_o ; divisor50mhz:div50_u0|clk1hz_o ; 0.000        ; 0.024      ; 0.814      ;
; 0.708 ; monociclo:DUT|pc_w[2] ; monociclo:DUT|registerfile:regfile_u0|regfile~286  ; monociclo:DUT|pc_w[2]          ; divisor50mhz:div50_u0|clk1hz_o ; 0.000        ; 1.982      ; 2.889      ;
; 0.711 ; monociclo:DUT|pc_w[2] ; monociclo:DUT|dcache:dcache_u0|datacache~383       ; monociclo:DUT|pc_w[2]          ; divisor50mhz:div50_u0|clk1hz_o ; 0.000        ; 1.969      ; 2.879      ;
; 0.712 ; monociclo:DUT|pc_w[2] ; monociclo:DUT|dcache:dcache_u0|datacache~579       ; monociclo:DUT|pc_w[2]          ; divisor50mhz:div50_u0|clk1hz_o ; 0.000        ; 1.965      ; 2.876      ;
; 0.716 ; monociclo:DUT|pc_w[2] ; monociclo:DUT|dcache:dcache_u0|datacache~976       ; monociclo:DUT|pc_w[2]          ; divisor50mhz:div50_u0|clk1hz_o ; 0.000        ; 1.976      ; 2.891      ;
; 0.717 ; monociclo:DUT|pc_w[2] ; monociclo:DUT|dcache:dcache_u0|datacache~373       ; monociclo:DUT|pc_w[2]          ; divisor50mhz:div50_u0|clk1hz_o ; 0.000        ; 1.960      ; 2.876      ;
; 0.720 ; monociclo:DUT|pc_w[2] ; monociclo:DUT|dcache:dcache_u0|datacache~435       ; monociclo:DUT|pc_w[2]          ; divisor50mhz:div50_u0|clk1hz_o ; 0.000        ; 1.983      ; 2.902      ;
; 0.720 ; monociclo:DUT|pc_w[2] ; monociclo:DUT|dcache:dcache_u0|datacache~853       ; monociclo:DUT|pc_w[2]          ; divisor50mhz:div50_u0|clk1hz_o ; 0.000        ; 1.976      ; 2.895      ;
; 0.720 ; monociclo:DUT|pc_w[2] ; monociclo:DUT|dcache:dcache_u0|datacache~341       ; monociclo:DUT|pc_w[2]          ; divisor50mhz:div50_u0|clk1hz_o ; 0.000        ; 1.960      ; 2.879      ;
; 0.722 ; monociclo:DUT|pc_w[2] ; monociclo:DUT|dcache:dcache_u0|datacache~562       ; monociclo:DUT|pc_w[2]          ; divisor50mhz:div50_u0|clk1hz_o ; 0.000        ; 1.974      ; 2.895      ;
; 0.723 ; monociclo:DUT|pc_w[2] ; monociclo:DUT|dcache:dcache_u0|datacache~688       ; monociclo:DUT|pc_w[2]          ; divisor50mhz:div50_u0|clk1hz_o ; 0.000        ; 1.972      ; 2.894      ;
; 0.723 ; monociclo:DUT|pc_w[2] ; monociclo:DUT|dcache:dcache_u0|datacache~883       ; monociclo:DUT|pc_w[2]          ; divisor50mhz:div50_u0|clk1hz_o ; 0.000        ; 1.967      ; 2.889      ;
; 0.726 ; monociclo:DUT|pc_w[2] ; monociclo:DUT|dcache:dcache_u0|datacache~1013      ; monociclo:DUT|pc_w[2]          ; divisor50mhz:div50_u0|clk1hz_o ; 0.000        ; 1.968      ; 2.893      ;
; 0.729 ; monociclo:DUT|pc_w[2] ; monociclo:DUT|dcache:dcache_u0|datacache~969       ; monociclo:DUT|pc_w[2]          ; divisor50mhz:div50_u0|clk1hz_o ; 0.000        ; 1.961      ; 2.889      ;
; 0.732 ; monociclo:DUT|pc_w[2] ; monociclo:DUT|dcache:dcache_u0|datacache~867       ; monociclo:DUT|pc_w[2]          ; divisor50mhz:div50_u0|clk1hz_o ; 0.000        ; 1.970      ; 2.901      ;
; 0.732 ; monociclo:DUT|pc_w[2] ; monociclo:DUT|registerfile:regfile_u0|regfile~986  ; monociclo:DUT|pc_w[2]          ; divisor50mhz:div50_u0|clk1hz_o ; 0.000        ; 1.970      ; 2.901      ;
; 0.735 ; monociclo:DUT|pc_w[2] ; monociclo:DUT|dcache:dcache_u0|datacache~915       ; monociclo:DUT|pc_w[2]          ; divisor50mhz:div50_u0|clk1hz_o ; 0.000        ; 1.964      ; 2.898      ;
; 0.735 ; monociclo:DUT|pc_w[2] ; monociclo:DUT|dcache:dcache_u0|datacache~659       ; monociclo:DUT|pc_w[2]          ; divisor50mhz:div50_u0|clk1hz_o ; 0.000        ; 1.964      ; 2.898      ;
; 0.735 ; monociclo:DUT|pc_w[2] ; monociclo:DUT|dcache:dcache_u0|datacache~981       ; monociclo:DUT|pc_w[2]          ; divisor50mhz:div50_u0|clk1hz_o ; 0.000        ; 1.976      ; 2.910      ;
; 0.736 ; monociclo:DUT|pc_w[2] ; monociclo:DUT|dcache:dcache_u0|datacache~403       ; monociclo:DUT|pc_w[2]          ; divisor50mhz:div50_u0|clk1hz_o ; 0.000        ; 1.983      ; 2.918      ;
; 0.737 ; monociclo:DUT|pc_w[2] ; monociclo:DUT|dcache:dcache_u0|datacache~627       ; monociclo:DUT|pc_w[2]          ; divisor50mhz:div50_u0|clk1hz_o ; 0.000        ; 1.967      ; 2.903      ;
; 0.738 ; monociclo:DUT|pc_w[2] ; monociclo:DUT|dcache:dcache_u0|datacache~213       ; monociclo:DUT|pc_w[2]          ; divisor50mhz:div50_u0|clk1hz_o ; 0.000        ; 1.959      ; 2.896      ;
; 0.738 ; monociclo:DUT|pc_w[2] ; monociclo:DUT|registerfile:regfile_u0|regfile~207  ; monociclo:DUT|pc_w[2]          ; divisor50mhz:div50_u0|clk1hz_o ; 0.000        ; 1.969      ; 2.906      ;
; 0.739 ; monociclo:DUT|pc_w[2] ; monociclo:DUT|registerfile:regfile_u0|regfile~606  ; monociclo:DUT|pc_w[2]          ; divisor50mhz:div50_u0|clk1hz_o ; 0.000        ; 1.975      ; 2.913      ;
; 0.740 ; monociclo:DUT|pc_w[2] ; monociclo:DUT|dcache:dcache_u0|datacache~831       ; monociclo:DUT|pc_w[2]          ; divisor50mhz:div50_u0|clk1hz_o ; 0.000        ; 1.958      ; 2.897      ;
; 0.740 ; monociclo:DUT|pc_w[2] ; monociclo:DUT|dcache:dcache_u0|datacache~707       ; monociclo:DUT|pc_w[2]          ; divisor50mhz:div50_u0|clk1hz_o ; 0.000        ; 1.965      ; 2.904      ;
; 0.741 ; monociclo:DUT|pc_w[2] ; monociclo:DUT|dcache:dcache_u0|datacache~575       ; monociclo:DUT|pc_w[2]          ; divisor50mhz:div50_u0|clk1hz_o ; 0.000        ; 1.958      ; 2.898      ;
; 0.742 ; monociclo:DUT|pc_w[2] ; monociclo:DUT|dcache:dcache_u0|datacache~757       ; monociclo:DUT|pc_w[2]          ; divisor50mhz:div50_u0|clk1hz_o ; 0.000        ; 1.968      ; 2.909      ;
; 0.743 ; monociclo:DUT|pc_w[2] ; monociclo:DUT|dcache:dcache_u0|datacache~735       ; monociclo:DUT|pc_w[2]          ; divisor50mhz:div50_u0|clk1hz_o ; 0.000        ; 1.968      ; 2.910      ;
; 0.743 ; monociclo:DUT|pc_w[2] ; monociclo:DUT|dcache:dcache_u0|datacache~1001      ; monociclo:DUT|pc_w[2]          ; divisor50mhz:div50_u0|clk1hz_o ; 0.000        ; 1.959      ; 2.901      ;
; 0.743 ; monociclo:DUT|pc_w[2] ; monociclo:DUT|registerfile:regfile_u0|regfile~1022 ; monociclo:DUT|pc_w[2]          ; divisor50mhz:div50_u0|clk1hz_o ; 0.000        ; 1.975      ; 2.917      ;
; 0.744 ; monociclo:DUT|pc_w[2] ; monociclo:DUT|dcache:dcache_u0|datacache~402       ; monociclo:DUT|pc_w[2]          ; divisor50mhz:div50_u0|clk1hz_o ; 0.000        ; 1.983      ; 2.926      ;
; 0.744 ; monociclo:DUT|pc_w[2] ; monociclo:DUT|dcache:dcache_u0|datacache~873       ; monociclo:DUT|pc_w[2]          ; divisor50mhz:div50_u0|clk1hz_o ; 0.000        ; 1.959      ; 2.902      ;
; 0.745 ; monociclo:DUT|pc_w[2] ; monociclo:DUT|dcache:dcache_u0|datacache~819       ; monociclo:DUT|pc_w[2]          ; divisor50mhz:div50_u0|clk1hz_o ; 0.000        ; 1.974      ; 2.918      ;
; 0.747 ; monociclo:DUT|pc_w[2] ; monociclo:DUT|dcache:dcache_u0|datacache~259       ; monociclo:DUT|pc_w[2]          ; divisor50mhz:div50_u0|clk1hz_o ; 0.000        ; 1.962      ; 2.908      ;
; 0.748 ; monociclo:DUT|pc_w[2] ; monociclo:DUT|dcache:dcache_u0|datacache~946       ; monociclo:DUT|pc_w[2]          ; divisor50mhz:div50_u0|clk1hz_o ; 0.000        ; 1.973      ; 2.920      ;
; 0.748 ; monociclo:DUT|pc_w[2] ; monociclo:DUT|dcache:dcache_u0|datacache~255       ; monociclo:DUT|pc_w[2]          ; divisor50mhz:div50_u0|clk1hz_o ; 0.000        ; 1.958      ; 2.905      ;
; 0.750 ; monociclo:DUT|pc_w[2] ; monociclo:DUT|dcache:dcache_u0|datacache~1011      ; monociclo:DUT|pc_w[2]          ; divisor50mhz:div50_u0|clk1hz_o ; 0.000        ; 1.968      ; 2.917      ;
; 0.751 ; monociclo:DUT|pc_w[2] ; monociclo:DUT|dcache:dcache_u0|datacache~863       ; monociclo:DUT|pc_w[2]          ; divisor50mhz:div50_u0|clk1hz_o ; 0.000        ; 1.967      ; 2.917      ;
; 0.751 ; monociclo:DUT|pc_w[2] ; monociclo:DUT|dcache:dcache_u0|datacache~233       ; monociclo:DUT|pc_w[2]          ; divisor50mhz:div50_u0|clk1hz_o ; 0.000        ; 1.974      ; 2.924      ;
; 0.753 ; monociclo:DUT|pc_w[2] ; monociclo:DUT|dcache:dcache_u0|datacache~595       ; monociclo:DUT|pc_w[2]          ; divisor50mhz:div50_u0|clk1hz_o ; 0.000        ; 1.965      ; 2.917      ;
; 0.753 ; monociclo:DUT|pc_w[2] ; monociclo:DUT|dcache:dcache_u0|datacache~979       ; monociclo:DUT|pc_w[2]          ; divisor50mhz:div50_u0|clk1hz_o ; 0.000        ; 1.965      ; 2.917      ;
; 0.754 ; monociclo:DUT|pc_w[2] ; monociclo:DUT|dcache:dcache_u0|datacache~885       ; monociclo:DUT|pc_w[2]          ; divisor50mhz:div50_u0|clk1hz_o ; 0.000        ; 1.977      ; 2.930      ;
; 0.756 ; monociclo:DUT|pc_w[2] ; monociclo:DUT|dcache:dcache_u0|datacache~937       ; monociclo:DUT|pc_w[2]          ; divisor50mhz:div50_u0|clk1hz_o ; 0.000        ; 1.975      ; 2.930      ;
; 0.756 ; monociclo:DUT|pc_w[2] ; monociclo:DUT|dcache:dcache_u0|datacache~607       ; monociclo:DUT|pc_w[2]          ; divisor50mhz:div50_u0|clk1hz_o ; 0.000        ; 1.967      ; 2.922      ;
; 0.757 ; monociclo:DUT|pc_w[2] ; monociclo:DUT|dcache:dcache_u0|datacache~835       ; monociclo:DUT|pc_w[2]          ; divisor50mhz:div50_u0|clk1hz_o ; 0.000        ; 1.961      ; 2.917      ;
; 0.758 ; monociclo:DUT|pc_w[2] ; monociclo:DUT|dcache:dcache_u0|datacache~991       ; monociclo:DUT|pc_w[2]          ; divisor50mhz:div50_u0|clk1hz_o ; 0.000        ; 1.968      ; 2.925      ;
; 0.758 ; monociclo:DUT|pc_w[2] ; monociclo:DUT|registerfile:regfile_u0|regfile~977  ; monociclo:DUT|pc_w[2]          ; divisor50mhz:div50_u0|clk1hz_o ; 0.000        ; 1.974      ; 2.931      ;
; 0.760 ; monociclo:DUT|pc_w[2] ; monociclo:DUT|dcache:dcache_u0|datacache~319       ; monociclo:DUT|pc_w[2]          ; divisor50mhz:div50_u0|clk1hz_o ; 0.000        ; 1.969      ; 2.928      ;
; 0.760 ; monociclo:DUT|pc_w[2] ; monociclo:DUT|registerfile:regfile_u0|regfile~593  ; monociclo:DUT|pc_w[2]          ; divisor50mhz:div50_u0|clk1hz_o ; 0.000        ; 1.974      ; 2.933      ;
; 0.761 ; monociclo:DUT|pc_w[2] ; monociclo:DUT|dcache:dcache_u0|datacache~468       ; monociclo:DUT|pc_w[2]          ; divisor50mhz:div50_u0|clk1hz_o ; 0.000        ; 1.982      ; 2.942      ;
; 0.762 ; monociclo:DUT|pc_w[2] ; monociclo:DUT|dcache:dcache_u0|datacache~191       ; monociclo:DUT|pc_w[2]          ; divisor50mhz:div50_u0|clk1hz_o ; 0.000        ; 1.958      ; 2.919      ;
; 0.763 ; monociclo:DUT|pc_w[2] ; monociclo:DUT|dcache:dcache_u0|datacache~755       ; monociclo:DUT|pc_w[2]          ; divisor50mhz:div50_u0|clk1hz_o ; 0.000        ; 1.968      ; 2.930      ;
; 0.764 ; monociclo:DUT|pc_w[2] ; monociclo:DUT|dcache:dcache_u0|datacache~713       ; monociclo:DUT|pc_w[2]          ; divisor50mhz:div50_u0|clk1hz_o ; 0.000        ; 1.958      ; 2.921      ;
; 0.767 ; monociclo:DUT|pc_w[2] ; monociclo:DUT|registerfile:regfile_u0|regfile~244  ; monociclo:DUT|pc_w[2]          ; divisor50mhz:div50_u0|clk1hz_o ; 0.000        ; 1.988      ; 2.954      ;
; 0.768 ; monociclo:DUT|pc_w[2] ; monociclo:DUT|registerfile:regfile_u0|regfile~212  ; monociclo:DUT|pc_w[2]          ; divisor50mhz:div50_u0|clk1hz_o ; 0.000        ; 1.988      ; 2.955      ;
; 0.769 ; monociclo:DUT|pc_w[2] ; monociclo:DUT|dcache:dcache_u0|datacache~848       ; monociclo:DUT|pc_w[2]          ; divisor50mhz:div50_u0|clk1hz_o ; 0.000        ; 1.967      ; 2.935      ;
+-------+-----------------------+----------------------------------------------------+--------------------------------+--------------------------------+--------------+------------+------------+


+-------------------------------------------------------------------------------------------------------------------------------------------------------------------+
; Fast 1200mV 0C Model Hold: 'clk_i'                                                                                                                                ;
+-------+---------------------------------+---------------------------------+--------------------------------+-------------+--------------+------------+------------+
; Slack ; From Node                       ; To Node                         ; Launch Clock                   ; Latch Clock ; Relationship ; Clock Skew ; Data Delay ;
+-------+---------------------------------+---------------------------------+--------------------------------+-------------+--------------+------------+------------+
; 0.298 ; divisor50mhz:div50_u0|ctr_w[31] ; divisor50mhz:div50_u0|ctr_w[31] ; clk_i                          ; clk_i       ; 0.000        ; 0.042      ; 0.424      ;
; 0.299 ; divisor50mhz:div50_u0|ctr_w[5]  ; divisor50mhz:div50_u0|ctr_w[5]  ; clk_i                          ; clk_i       ; 0.000        ; 0.041      ; 0.424      ;
; 0.299 ; divisor50mhz:div50_u0|ctr_w[3]  ; divisor50mhz:div50_u0|ctr_w[3]  ; clk_i                          ; clk_i       ; 0.000        ; 0.041      ; 0.424      ;
; 0.299 ; divisor50mhz:div50_u0|ctr_w[29] ; divisor50mhz:div50_u0|ctr_w[29] ; clk_i                          ; clk_i       ; 0.000        ; 0.042      ; 0.425      ;
; 0.299 ; divisor50mhz:div50_u0|ctr_w[27] ; divisor50mhz:div50_u0|ctr_w[27] ; clk_i                          ; clk_i       ; 0.000        ; 0.042      ; 0.425      ;
; 0.300 ; divisor50mhz:div50_u0|ctr_w[11] ; divisor50mhz:div50_u0|ctr_w[11] ; clk_i                          ; clk_i       ; 0.000        ; 0.041      ; 0.425      ;
; 0.300 ; divisor50mhz:div50_u0|ctr_w[6]  ; divisor50mhz:div50_u0|ctr_w[6]  ; clk_i                          ; clk_i       ; 0.000        ; 0.041      ; 0.425      ;
; 0.300 ; divisor50mhz:div50_u0|ctr_w[1]  ; divisor50mhz:div50_u0|ctr_w[1]  ; clk_i                          ; clk_i       ; 0.000        ; 0.041      ; 0.425      ;
; 0.300 ; divisor50mhz:div50_u0|ctr_w[16] ; divisor50mhz:div50_u0|ctr_w[16] ; clk_i                          ; clk_i       ; 0.000        ; 0.042      ; 0.426      ;
; 0.301 ; divisor50mhz:div50_u0|ctr_w[9]  ; divisor50mhz:div50_u0|ctr_w[9]  ; clk_i                          ; clk_i       ; 0.000        ; 0.041      ; 0.426      ;
; 0.301 ; divisor50mhz:div50_u0|ctr_w[8]  ; divisor50mhz:div50_u0|ctr_w[8]  ; clk_i                          ; clk_i       ; 0.000        ; 0.041      ; 0.426      ;
; 0.301 ; divisor50mhz:div50_u0|ctr_w[2]  ; divisor50mhz:div50_u0|ctr_w[2]  ; clk_i                          ; clk_i       ; 0.000        ; 0.041      ; 0.426      ;
; 0.301 ; divisor50mhz:div50_u0|ctr_w[30] ; divisor50mhz:div50_u0|ctr_w[30] ; clk_i                          ; clk_i       ; 0.000        ; 0.042      ; 0.427      ;
; 0.301 ; divisor50mhz:div50_u0|ctr_w[24] ; divisor50mhz:div50_u0|ctr_w[24] ; clk_i                          ; clk_i       ; 0.000        ; 0.042      ; 0.427      ;
; 0.301 ; divisor50mhz:div50_u0|ctr_w[18] ; divisor50mhz:div50_u0|ctr_w[18] ; clk_i                          ; clk_i       ; 0.000        ; 0.042      ; 0.427      ;
; 0.302 ; divisor50mhz:div50_u0|ctr_w[10] ; divisor50mhz:div50_u0|ctr_w[10] ; clk_i                          ; clk_i       ; 0.000        ; 0.041      ; 0.427      ;
; 0.302 ; divisor50mhz:div50_u0|ctr_w[4]  ; divisor50mhz:div50_u0|ctr_w[4]  ; clk_i                          ; clk_i       ; 0.000        ; 0.041      ; 0.427      ;
; 0.302 ; divisor50mhz:div50_u0|ctr_w[28] ; divisor50mhz:div50_u0|ctr_w[28] ; clk_i                          ; clk_i       ; 0.000        ; 0.042      ; 0.428      ;
; 0.302 ; divisor50mhz:div50_u0|ctr_w[26] ; divisor50mhz:div50_u0|ctr_w[26] ; clk_i                          ; clk_i       ; 0.000        ; 0.042      ; 0.428      ;
; 0.433 ; divisor50mhz:div50_u0|clk1hz_o  ; divisor50mhz:div50_u0|clk1hz_o  ; divisor50mhz:div50_u0|clk1hz_o ; clk_i       ; 0.000        ; 1.653      ; 2.305      ;
; 0.448 ; divisor50mhz:div50_u0|ctr_w[5]  ; divisor50mhz:div50_u0|ctr_w[6]  ; clk_i                          ; clk_i       ; 0.000        ; 0.041      ; 0.573      ;
; 0.448 ; divisor50mhz:div50_u0|ctr_w[3]  ; divisor50mhz:div50_u0|ctr_w[4]  ; clk_i                          ; clk_i       ; 0.000        ; 0.041      ; 0.573      ;
; 0.448 ; divisor50mhz:div50_u0|ctr_w[29] ; divisor50mhz:div50_u0|ctr_w[30] ; clk_i                          ; clk_i       ; 0.000        ; 0.042      ; 0.574      ;
; 0.448 ; divisor50mhz:div50_u0|ctr_w[27] ; divisor50mhz:div50_u0|ctr_w[28] ; clk_i                          ; clk_i       ; 0.000        ; 0.042      ; 0.574      ;
; 0.449 ; divisor50mhz:div50_u0|ctr_w[1]  ; divisor50mhz:div50_u0|ctr_w[2]  ; clk_i                          ; clk_i       ; 0.000        ; 0.041      ; 0.574      ;
; 0.450 ; divisor50mhz:div50_u0|ctr_w[9]  ; divisor50mhz:div50_u0|ctr_w[10] ; clk_i                          ; clk_i       ; 0.000        ; 0.041      ; 0.575      ;
; 0.459 ; divisor50mhz:div50_u0|ctr_w[2]  ; divisor50mhz:div50_u0|ctr_w[3]  ; clk_i                          ; clk_i       ; 0.000        ; 0.041      ; 0.584      ;
; 0.459 ; divisor50mhz:div50_u0|ctr_w[8]  ; divisor50mhz:div50_u0|ctr_w[9]  ; clk_i                          ; clk_i       ; 0.000        ; 0.041      ; 0.584      ;
; 0.459 ; divisor50mhz:div50_u0|ctr_w[30] ; divisor50mhz:div50_u0|ctr_w[31] ; clk_i                          ; clk_i       ; 0.000        ; 0.042      ; 0.585      ;
; 0.460 ; divisor50mhz:div50_u0|ctr_w[4]  ; divisor50mhz:div50_u0|ctr_w[5]  ; clk_i                          ; clk_i       ; 0.000        ; 0.041      ; 0.585      ;
; 0.460 ; divisor50mhz:div50_u0|ctr_w[10] ; divisor50mhz:div50_u0|ctr_w[11] ; clk_i                          ; clk_i       ; 0.000        ; 0.041      ; 0.585      ;
; 0.460 ; divisor50mhz:div50_u0|ctr_w[0]  ; divisor50mhz:div50_u0|ctr_w[1]  ; clk_i                          ; clk_i       ; 0.000        ; 0.041      ; 0.585      ;
; 0.460 ; divisor50mhz:div50_u0|ctr_w[28] ; divisor50mhz:div50_u0|ctr_w[29] ; clk_i                          ; clk_i       ; 0.000        ; 0.042      ; 0.586      ;
; 0.460 ; divisor50mhz:div50_u0|ctr_w[26] ; divisor50mhz:div50_u0|ctr_w[27] ; clk_i                          ; clk_i       ; 0.000        ; 0.042      ; 0.586      ;
; 0.461 ; divisor50mhz:div50_u0|ctr_w[6]  ; divisor50mhz:div50_u0|ctr_w[8]  ; clk_i                          ; clk_i       ; 0.000        ; 0.041      ; 0.586      ;
; 0.461 ; divisor50mhz:div50_u0|ctr_w[16] ; divisor50mhz:div50_u0|ctr_w[18] ; clk_i                          ; clk_i       ; 0.000        ; 0.042      ; 0.587      ;
; 0.462 ; divisor50mhz:div50_u0|ctr_w[2]  ; divisor50mhz:div50_u0|ctr_w[4]  ; clk_i                          ; clk_i       ; 0.000        ; 0.041      ; 0.587      ;
; 0.462 ; divisor50mhz:div50_u0|ctr_w[8]  ; divisor50mhz:div50_u0|ctr_w[10] ; clk_i                          ; clk_i       ; 0.000        ; 0.041      ; 0.587      ;
; 0.462 ; divisor50mhz:div50_u0|ctr_w[24] ; divisor50mhz:div50_u0|ctr_w[26] ; clk_i                          ; clk_i       ; 0.000        ; 0.042      ; 0.588      ;
; 0.463 ; divisor50mhz:div50_u0|ctr_w[4]  ; divisor50mhz:div50_u0|ctr_w[6]  ; clk_i                          ; clk_i       ; 0.000        ; 0.041      ; 0.588      ;
; 0.463 ; divisor50mhz:div50_u0|ctr_w[0]  ; divisor50mhz:div50_u0|ctr_w[2]  ; clk_i                          ; clk_i       ; 0.000        ; 0.041      ; 0.588      ;
; 0.463 ; divisor50mhz:div50_u0|ctr_w[28] ; divisor50mhz:div50_u0|ctr_w[30] ; clk_i                          ; clk_i       ; 0.000        ; 0.042      ; 0.589      ;
; 0.463 ; divisor50mhz:div50_u0|ctr_w[26] ; divisor50mhz:div50_u0|ctr_w[28] ; clk_i                          ; clk_i       ; 0.000        ; 0.042      ; 0.589      ;
; 0.509 ; divisor50mhz:div50_u0|ctr_w[14] ; divisor50mhz:div50_u0|ctr_w[16] ; clk_i                          ; clk_i       ; 0.000        ; 0.066      ; 0.659      ;
; 0.511 ; divisor50mhz:div50_u0|ctr_w[3]  ; divisor50mhz:div50_u0|ctr_w[5]  ; clk_i                          ; clk_i       ; 0.000        ; 0.041      ; 0.636      ;
; 0.511 ; divisor50mhz:div50_u0|ctr_w[29] ; divisor50mhz:div50_u0|ctr_w[31] ; clk_i                          ; clk_i       ; 0.000        ; 0.042      ; 0.637      ;
; 0.511 ; divisor50mhz:div50_u0|ctr_w[27] ; divisor50mhz:div50_u0|ctr_w[29] ; clk_i                          ; clk_i       ; 0.000        ; 0.042      ; 0.637      ;
; 0.512 ; divisor50mhz:div50_u0|ctr_w[1]  ; divisor50mhz:div50_u0|ctr_w[3]  ; clk_i                          ; clk_i       ; 0.000        ; 0.041      ; 0.637      ;
; 0.513 ; divisor50mhz:div50_u0|ctr_w[9]  ; divisor50mhz:div50_u0|ctr_w[11] ; clk_i                          ; clk_i       ; 0.000        ; 0.041      ; 0.638      ;
; 0.513 ; divisor50mhz:div50_u0|ctr_w[15] ; divisor50mhz:div50_u0|ctr_w[16] ; clk_i                          ; clk_i       ; 0.000        ; 0.066      ; 0.663      ;
; 0.514 ; divisor50mhz:div50_u0|ctr_w[5]  ; divisor50mhz:div50_u0|ctr_w[8]  ; clk_i                          ; clk_i       ; 0.000        ; 0.041      ; 0.639      ;
; 0.514 ; divisor50mhz:div50_u0|ctr_w[3]  ; divisor50mhz:div50_u0|ctr_w[6]  ; clk_i                          ; clk_i       ; 0.000        ; 0.041      ; 0.639      ;
; 0.514 ; divisor50mhz:div50_u0|ctr_w[27] ; divisor50mhz:div50_u0|ctr_w[30] ; clk_i                          ; clk_i       ; 0.000        ; 0.042      ; 0.640      ;
; 0.515 ; divisor50mhz:div50_u0|ctr_w[1]  ; divisor50mhz:div50_u0|ctr_w[4]  ; clk_i                          ; clk_i       ; 0.000        ; 0.041      ; 0.640      ;
; 0.524 ; divisor50mhz:div50_u0|ctr_w[6]  ; divisor50mhz:div50_u0|ctr_w[9]  ; clk_i                          ; clk_i       ; 0.000        ; 0.041      ; 0.649      ;
; 0.525 ; divisor50mhz:div50_u0|ctr_w[2]  ; divisor50mhz:div50_u0|ctr_w[5]  ; clk_i                          ; clk_i       ; 0.000        ; 0.041      ; 0.650      ;
; 0.525 ; divisor50mhz:div50_u0|ctr_w[8]  ; divisor50mhz:div50_u0|ctr_w[11] ; clk_i                          ; clk_i       ; 0.000        ; 0.041      ; 0.650      ;
; 0.525 ; divisor50mhz:div50_u0|ctr_w[24] ; divisor50mhz:div50_u0|ctr_w[27] ; clk_i                          ; clk_i       ; 0.000        ; 0.042      ; 0.651      ;
; 0.526 ; divisor50mhz:div50_u0|ctr_w[0]  ; divisor50mhz:div50_u0|ctr_w[3]  ; clk_i                          ; clk_i       ; 0.000        ; 0.041      ; 0.651      ;
; 0.526 ; divisor50mhz:div50_u0|ctr_w[28] ; divisor50mhz:div50_u0|ctr_w[31] ; clk_i                          ; clk_i       ; 0.000        ; 0.042      ; 0.652      ;
; 0.526 ; divisor50mhz:div50_u0|ctr_w[26] ; divisor50mhz:div50_u0|ctr_w[29] ; clk_i                          ; clk_i       ; 0.000        ; 0.042      ; 0.652      ;
; 0.527 ; divisor50mhz:div50_u0|ctr_w[6]  ; divisor50mhz:div50_u0|ctr_w[10] ; clk_i                          ; clk_i       ; 0.000        ; 0.041      ; 0.652      ;
; 0.528 ; divisor50mhz:div50_u0|ctr_w[2]  ; divisor50mhz:div50_u0|ctr_w[6]  ; clk_i                          ; clk_i       ; 0.000        ; 0.041      ; 0.653      ;
; 0.528 ; divisor50mhz:div50_u0|ctr_w[24] ; divisor50mhz:div50_u0|ctr_w[28] ; clk_i                          ; clk_i       ; 0.000        ; 0.042      ; 0.654      ;
; 0.529 ; divisor50mhz:div50_u0|ctr_w[4]  ; divisor50mhz:div50_u0|ctr_w[8]  ; clk_i                          ; clk_i       ; 0.000        ; 0.041      ; 0.654      ;
; 0.529 ; divisor50mhz:div50_u0|ctr_w[0]  ; divisor50mhz:div50_u0|ctr_w[4]  ; clk_i                          ; clk_i       ; 0.000        ; 0.041      ; 0.654      ;
; 0.529 ; divisor50mhz:div50_u0|ctr_w[26] ; divisor50mhz:div50_u0|ctr_w[30] ; clk_i                          ; clk_i       ; 0.000        ; 0.042      ; 0.655      ;
; 0.532 ; divisor50mhz:div50_u0|ctr_w[17] ; divisor50mhz:div50_u0|ctr_w[18] ; clk_i                          ; clk_i       ; 0.000        ; 0.042      ; 0.658      ;
; 0.533 ; divisor50mhz:div50_u0|ctr_w[7]  ; divisor50mhz:div50_u0|ctr_w[8]  ; clk_i                          ; clk_i       ; 0.000        ; 0.041      ; 0.658      ;
; 0.533 ; divisor50mhz:div50_u0|ctr_w[23] ; divisor50mhz:div50_u0|ctr_w[24] ; clk_i                          ; clk_i       ; 0.000        ; 0.042      ; 0.659      ;
; 0.533 ; divisor50mhz:div50_u0|ctr_w[25] ; divisor50mhz:div50_u0|ctr_w[26] ; clk_i                          ; clk_i       ; 0.000        ; 0.042      ; 0.659      ;
; 0.546 ; divisor50mhz:div50_u0|ctr_w[22] ; divisor50mhz:div50_u0|ctr_w[24] ; clk_i                          ; clk_i       ; 0.000        ; 0.042      ; 0.672      ;
; 0.556 ; divisor50mhz:div50_u0|ctr_w[11] ; divisor50mhz:div50_u0|ctr_w[16] ; clk_i                          ; clk_i       ; 0.000        ; 0.066      ; 0.706      ;
; 0.558 ; divisor50mhz:div50_u0|ctr_w[13] ; divisor50mhz:div50_u0|ctr_w[16] ; clk_i                          ; clk_i       ; 0.000        ; 0.066      ; 0.708      ;
; 0.559 ; divisor50mhz:div50_u0|ctr_w[17] ; divisor50mhz:div50_u0|ctr_w[19] ; clk_i                          ; clk_i       ; 0.000        ; 0.042      ; 0.685      ;
; 0.570 ; divisor50mhz:div50_u0|ctr_w[10] ; divisor50mhz:div50_u0|ctr_w[16] ; clk_i                          ; clk_i       ; 0.000        ; 0.066      ; 0.720      ;
; 0.575 ; divisor50mhz:div50_u0|ctr_w[14] ; divisor50mhz:div50_u0|ctr_w[18] ; clk_i                          ; clk_i       ; 0.000        ; 0.066      ; 0.725      ;
; 0.577 ; divisor50mhz:div50_u0|ctr_w[5]  ; divisor50mhz:div50_u0|ctr_w[9]  ; clk_i                          ; clk_i       ; 0.000        ; 0.041      ; 0.702      ;
; 0.577 ; divisor50mhz:div50_u0|ctr_w[27] ; divisor50mhz:div50_u0|ctr_w[31] ; clk_i                          ; clk_i       ; 0.000        ; 0.042      ; 0.703      ;
; 0.578 ; divisor50mhz:div50_u0|ctr_w[1]  ; divisor50mhz:div50_u0|ctr_w[5]  ; clk_i                          ; clk_i       ; 0.000        ; 0.041      ; 0.703      ;
; 0.579 ; divisor50mhz:div50_u0|ctr_w[15] ; divisor50mhz:div50_u0|ctr_w[18] ; clk_i                          ; clk_i       ; 0.000        ; 0.066      ; 0.729      ;
; 0.580 ; divisor50mhz:div50_u0|ctr_w[5]  ; divisor50mhz:div50_u0|ctr_w[10] ; clk_i                          ; clk_i       ; 0.000        ; 0.041      ; 0.705      ;
; 0.580 ; divisor50mhz:div50_u0|ctr_w[3]  ; divisor50mhz:div50_u0|ctr_w[8]  ; clk_i                          ; clk_i       ; 0.000        ; 0.041      ; 0.705      ;
; 0.581 ; divisor50mhz:div50_u0|ctr_w[1]  ; divisor50mhz:div50_u0|ctr_w[6]  ; clk_i                          ; clk_i       ; 0.000        ; 0.041      ; 0.706      ;
; 0.583 ; divisor50mhz:div50_u0|ctr_w[21] ; divisor50mhz:div50_u0|ctr_w[24] ; clk_i                          ; clk_i       ; 0.000        ; 0.042      ; 0.709      ;
; 0.586 ; divisor50mhz:div50_u0|ctr_w[20] ; divisor50mhz:div50_u0|ctr_w[20] ; clk_i                          ; clk_i       ; 0.000        ; 0.042      ; 0.712      ;
; 0.587 ; divisor50mhz:div50_u0|ctr_w[12] ; divisor50mhz:div50_u0|ctr_w[16] ; clk_i                          ; clk_i       ; 0.000        ; 0.066      ; 0.737      ;
; 0.590 ; divisor50mhz:div50_u0|ctr_w[6]  ; divisor50mhz:div50_u0|ctr_w[11] ; clk_i                          ; clk_i       ; 0.000        ; 0.041      ; 0.715      ;
; 0.591 ; divisor50mhz:div50_u0|ctr_w[24] ; divisor50mhz:div50_u0|ctr_w[29] ; clk_i                          ; clk_i       ; 0.000        ; 0.042      ; 0.717      ;
; 0.592 ; divisor50mhz:div50_u0|ctr_w[4]  ; divisor50mhz:div50_u0|ctr_w[9]  ; clk_i                          ; clk_i       ; 0.000        ; 0.041      ; 0.717      ;
; 0.592 ; divisor50mhz:div50_u0|ctr_w[0]  ; divisor50mhz:div50_u0|ctr_w[5]  ; clk_i                          ; clk_i       ; 0.000        ; 0.041      ; 0.717      ;
; 0.592 ; divisor50mhz:div50_u0|ctr_w[26] ; divisor50mhz:div50_u0|ctr_w[31] ; clk_i                          ; clk_i       ; 0.000        ; 0.042      ; 0.718      ;
; 0.594 ; divisor50mhz:div50_u0|ctr_w[2]  ; divisor50mhz:div50_u0|ctr_w[8]  ; clk_i                          ; clk_i       ; 0.000        ; 0.041      ; 0.719      ;
; 0.594 ; divisor50mhz:div50_u0|ctr_w[21] ; divisor50mhz:div50_u0|ctr_w[21] ; clk_i                          ; clk_i       ; 0.000        ; 0.042      ; 0.720      ;
; 0.594 ; divisor50mhz:div50_u0|ctr_w[24] ; divisor50mhz:div50_u0|ctr_w[30] ; clk_i                          ; clk_i       ; 0.000        ; 0.042      ; 0.720      ;
; 0.594 ; divisor50mhz:div50_u0|ctr_w[18] ; divisor50mhz:div50_u0|ctr_w[24] ; clk_i                          ; clk_i       ; 0.000        ; 0.042      ; 0.720      ;
; 0.595 ; divisor50mhz:div50_u0|ctr_w[4]  ; divisor50mhz:div50_u0|ctr_w[10] ; clk_i                          ; clk_i       ; 0.000        ; 0.041      ; 0.720      ;
; 0.595 ; divisor50mhz:div50_u0|ctr_w[0]  ; divisor50mhz:div50_u0|ctr_w[6]  ; clk_i                          ; clk_i       ; 0.000        ; 0.041      ; 0.720      ;
; 0.596 ; divisor50mhz:div50_u0|ctr_w[7]  ; divisor50mhz:div50_u0|ctr_w[9]  ; clk_i                          ; clk_i       ; 0.000        ; 0.041      ; 0.721      ;
; 0.596 ; divisor50mhz:div50_u0|ctr_w[25] ; divisor50mhz:div50_u0|ctr_w[27] ; clk_i                          ; clk_i       ; 0.000        ; 0.042      ; 0.722      ;
+-------+---------------------------------+---------------------------------+--------------------------------+-------------+--------------+------------+------------+


----------------------------------------------
; Fast 1200mV 0C Model Metastability Summary ;
----------------------------------------------
No synchronizer chains to report.


+-------------------------------------------------------------------------------------------------+
; Multicorner Timing Analysis Summary                                                             ;
+---------------------------------+------------+-------+----------+---------+---------------------+
; Clock                           ; Setup      ; Hold  ; Recovery ; Removal ; Minimum Pulse Width ;
+---------------------------------+------------+-------+----------+---------+---------------------+
; Worst-case Slack                ; -21.976    ; 0.023 ; N/A      ; N/A     ; -3.000              ;
;  clk_i                          ; -4.207     ; 0.298 ; N/A      ; N/A     ; -3.000              ;
;  divisor50mhz:div50_u0|clk1hz_o ; -21.976    ; 0.287 ; N/A      ; N/A     ; -1.285              ;
;  monociclo:DUT|pc_w[2]          ; -2.998     ; 0.023 ; N/A      ; N/A     ; 0.359               ;
; Design-wide TNS                 ; -21581.987 ; 0.0   ; 0.0      ; 0.0     ; -1781.44            ;
;  clk_i                          ; -68.434    ; 0.000 ; N/A      ; N/A     ; -45.405             ;
;  divisor50mhz:div50_u0|clk1hz_o ; -21510.555 ; 0.000 ; N/A      ; N/A     ; -1736.035           ;
;  monociclo:DUT|pc_w[2]          ; -2.998     ; 0.000 ; N/A      ; N/A     ; 0.000               ;
+---------------------------------+------------+-------+----------+---------+---------------------+


+------------------------------------------------------------------------------------------------------------------------------------------------------------------------------------------------------------------------------------------------------------------------------------------------------------------------------------------------------------------------------------------------------------------+
; Board Trace Model Assignments                                                                                                                                                                                                                                                                                                                                                                                    ;
+---------------+--------------+-------------------+-------------------------+-------------------------+---------------+---------------------+----------------+------------------+--------+------------------+------------------------+------------------------+--------------+---------------+-----------------+-------+---------------------+--------------------+---------------+-----------------+-------------+
; Pin           ; I/O Standard ; Near Tline Length ; Near Tline L per Length ; Near Tline C per Length ; Near Series R ; Near Differential R ; Near Pull-up R ; Near Pull-down R ; Near C ; Far Tline Length ; Far Tline L per Length ; Far Tline C per Length ; Far Series R ; Far Pull-up R ; Far Pull-down R ; Far C ; Termination Voltage ; Far Differential R ; EBD File Name ; EBD Signal Name ; EBD Far-end ;
+---------------+--------------+-------------------+-------------------------+-------------------------+---------------+---------------------+----------------+------------------+--------+------------------+------------------------+------------------------+--------------+---------------+-----------------+-------+---------------------+--------------------+---------------+-----------------+-------------+
; disp0[0]      ; 2.5 V        ; 0 in              ; 0 H/in                  ; 0 F/in                  ; short         ; -                   ; open           ; open             ; open   ; 0 in             ; 0 H/in                 ; 0 F/in                 ; short        ; open          ; open            ; open  ; 0 V                 ; -                  ; n/a           ; n/a             ; n/a         ;
; disp0[1]      ; 2.5 V        ; 0 in              ; 0 H/in                  ; 0 F/in                  ; short         ; -                   ; open           ; open             ; open   ; 0 in             ; 0 H/in                 ; 0 F/in                 ; short        ; open          ; open            ; open  ; 0 V                 ; -                  ; n/a           ; n/a             ; n/a         ;
; disp0[2]      ; 2.5 V        ; 0 in              ; 0 H/in                  ; 0 F/in                  ; short         ; -                   ; open           ; open             ; open   ; 0 in             ; 0 H/in                 ; 0 F/in                 ; short        ; open          ; open            ; open  ; 0 V                 ; -                  ; n/a           ; n/a             ; n/a         ;
; disp0[3]      ; 2.5 V        ; 0 in              ; 0 H/in                  ; 0 F/in                  ; short         ; -                   ; open           ; open             ; open   ; 0 in             ; 0 H/in                 ; 0 F/in                 ; short        ; open          ; open            ; open  ; 0 V                 ; -                  ; n/a           ; n/a             ; n/a         ;
; disp0[4]      ; 2.5 V        ; 0 in              ; 0 H/in                  ; 0 F/in                  ; short         ; -                   ; open           ; open             ; open   ; 0 in             ; 0 H/in                 ; 0 F/in                 ; short        ; open          ; open            ; open  ; 0 V                 ; -                  ; n/a           ; n/a             ; n/a         ;
; disp0[5]      ; 2.5 V        ; 0 in              ; 0 H/in                  ; 0 F/in                  ; short         ; -                   ; open           ; open             ; open   ; 0 in             ; 0 H/in                 ; 0 F/in                 ; short        ; open          ; open            ; open  ; 0 V                 ; -                  ; n/a           ; n/a             ; n/a         ;
; disp0[6]      ; 2.5 V        ; 0 in              ; 0 H/in                  ; 0 F/in                  ; short         ; -                   ; open           ; open             ; open   ; 0 in             ; 0 H/in                 ; 0 F/in                 ; short        ; open          ; open            ; open  ; 0 V                 ; -                  ; n/a           ; n/a             ; n/a         ;
; disp1[0]      ; 2.5 V        ; 0 in              ; 0 H/in                  ; 0 F/in                  ; short         ; -                   ; open           ; open             ; open   ; 0 in             ; 0 H/in                 ; 0 F/in                 ; short        ; open          ; open            ; open  ; 0 V                 ; -                  ; n/a           ; n/a             ; n/a         ;
; disp1[1]      ; 2.5 V        ; 0 in              ; 0 H/in                  ; 0 F/in                  ; short         ; -                   ; open           ; open             ; open   ; 0 in             ; 0 H/in                 ; 0 F/in                 ; short        ; open          ; open            ; open  ; 0 V                 ; -                  ; n/a           ; n/a             ; n/a         ;
; disp1[2]      ; 2.5 V        ; 0 in              ; 0 H/in                  ; 0 F/in                  ; short         ; -                   ; open           ; open             ; open   ; 0 in             ; 0 H/in                 ; 0 F/in                 ; short        ; open          ; open            ; open  ; 0 V                 ; -                  ; n/a           ; n/a             ; n/a         ;
; disp1[3]      ; 2.5 V        ; 0 in              ; 0 H/in                  ; 0 F/in                  ; short         ; -                   ; open           ; open             ; open   ; 0 in             ; 0 H/in                 ; 0 F/in                 ; short        ; open          ; open            ; open  ; 0 V                 ; -                  ; n/a           ; n/a             ; n/a         ;
; disp1[4]      ; 2.5 V        ; 0 in              ; 0 H/in                  ; 0 F/in                  ; short         ; -                   ; open           ; open             ; open   ; 0 in             ; 0 H/in                 ; 0 F/in                 ; short        ; open          ; open            ; open  ; 0 V                 ; -                  ; n/a           ; n/a             ; n/a         ;
; disp1[5]      ; 2.5 V        ; 0 in              ; 0 H/in                  ; 0 F/in                  ; short         ; -                   ; open           ; open             ; open   ; 0 in             ; 0 H/in                 ; 0 F/in                 ; short        ; open          ; open            ; open  ; 0 V                 ; -                  ; n/a           ; n/a             ; n/a         ;
; disp1[6]      ; 2.5 V        ; 0 in              ; 0 H/in                  ; 0 F/in                  ; short         ; -                   ; open           ; open             ; open   ; 0 in             ; 0 H/in                 ; 0 F/in                 ; short        ; open          ; open            ; open  ; 0 V                 ; -                  ; n/a           ; n/a             ; n/a         ;
; disp2[0]      ; 2.5 V        ; 0 in              ; 0 H/in                  ; 0 F/in                  ; short         ; -                   ; open           ; open             ; open   ; 0 in             ; 0 H/in                 ; 0 F/in                 ; short        ; open          ; open            ; open  ; 0 V                 ; -                  ; n/a           ; n/a             ; n/a         ;
; disp2[1]      ; 2.5 V        ; 0 in              ; 0 H/in                  ; 0 F/in                  ; short         ; -                   ; open           ; open             ; open   ; 0 in             ; 0 H/in                 ; 0 F/in                 ; short        ; open          ; open            ; open  ; 0 V                 ; -                  ; n/a           ; n/a             ; n/a         ;
; disp2[2]      ; 2.5 V        ; 0 in              ; 0 H/in                  ; 0 F/in                  ; short         ; -                   ; open           ; open             ; open   ; 0 in             ; 0 H/in                 ; 0 F/in                 ; short        ; open          ; open            ; open  ; 0 V                 ; -                  ; n/a           ; n/a             ; n/a         ;
; disp2[3]      ; 2.5 V        ; 0 in              ; 0 H/in                  ; 0 F/in                  ; short         ; -                   ; open           ; open             ; open   ; 0 in             ; 0 H/in                 ; 0 F/in                 ; short        ; open          ; open            ; open  ; 0 V                 ; -                  ; n/a           ; n/a             ; n/a         ;
; disp2[4]      ; 2.5 V        ; 0 in              ; 0 H/in                  ; 0 F/in                  ; short         ; -                   ; open           ; open             ; open   ; 0 in             ; 0 H/in                 ; 0 F/in                 ; short        ; open          ; open            ; open  ; 0 V                 ; -                  ; n/a           ; n/a             ; n/a         ;
; disp2[5]      ; 2.5 V        ; 0 in              ; 0 H/in                  ; 0 F/in                  ; short         ; -                   ; open           ; open             ; open   ; 0 in             ; 0 H/in                 ; 0 F/in                 ; short        ; open          ; open            ; open  ; 0 V                 ; -                  ; n/a           ; n/a             ; n/a         ;
; disp2[6]      ; 2.5 V        ; 0 in              ; 0 H/in                  ; 0 F/in                  ; short         ; -                   ; open           ; open             ; open   ; 0 in             ; 0 H/in                 ; 0 F/in                 ; short        ; open          ; open            ; open  ; 0 V                 ; -                  ; n/a           ; n/a             ; n/a         ;
; disp3[0]      ; 2.5 V        ; 0 in              ; 0 H/in                  ; 0 F/in                  ; short         ; -                   ; open           ; open             ; open   ; 0 in             ; 0 H/in                 ; 0 F/in                 ; short        ; open          ; open            ; open  ; 0 V                 ; -                  ; n/a           ; n/a             ; n/a         ;
; disp3[1]      ; 2.5 V        ; 0 in              ; 0 H/in                  ; 0 F/in                  ; short         ; -                   ; open           ; open             ; open   ; 0 in             ; 0 H/in                 ; 0 F/in                 ; short        ; open          ; open            ; open  ; 0 V                 ; -                  ; n/a           ; n/a             ; n/a         ;
; disp3[2]      ; 2.5 V        ; 0 in              ; 0 H/in                  ; 0 F/in                  ; short         ; -                   ; open           ; open             ; open   ; 0 in             ; 0 H/in                 ; 0 F/in                 ; short        ; open          ; open            ; open  ; 0 V                 ; -                  ; n/a           ; n/a             ; n/a         ;
; disp3[3]      ; 2.5 V        ; 0 in              ; 0 H/in                  ; 0 F/in                  ; short         ; -                   ; open           ; open             ; open   ; 0 in             ; 0 H/in                 ; 0 F/in                 ; short        ; open          ; open            ; open  ; 0 V                 ; -                  ; n/a           ; n/a             ; n/a         ;
; disp3[4]      ; 2.5 V        ; 0 in              ; 0 H/in                  ; 0 F/in                  ; short         ; -                   ; open           ; open             ; open   ; 0 in             ; 0 H/in                 ; 0 F/in                 ; short        ; open          ; open            ; open  ; 0 V                 ; -                  ; n/a           ; n/a             ; n/a         ;
; disp3[5]      ; 2.5 V        ; 0 in              ; 0 H/in                  ; 0 F/in                  ; short         ; -                   ; open           ; open             ; open   ; 0 in             ; 0 H/in                 ; 0 F/in                 ; short        ; open          ; open            ; open  ; 0 V                 ; -                  ; n/a           ; n/a             ; n/a         ;
; disp3[6]      ; 2.5 V        ; 0 in              ; 0 H/in                  ; 0 F/in                  ; short         ; -                   ; open           ; open             ; open   ; 0 in             ; 0 H/in                 ; 0 F/in                 ; short        ; open          ; open            ; open  ; 0 V                 ; -                  ; n/a           ; n/a             ; n/a         ;
; disp4[0]      ; 2.5 V        ; 0 in              ; 0 H/in                  ; 0 F/in                  ; short         ; -                   ; open           ; open             ; open   ; 0 in             ; 0 H/in                 ; 0 F/in                 ; short        ; open          ; open            ; open  ; 0 V                 ; -                  ; n/a           ; n/a             ; n/a         ;
; disp4[1]      ; 2.5 V        ; 0 in              ; 0 H/in                  ; 0 F/in                  ; short         ; -                   ; open           ; open             ; open   ; 0 in             ; 0 H/in                 ; 0 F/in                 ; short        ; open          ; open            ; open  ; 0 V                 ; -                  ; n/a           ; n/a             ; n/a         ;
; disp4[2]      ; 2.5 V        ; 0 in              ; 0 H/in                  ; 0 F/in                  ; short         ; -                   ; open           ; open             ; open   ; 0 in             ; 0 H/in                 ; 0 F/in                 ; short        ; open          ; open            ; open  ; 0 V                 ; -                  ; n/a           ; n/a             ; n/a         ;
; disp4[3]      ; 2.5 V        ; 0 in              ; 0 H/in                  ; 0 F/in                  ; short         ; -                   ; open           ; open             ; open   ; 0 in             ; 0 H/in                 ; 0 F/in                 ; short        ; open          ; open            ; open  ; 0 V                 ; -                  ; n/a           ; n/a             ; n/a         ;
; disp4[4]      ; 2.5 V        ; 0 in              ; 0 H/in                  ; 0 F/in                  ; short         ; -                   ; open           ; open             ; open   ; 0 in             ; 0 H/in                 ; 0 F/in                 ; short        ; open          ; open            ; open  ; 0 V                 ; -                  ; n/a           ; n/a             ; n/a         ;
; disp4[5]      ; 2.5 V        ; 0 in              ; 0 H/in                  ; 0 F/in                  ; short         ; -                   ; open           ; open             ; open   ; 0 in             ; 0 H/in                 ; 0 F/in                 ; short        ; open          ; open            ; open  ; 0 V                 ; -                  ; n/a           ; n/a             ; n/a         ;
; disp4[6]      ; 2.5 V        ; 0 in              ; 0 H/in                  ; 0 F/in                  ; short         ; -                   ; open           ; open             ; open   ; 0 in             ; 0 H/in                 ; 0 F/in                 ; short        ; open          ; open            ; open  ; 0 V                 ; -                  ; n/a           ; n/a             ; n/a         ;
; disp5[0]      ; 2.5 V        ; 0 in              ; 0 H/in                  ; 0 F/in                  ; short         ; -                   ; open           ; open             ; open   ; 0 in             ; 0 H/in                 ; 0 F/in                 ; short        ; open          ; open            ; open  ; 0 V                 ; -                  ; n/a           ; n/a             ; n/a         ;
; disp5[1]      ; 2.5 V        ; 0 in              ; 0 H/in                  ; 0 F/in                  ; short         ; -                   ; open           ; open             ; open   ; 0 in             ; 0 H/in                 ; 0 F/in                 ; short        ; open          ; open            ; open  ; 0 V                 ; -                  ; n/a           ; n/a             ; n/a         ;
; disp5[2]      ; 2.5 V        ; 0 in              ; 0 H/in                  ; 0 F/in                  ; short         ; -                   ; open           ; open             ; open   ; 0 in             ; 0 H/in                 ; 0 F/in                 ; short        ; open          ; open            ; open  ; 0 V                 ; -                  ; n/a           ; n/a             ; n/a         ;
; disp5[3]      ; 2.5 V        ; 0 in              ; 0 H/in                  ; 0 F/in                  ; short         ; -                   ; open           ; open             ; open   ; 0 in             ; 0 H/in                 ; 0 F/in                 ; short        ; open          ; open            ; open  ; 0 V                 ; -                  ; n/a           ; n/a             ; n/a         ;
; disp5[4]      ; 2.5 V        ; 0 in              ; 0 H/in                  ; 0 F/in                  ; short         ; -                   ; open           ; open             ; open   ; 0 in             ; 0 H/in                 ; 0 F/in                 ; short        ; open          ; open            ; open  ; 0 V                 ; -                  ; n/a           ; n/a             ; n/a         ;
; disp5[5]      ; 2.5 V        ; 0 in              ; 0 H/in                  ; 0 F/in                  ; short         ; -                   ; open           ; open             ; open   ; 0 in             ; 0 H/in                 ; 0 F/in                 ; short        ; open          ; open            ; open  ; 0 V                 ; -                  ; n/a           ; n/a             ; n/a         ;
; disp5[6]      ; 2.5 V        ; 0 in              ; 0 H/in                  ; 0 F/in                  ; short         ; -                   ; open           ; open             ; open   ; 0 in             ; 0 H/in                 ; 0 F/in                 ; short        ; open          ; open            ; open  ; 0 V                 ; -                  ; n/a           ; n/a             ; n/a         ;
; disp6[0]      ; 2.5 V        ; 0 in              ; 0 H/in                  ; 0 F/in                  ; short         ; -                   ; open           ; open             ; open   ; 0 in             ; 0 H/in                 ; 0 F/in                 ; short        ; open          ; open            ; open  ; 0 V                 ; -                  ; n/a           ; n/a             ; n/a         ;
; disp6[1]      ; 2.5 V        ; 0 in              ; 0 H/in                  ; 0 F/in                  ; short         ; -                   ; open           ; open             ; open   ; 0 in             ; 0 H/in                 ; 0 F/in                 ; short        ; open          ; open            ; open  ; 0 V                 ; -                  ; n/a           ; n/a             ; n/a         ;
; disp6[2]      ; 2.5 V        ; 0 in              ; 0 H/in                  ; 0 F/in                  ; short         ; -                   ; open           ; open             ; open   ; 0 in             ; 0 H/in                 ; 0 F/in                 ; short        ; open          ; open            ; open  ; 0 V                 ; -                  ; n/a           ; n/a             ; n/a         ;
; disp6[3]      ; 2.5 V        ; 0 in              ; 0 H/in                  ; 0 F/in                  ; short         ; -                   ; open           ; open             ; open   ; 0 in             ; 0 H/in                 ; 0 F/in                 ; short        ; open          ; open            ; open  ; 0 V                 ; -                  ; n/a           ; n/a             ; n/a         ;
; disp6[4]      ; 2.5 V        ; 0 in              ; 0 H/in                  ; 0 F/in                  ; short         ; -                   ; open           ; open             ; open   ; 0 in             ; 0 H/in                 ; 0 F/in                 ; short        ; open          ; open            ; open  ; 0 V                 ; -                  ; n/a           ; n/a             ; n/a         ;
; disp6[5]      ; 2.5 V        ; 0 in              ; 0 H/in                  ; 0 F/in                  ; short         ; -                   ; open           ; open             ; open   ; 0 in             ; 0 H/in                 ; 0 F/in                 ; short        ; open          ; open            ; open  ; 0 V                 ; -                  ; n/a           ; n/a             ; n/a         ;
; disp6[6]      ; 2.5 V        ; 0 in              ; 0 H/in                  ; 0 F/in                  ; short         ; -                   ; open           ; open             ; open   ; 0 in             ; 0 H/in                 ; 0 F/in                 ; short        ; open          ; open            ; open  ; 0 V                 ; -                  ; n/a           ; n/a             ; n/a         ;
; disp7[0]      ; 2.5 V        ; 0 in              ; 0 H/in                  ; 0 F/in                  ; short         ; -                   ; open           ; open             ; open   ; 0 in             ; 0 H/in                 ; 0 F/in                 ; short        ; open          ; open            ; open  ; 0 V                 ; -                  ; n/a           ; n/a             ; n/a         ;
; disp7[1]      ; 2.5 V        ; 0 in              ; 0 H/in                  ; 0 F/in                  ; short         ; -                   ; open           ; open             ; open   ; 0 in             ; 0 H/in                 ; 0 F/in                 ; short        ; open          ; open            ; open  ; 0 V                 ; -                  ; n/a           ; n/a             ; n/a         ;
; disp7[2]      ; 2.5 V        ; 0 in              ; 0 H/in                  ; 0 F/in                  ; short         ; -                   ; open           ; open             ; open   ; 0 in             ; 0 H/in                 ; 0 F/in                 ; short        ; open          ; open            ; open  ; 0 V                 ; -                  ; n/a           ; n/a             ; n/a         ;
; disp7[3]      ; 2.5 V        ; 0 in              ; 0 H/in                  ; 0 F/in                  ; short         ; -                   ; open           ; open             ; open   ; 0 in             ; 0 H/in                 ; 0 F/in                 ; short        ; open          ; open            ; open  ; 0 V                 ; -                  ; n/a           ; n/a             ; n/a         ;
; disp7[4]      ; 2.5 V        ; 0 in              ; 0 H/in                  ; 0 F/in                  ; short         ; -                   ; open           ; open             ; open   ; 0 in             ; 0 H/in                 ; 0 F/in                 ; short        ; open          ; open            ; open  ; 0 V                 ; -                  ; n/a           ; n/a             ; n/a         ;
; disp7[5]      ; 2.5 V        ; 0 in              ; 0 H/in                  ; 0 F/in                  ; short         ; -                   ; open           ; open             ; open   ; 0 in             ; 0 H/in                 ; 0 F/in                 ; short        ; open          ; open            ; open  ; 0 V                 ; -                  ; n/a           ; n/a             ; n/a         ;
; disp7[6]      ; 2.5 V        ; 0 in              ; 0 H/in                  ; 0 F/in                  ; short         ; -                   ; open           ; open             ; open   ; 0 in             ; 0 H/in                 ; 0 F/in                 ; short        ; open          ; open            ; open  ; 0 V                 ; -                  ; n/a           ; n/a             ; n/a         ;
; ~ALTERA_DCLK~ ; 2.5 V        ; 0 in              ; 0 H/in                  ; 0 F/in                  ; short         ; -                   ; open           ; open             ; open   ; 0 in             ; 0 H/in                 ; 0 F/in                 ; short        ; open          ; open            ; open  ; 0 V                 ; -                  ; n/a           ; n/a             ; n/a         ;
; ~ALTERA_nCEO~ ; 2.5 V        ; 0 in              ; 0 H/in                  ; 0 F/in                  ; short         ; -                   ; open           ; open             ; open   ; 0 in             ; 0 H/in                 ; 0 F/in                 ; short        ; open          ; open            ; open  ; 0 V                 ; -                  ; n/a           ; n/a             ; n/a         ;
+---------------+--------------+-------------------+-------------------------+-------------------------+---------------+---------------------+----------------+------------------+--------+------------------+------------------------+------------------------+--------------+---------------+-----------------+-------+---------------------+--------------------+---------------+-----------------+-------------+


+----------------------------------------------------------------------------+
; Input Transition Times                                                     ;
+-------------------------+--------------+-----------------+-----------------+
; Pin                     ; I/O Standard ; 10-90 Rise Time ; 90-10 Fall Time ;
+-------------------------+--------------+-----------------+-----------------+
; rst_ni                  ; 2.5 V        ; 2000 ps         ; 2000 ps         ;
; clk_i                   ; 2.5 V        ; 2000 ps         ; 2000 ps         ;
; ~ALTERA_ASDO_DATA1~     ; 2.5 V        ; 2000 ps         ; 2000 ps         ;
; ~ALTERA_FLASH_nCE_nCSO~ ; 2.5 V        ; 2000 ps         ; 2000 ps         ;
; ~ALTERA_DATA0~          ; 2.5 V        ; 2000 ps         ; 2000 ps         ;
+-------------------------+--------------+-----------------+-----------------+


+--------------------------------------------------------------------------------------------------------------------------------------------------------------------------------------------------------------------------------------------------------------------------------------------------------------------------------------------------------------------------------------------------------------------------------------------------------------------------------------------------------------------------------------------------------------------------------------------------------------------------------------------------------------------------------------------+
; Signal Integrity Metrics (Slow 1200mv 0c Model)                                                                                                                                                                                                                                                                                                                                                                                                                                                                                                                                                                                                                                            ;
+---------------+--------------+---------------------+---------------------+------------------------------+------------------------------+---------------------+---------------------+--------------------------------------+--------------------------------------+-----------------------------+-----------------------------+----------------------------+----------------------------+-----------------------------+-----------------------------+--------------------+--------------------+-------------------------------------+-------------------------------------+----------------------------+----------------------------+---------------------------+---------------------------+
; Pin           ; I/O Standard ; Board Delay on Rise ; Board Delay on Fall ; Steady State Voh at FPGA Pin ; Steady State Vol at FPGA Pin ; Voh Max at FPGA Pin ; Vol Min at FPGA Pin ; Ringback Voltage on Rise at FPGA Pin ; Ringback Voltage on Fall at FPGA Pin ; 10-90 Rise Time at FPGA Pin ; 90-10 Fall Time at FPGA Pin ; Monotonic Rise at FPGA Pin ; Monotonic Fall at FPGA Pin ; Steady State Voh at Far-end ; Steady State Vol at Far-end ; Voh Max at Far-end ; Vol Min at Far-end ; Ringback Voltage on Rise at Far-end ; Ringback Voltage on Fall at Far-end ; 10-90 Rise Time at Far-end ; 90-10 Fall Time at Far-end ; Monotonic Rise at Far-end ; Monotonic Fall at Far-end ;
+---------------+--------------+---------------------+---------------------+------------------------------+------------------------------+---------------------+---------------------+--------------------------------------+--------------------------------------+-----------------------------+-----------------------------+----------------------------+----------------------------+-----------------------------+-----------------------------+--------------------+--------------------+-------------------------------------+-------------------------------------+----------------------------+----------------------------+---------------------------+---------------------------+
; disp0[0]      ; 2.5 V        ; 0 s                 ; 0 s                 ; 2.32 V                       ; 4.49e-09 V                   ; 2.38 V              ; -0.00552 V          ; 0.096 V                              ; 0.019 V                              ; 4.18e-10 s                  ; 3.59e-10 s                  ; No                         ; Yes                        ; 2.32 V                      ; 4.49e-09 V                  ; 2.38 V             ; -0.00552 V         ; 0.096 V                             ; 0.019 V                             ; 4.18e-10 s                 ; 3.59e-10 s                 ; No                        ; Yes                       ;
; disp0[1]      ; 2.5 V        ; 0 s                 ; 0 s                 ; 2.32 V                       ; 4.49e-09 V                   ; 2.33 V              ; -0.00467 V          ; 0.226 V                              ; 0.087 V                              ; 2.91e-09 s                  ; 2.74e-09 s                  ; Yes                        ; Yes                        ; 2.32 V                      ; 4.49e-09 V                  ; 2.33 V             ; -0.00467 V         ; 0.226 V                             ; 0.087 V                             ; 2.91e-09 s                 ; 2.74e-09 s                 ; Yes                       ; Yes                       ;
; disp0[2]      ; 2.5 V        ; 0 s                 ; 0 s                 ; 2.32 V                       ; 4.49e-09 V                   ; 2.38 V              ; -0.00552 V          ; 0.096 V                              ; 0.019 V                              ; 4.18e-10 s                  ; 3.59e-10 s                  ; No                         ; Yes                        ; 2.32 V                      ; 4.49e-09 V                  ; 2.38 V             ; -0.00552 V         ; 0.096 V                             ; 0.019 V                             ; 4.18e-10 s                 ; 3.59e-10 s                 ; No                        ; Yes                       ;
; disp0[3]      ; 2.5 V        ; 0 s                 ; 0 s                 ; 2.32 V                       ; 3.07e-09 V                   ; 2.38 V              ; -0.0144 V           ; 0.227 V                              ; 0.024 V                              ; 3.14e-10 s                  ; 3.39e-10 s                  ; Yes                        ; Yes                        ; 2.32 V                      ; 3.07e-09 V                  ; 2.38 V             ; -0.0144 V          ; 0.227 V                             ; 0.024 V                             ; 3.14e-10 s                 ; 3.39e-10 s                 ; Yes                       ; Yes                       ;
; disp0[4]      ; 2.5 V        ; 0 s                 ; 0 s                 ; 2.32 V                       ; 3.07e-09 V                   ; 2.38 V              ; -0.0144 V           ; 0.227 V                              ; 0.024 V                              ; 3.14e-10 s                  ; 3.39e-10 s                  ; Yes                        ; Yes                        ; 2.32 V                      ; 3.07e-09 V                  ; 2.38 V             ; -0.0144 V          ; 0.227 V                             ; 0.024 V                             ; 3.14e-10 s                 ; 3.39e-10 s                 ; Yes                       ; Yes                       ;
; disp0[5]      ; 2.5 V        ; 0 s                 ; 0 s                 ; 2.32 V                       ; 3.07e-09 V                   ; 2.33 V              ; -0.00496 V          ; 0.223 V                              ; 0.086 V                              ; 2.9e-09 s                   ; 2.73e-09 s                  ; Yes                        ; Yes                        ; 2.32 V                      ; 3.07e-09 V                  ; 2.33 V             ; -0.00496 V         ; 0.223 V                             ; 0.086 V                             ; 2.9e-09 s                  ; 2.73e-09 s                 ; Yes                       ; Yes                       ;
; disp0[6]      ; 2.5 V        ; 0 s                 ; 0 s                 ; 2.32 V                       ; 3.07e-09 V                   ; 2.38 V              ; -0.0144 V           ; 0.227 V                              ; 0.024 V                              ; 3.14e-10 s                  ; 3.39e-10 s                  ; Yes                        ; Yes                        ; 2.32 V                      ; 3.07e-09 V                  ; 2.38 V             ; -0.0144 V          ; 0.227 V                             ; 0.024 V                             ; 3.14e-10 s                 ; 3.39e-10 s                 ; Yes                       ; Yes                       ;
; disp1[0]      ; 2.5 V        ; 0 s                 ; 0 s                 ; 2.32 V                       ; 3.07e-09 V                   ; 2.38 V              ; -0.0144 V           ; 0.227 V                              ; 0.024 V                              ; 3.14e-10 s                  ; 3.39e-10 s                  ; Yes                        ; Yes                        ; 2.32 V                      ; 3.07e-09 V                  ; 2.38 V             ; -0.0144 V          ; 0.227 V                             ; 0.024 V                             ; 3.14e-10 s                 ; 3.39e-10 s                 ; Yes                       ; Yes                       ;
; disp1[1]      ; 2.5 V        ; 0 s                 ; 0 s                 ; 2.32 V                       ; 3.07e-09 V                   ; 2.37 V              ; -0.00994 V          ; 0.186 V                              ; 0.028 V                              ; 4.98e-10 s                  ; 4.96e-10 s                  ; Yes                        ; Yes                        ; 2.32 V                      ; 3.07e-09 V                  ; 2.37 V             ; -0.00994 V         ; 0.186 V                             ; 0.028 V                             ; 4.98e-10 s                 ; 4.96e-10 s                 ; Yes                       ; Yes                       ;
; disp1[2]      ; 2.5 V        ; 0 s                 ; 0 s                 ; 2.32 V                       ; 3.07e-09 V                   ; 2.37 V              ; -0.00994 V          ; 0.186 V                              ; 0.028 V                              ; 4.98e-10 s                  ; 4.96e-10 s                  ; Yes                        ; Yes                        ; 2.32 V                      ; 3.07e-09 V                  ; 2.37 V             ; -0.00994 V         ; 0.186 V                             ; 0.028 V                             ; 4.98e-10 s                 ; 4.96e-10 s                 ; Yes                       ; Yes                       ;
; disp1[3]      ; 2.5 V        ; 0 s                 ; 0 s                 ; 2.32 V                       ; 3.07e-09 V                   ; 2.37 V              ; -0.00994 V          ; 0.186 V                              ; 0.028 V                              ; 4.98e-10 s                  ; 4.96e-10 s                  ; Yes                        ; Yes                        ; 2.32 V                      ; 3.07e-09 V                  ; 2.37 V             ; -0.00994 V         ; 0.186 V                             ; 0.028 V                             ; 4.98e-10 s                 ; 4.96e-10 s                 ; Yes                       ; Yes                       ;
; disp1[4]      ; 2.5 V        ; 0 s                 ; 0 s                 ; 2.32 V                       ; 3.07e-09 V                   ; 2.37 V              ; -0.00994 V          ; 0.186 V                              ; 0.028 V                              ; 4.98e-10 s                  ; 4.96e-10 s                  ; Yes                        ; Yes                        ; 2.32 V                      ; 3.07e-09 V                  ; 2.37 V             ; -0.00994 V         ; 0.186 V                             ; 0.028 V                             ; 4.98e-10 s                 ; 4.96e-10 s                 ; Yes                       ; Yes                       ;
; disp1[5]      ; 2.5 V        ; 0 s                 ; 0 s                 ; 2.32 V                       ; 3.07e-09 V                   ; 2.33 V              ; -0.00496 V          ; 0.223 V                              ; 0.086 V                              ; 2.9e-09 s                   ; 2.73e-09 s                  ; Yes                        ; Yes                        ; 2.32 V                      ; 3.07e-09 V                  ; 2.33 V             ; -0.00496 V         ; 0.223 V                             ; 0.086 V                             ; 2.9e-09 s                  ; 2.73e-09 s                 ; Yes                       ; Yes                       ;
; disp1[6]      ; 2.5 V        ; 0 s                 ; 0 s                 ; 2.32 V                       ; 3.07e-09 V                   ; 2.33 V              ; -0.00496 V          ; 0.223 V                              ; 0.086 V                              ; 2.9e-09 s                   ; 2.73e-09 s                  ; Yes                        ; Yes                        ; 2.32 V                      ; 3.07e-09 V                  ; 2.33 V             ; -0.00496 V         ; 0.223 V                             ; 0.086 V                             ; 2.9e-09 s                  ; 2.73e-09 s                 ; Yes                       ; Yes                       ;
; disp2[0]      ; 2.5 V        ; 0 s                 ; 0 s                 ; 2.32 V                       ; 3.07e-09 V                   ; 2.37 V              ; -0.00994 V          ; 0.186 V                              ; 0.028 V                              ; 4.98e-10 s                  ; 4.96e-10 s                  ; Yes                        ; Yes                        ; 2.32 V                      ; 3.07e-09 V                  ; 2.37 V             ; -0.00994 V         ; 0.186 V                             ; 0.028 V                             ; 4.98e-10 s                 ; 4.96e-10 s                 ; Yes                       ; Yes                       ;
; disp2[1]      ; 2.5 V        ; 0 s                 ; 0 s                 ; 2.32 V                       ; 3.07e-09 V                   ; 2.37 V              ; -0.00994 V          ; 0.186 V                              ; 0.028 V                              ; 4.98e-10 s                  ; 4.96e-10 s                  ; Yes                        ; Yes                        ; 2.32 V                      ; 3.07e-09 V                  ; 2.37 V             ; -0.00994 V         ; 0.186 V                             ; 0.028 V                             ; 4.98e-10 s                 ; 4.96e-10 s                 ; Yes                       ; Yes                       ;
; disp2[2]      ; 2.5 V        ; 0 s                 ; 0 s                 ; 2.32 V                       ; 3.07e-09 V                   ; 2.37 V              ; -0.00994 V          ; 0.186 V                              ; 0.028 V                              ; 4.98e-10 s                  ; 4.96e-10 s                  ; Yes                        ; Yes                        ; 2.32 V                      ; 3.07e-09 V                  ; 2.37 V             ; -0.00994 V         ; 0.186 V                             ; 0.028 V                             ; 4.98e-10 s                 ; 4.96e-10 s                 ; Yes                       ; Yes                       ;
; disp2[3]      ; 2.5 V        ; 0 s                 ; 0 s                 ; 2.32 V                       ; 3.07e-09 V                   ; 2.37 V              ; -0.00994 V          ; 0.186 V                              ; 0.028 V                              ; 4.98e-10 s                  ; 4.96e-10 s                  ; Yes                        ; Yes                        ; 2.32 V                      ; 3.07e-09 V                  ; 2.37 V             ; -0.00994 V         ; 0.186 V                             ; 0.028 V                             ; 4.98e-10 s                 ; 4.96e-10 s                 ; Yes                       ; Yes                       ;
; disp2[4]      ; 2.5 V        ; 0 s                 ; 0 s                 ; 2.32 V                       ; 3.07e-09 V                   ; 2.37 V              ; -0.00994 V          ; 0.186 V                              ; 0.028 V                              ; 4.98e-10 s                  ; 4.96e-10 s                  ; Yes                        ; Yes                        ; 2.32 V                      ; 3.07e-09 V                  ; 2.37 V             ; -0.00994 V         ; 0.186 V                             ; 0.028 V                             ; 4.98e-10 s                 ; 4.96e-10 s                 ; Yes                       ; Yes                       ;
; disp2[5]      ; 2.5 V        ; 0 s                 ; 0 s                 ; 2.32 V                       ; 3.07e-09 V                   ; 2.37 V              ; -0.00994 V          ; 0.186 V                              ; 0.028 V                              ; 4.98e-10 s                  ; 4.96e-10 s                  ; Yes                        ; Yes                        ; 2.32 V                      ; 3.07e-09 V                  ; 2.37 V             ; -0.00994 V         ; 0.186 V                             ; 0.028 V                             ; 4.98e-10 s                 ; 4.96e-10 s                 ; Yes                       ; Yes                       ;
; disp2[6]      ; 2.5 V        ; 0 s                 ; 0 s                 ; 2.32 V                       ; 3.07e-09 V                   ; 2.37 V              ; -0.00994 V          ; 0.186 V                              ; 0.028 V                              ; 4.98e-10 s                  ; 4.96e-10 s                  ; Yes                        ; Yes                        ; 2.32 V                      ; 3.07e-09 V                  ; 2.37 V             ; -0.00994 V         ; 0.186 V                             ; 0.028 V                             ; 4.98e-10 s                 ; 4.96e-10 s                 ; Yes                       ; Yes                       ;
; disp3[0]      ; 2.5 V        ; 0 s                 ; 0 s                 ; 2.32 V                       ; 3.07e-09 V                   ; 2.37 V              ; -0.00994 V          ; 0.186 V                              ; 0.028 V                              ; 4.98e-10 s                  ; 4.96e-10 s                  ; Yes                        ; Yes                        ; 2.32 V                      ; 3.07e-09 V                  ; 2.37 V             ; -0.00994 V         ; 0.186 V                             ; 0.028 V                             ; 4.98e-10 s                 ; 4.96e-10 s                 ; Yes                       ; Yes                       ;
; disp3[1]      ; 2.5 V        ; 0 s                 ; 0 s                 ; 2.32 V                       ; 3.07e-09 V                   ; 2.38 V              ; -0.0144 V           ; 0.227 V                              ; 0.024 V                              ; 3.14e-10 s                  ; 3.39e-10 s                  ; Yes                        ; Yes                        ; 2.32 V                      ; 3.07e-09 V                  ; 2.38 V             ; -0.0144 V          ; 0.227 V                             ; 0.024 V                             ; 3.14e-10 s                 ; 3.39e-10 s                 ; Yes                       ; Yes                       ;
; disp3[2]      ; 2.5 V        ; 0 s                 ; 0 s                 ; 2.32 V                       ; 4.49e-09 V                   ; 2.33 V              ; -0.00467 V          ; 0.226 V                              ; 0.087 V                              ; 2.91e-09 s                  ; 2.74e-09 s                  ; Yes                        ; Yes                        ; 2.32 V                      ; 4.49e-09 V                  ; 2.33 V             ; -0.00467 V         ; 0.226 V                             ; 0.087 V                             ; 2.91e-09 s                 ; 2.74e-09 s                 ; Yes                       ; Yes                       ;
; disp3[3]      ; 2.5 V        ; 0 s                 ; 0 s                 ; 2.32 V                       ; 4.49e-09 V                   ; 2.38 V              ; -0.00552 V          ; 0.096 V                              ; 0.019 V                              ; 4.18e-10 s                  ; 3.59e-10 s                  ; No                         ; Yes                        ; 2.32 V                      ; 4.49e-09 V                  ; 2.38 V             ; -0.00552 V         ; 0.096 V                             ; 0.019 V                             ; 4.18e-10 s                 ; 3.59e-10 s                 ; No                        ; Yes                       ;
; disp3[4]      ; 2.5 V        ; 0 s                 ; 0 s                 ; 2.32 V                       ; 4.49e-09 V                   ; 2.38 V              ; -0.00552 V          ; 0.096 V                              ; 0.019 V                              ; 4.18e-10 s                  ; 3.59e-10 s                  ; No                         ; Yes                        ; 2.32 V                      ; 4.49e-09 V                  ; 2.38 V             ; -0.00552 V         ; 0.096 V                             ; 0.019 V                             ; 4.18e-10 s                 ; 3.59e-10 s                 ; No                        ; Yes                       ;
; disp3[5]      ; 2.5 V        ; 0 s                 ; 0 s                 ; 2.32 V                       ; 4.49e-09 V                   ; 2.38 V              ; -0.00552 V          ; 0.096 V                              ; 0.019 V                              ; 4.18e-10 s                  ; 3.59e-10 s                  ; No                         ; Yes                        ; 2.32 V                      ; 4.49e-09 V                  ; 2.38 V             ; -0.00552 V         ; 0.096 V                             ; 0.019 V                             ; 4.18e-10 s                 ; 3.59e-10 s                 ; No                        ; Yes                       ;
; disp3[6]      ; 2.5 V        ; 0 s                 ; 0 s                 ; 2.32 V                       ; 4.49e-09 V                   ; 2.38 V              ; -0.00552 V          ; 0.096 V                              ; 0.019 V                              ; 4.18e-10 s                  ; 3.59e-10 s                  ; No                         ; Yes                        ; 2.32 V                      ; 4.49e-09 V                  ; 2.38 V             ; -0.00552 V         ; 0.096 V                             ; 0.019 V                             ; 4.18e-10 s                 ; 3.59e-10 s                 ; No                        ; Yes                       ;
; disp4[0]      ; 2.5 V        ; 0 s                 ; 0 s                 ; 2.32 V                       ; 4.49e-09 V                   ; 2.38 V              ; -0.00552 V          ; 0.096 V                              ; 0.019 V                              ; 4.18e-10 s                  ; 3.59e-10 s                  ; No                         ; Yes                        ; 2.32 V                      ; 4.49e-09 V                  ; 2.38 V             ; -0.00552 V         ; 0.096 V                             ; 0.019 V                             ; 4.18e-10 s                 ; 3.59e-10 s                 ; No                        ; Yes                       ;
; disp4[1]      ; 2.5 V        ; 0 s                 ; 0 s                 ; 2.32 V                       ; 4.49e-09 V                   ; 2.38 V              ; -0.00552 V          ; 0.096 V                              ; 0.019 V                              ; 4.18e-10 s                  ; 3.59e-10 s                  ; No                         ; Yes                        ; 2.32 V                      ; 4.49e-09 V                  ; 2.38 V             ; -0.00552 V         ; 0.096 V                             ; 0.019 V                             ; 4.18e-10 s                 ; 3.59e-10 s                 ; No                        ; Yes                       ;
; disp4[2]      ; 2.5 V        ; 0 s                 ; 0 s                 ; 2.32 V                       ; 4.49e-09 V                   ; 2.38 V              ; -0.00552 V          ; 0.096 V                              ; 0.019 V                              ; 4.18e-10 s                  ; 3.59e-10 s                  ; No                         ; Yes                        ; 2.32 V                      ; 4.49e-09 V                  ; 2.38 V             ; -0.00552 V         ; 0.096 V                             ; 0.019 V                             ; 4.18e-10 s                 ; 3.59e-10 s                 ; No                        ; Yes                       ;
; disp4[3]      ; 2.5 V        ; 0 s                 ; 0 s                 ; 2.32 V                       ; 4.49e-09 V                   ; 2.38 V              ; -0.00552 V          ; 0.096 V                              ; 0.019 V                              ; 4.18e-10 s                  ; 3.59e-10 s                  ; No                         ; Yes                        ; 2.32 V                      ; 4.49e-09 V                  ; 2.38 V             ; -0.00552 V         ; 0.096 V                             ; 0.019 V                             ; 4.18e-10 s                 ; 3.59e-10 s                 ; No                        ; Yes                       ;
; disp4[4]      ; 2.5 V        ; 0 s                 ; 0 s                 ; 2.32 V                       ; 4.49e-09 V                   ; 2.38 V              ; -0.00552 V          ; 0.096 V                              ; 0.019 V                              ; 4.18e-10 s                  ; 3.59e-10 s                  ; No                         ; Yes                        ; 2.32 V                      ; 4.49e-09 V                  ; 2.38 V             ; -0.00552 V         ; 0.096 V                             ; 0.019 V                             ; 4.18e-10 s                 ; 3.59e-10 s                 ; No                        ; Yes                       ;
; disp4[5]      ; 2.5 V        ; 0 s                 ; 0 s                 ; 2.32 V                       ; 4.49e-09 V                   ; 2.38 V              ; -0.00552 V          ; 0.096 V                              ; 0.019 V                              ; 4.18e-10 s                  ; 3.59e-10 s                  ; No                         ; Yes                        ; 2.32 V                      ; 4.49e-09 V                  ; 2.38 V             ; -0.00552 V         ; 0.096 V                             ; 0.019 V                             ; 4.18e-10 s                 ; 3.59e-10 s                 ; No                        ; Yes                       ;
; disp4[6]      ; 2.5 V        ; 0 s                 ; 0 s                 ; 2.32 V                       ; 4.49e-09 V                   ; 2.38 V              ; -0.00552 V          ; 0.096 V                              ; 0.019 V                              ; 4.18e-10 s                  ; 3.59e-10 s                  ; No                         ; Yes                        ; 2.32 V                      ; 4.49e-09 V                  ; 2.38 V             ; -0.00552 V         ; 0.096 V                             ; 0.019 V                             ; 4.18e-10 s                 ; 3.59e-10 s                 ; No                        ; Yes                       ;
; disp5[0]      ; 2.5 V        ; 0 s                 ; 0 s                 ; 2.32 V                       ; 4.49e-09 V                   ; 2.38 V              ; -0.00552 V          ; 0.096 V                              ; 0.019 V                              ; 4.18e-10 s                  ; 3.59e-10 s                  ; No                         ; Yes                        ; 2.32 V                      ; 4.49e-09 V                  ; 2.38 V             ; -0.00552 V         ; 0.096 V                             ; 0.019 V                             ; 4.18e-10 s                 ; 3.59e-10 s                 ; No                        ; Yes                       ;
; disp5[1]      ; 2.5 V        ; 0 s                 ; 0 s                 ; 2.32 V                       ; 4.49e-09 V                   ; 2.33 V              ; -0.00467 V          ; 0.226 V                              ; 0.087 V                              ; 2.91e-09 s                  ; 2.74e-09 s                  ; Yes                        ; Yes                        ; 2.32 V                      ; 4.49e-09 V                  ; 2.33 V             ; -0.00467 V         ; 0.226 V                             ; 0.087 V                             ; 2.91e-09 s                 ; 2.74e-09 s                 ; Yes                       ; Yes                       ;
; disp5[2]      ; 2.5 V        ; 0 s                 ; 0 s                 ; 2.32 V                       ; 4.49e-09 V                   ; 2.38 V              ; -0.00552 V          ; 0.096 V                              ; 0.019 V                              ; 4.18e-10 s                  ; 3.59e-10 s                  ; No                         ; Yes                        ; 2.32 V                      ; 4.49e-09 V                  ; 2.38 V             ; -0.00552 V         ; 0.096 V                             ; 0.019 V                             ; 4.18e-10 s                 ; 3.59e-10 s                 ; No                        ; Yes                       ;
; disp5[3]      ; 2.5 V        ; 0 s                 ; 0 s                 ; 2.32 V                       ; 4.49e-09 V                   ; 2.38 V              ; -0.00552 V          ; 0.096 V                              ; 0.019 V                              ; 4.18e-10 s                  ; 3.59e-10 s                  ; No                         ; Yes                        ; 2.32 V                      ; 4.49e-09 V                  ; 2.38 V             ; -0.00552 V         ; 0.096 V                             ; 0.019 V                             ; 4.18e-10 s                 ; 3.59e-10 s                 ; No                        ; Yes                       ;
; disp5[4]      ; 2.5 V        ; 0 s                 ; 0 s                 ; 2.32 V                       ; 4.49e-09 V                   ; 2.38 V              ; -0.00552 V          ; 0.096 V                              ; 0.019 V                              ; 4.18e-10 s                  ; 3.59e-10 s                  ; No                         ; Yes                        ; 2.32 V                      ; 4.49e-09 V                  ; 2.38 V             ; -0.00552 V         ; 0.096 V                             ; 0.019 V                             ; 4.18e-10 s                 ; 3.59e-10 s                 ; No                        ; Yes                       ;
; disp5[5]      ; 2.5 V        ; 0 s                 ; 0 s                 ; 2.32 V                       ; 4.49e-09 V                   ; 2.38 V              ; -0.00552 V          ; 0.096 V                              ; 0.019 V                              ; 4.18e-10 s                  ; 3.59e-10 s                  ; No                         ; Yes                        ; 2.32 V                      ; 4.49e-09 V                  ; 2.38 V             ; -0.00552 V         ; 0.096 V                             ; 0.019 V                             ; 4.18e-10 s                 ; 3.59e-10 s                 ; No                        ; Yes                       ;
; disp5[6]      ; 2.5 V        ; 0 s                 ; 0 s                 ; 2.32 V                       ; 4.49e-09 V                   ; 2.38 V              ; -0.00552 V          ; 0.096 V                              ; 0.019 V                              ; 4.18e-10 s                  ; 3.59e-10 s                  ; No                         ; Yes                        ; 2.32 V                      ; 4.49e-09 V                  ; 2.38 V             ; -0.00552 V         ; 0.096 V                             ; 0.019 V                             ; 4.18e-10 s                 ; 3.59e-10 s                 ; No                        ; Yes                       ;
; disp6[0]      ; 2.5 V        ; 0 s                 ; 0 s                 ; 2.32 V                       ; 4.49e-09 V                   ; 2.38 V              ; -0.00552 V          ; 0.096 V                              ; 0.019 V                              ; 4.18e-10 s                  ; 3.59e-10 s                  ; No                         ; Yes                        ; 2.32 V                      ; 4.49e-09 V                  ; 2.38 V             ; -0.00552 V         ; 0.096 V                             ; 0.019 V                             ; 4.18e-10 s                 ; 3.59e-10 s                 ; No                        ; Yes                       ;
; disp6[1]      ; 2.5 V        ; 0 s                 ; 0 s                 ; 2.32 V                       ; 4.49e-09 V                   ; 2.38 V              ; -0.00552 V          ; 0.096 V                              ; 0.019 V                              ; 4.18e-10 s                  ; 3.59e-10 s                  ; No                         ; Yes                        ; 2.32 V                      ; 4.49e-09 V                  ; 2.38 V             ; -0.00552 V         ; 0.096 V                             ; 0.019 V                             ; 4.18e-10 s                 ; 3.59e-10 s                 ; No                        ; Yes                       ;
; disp6[2]      ; 2.5 V        ; 0 s                 ; 0 s                 ; 2.32 V                       ; 4.49e-09 V                   ; 2.38 V              ; -0.00552 V          ; 0.096 V                              ; 0.019 V                              ; 4.18e-10 s                  ; 3.59e-10 s                  ; No                         ; Yes                        ; 2.32 V                      ; 4.49e-09 V                  ; 2.38 V             ; -0.00552 V         ; 0.096 V                             ; 0.019 V                             ; 4.18e-10 s                 ; 3.59e-10 s                 ; No                        ; Yes                       ;
; disp6[3]      ; 2.5 V        ; 0 s                 ; 0 s                 ; 2.32 V                       ; 4.49e-09 V                   ; 2.38 V              ; -0.00552 V          ; 0.096 V                              ; 0.019 V                              ; 4.18e-10 s                  ; 3.59e-10 s                  ; No                         ; Yes                        ; 2.32 V                      ; 4.49e-09 V                  ; 2.38 V             ; -0.00552 V         ; 0.096 V                             ; 0.019 V                             ; 4.18e-10 s                 ; 3.59e-10 s                 ; No                        ; Yes                       ;
; disp6[4]      ; 2.5 V        ; 0 s                 ; 0 s                 ; 2.32 V                       ; 4.49e-09 V                   ; 2.38 V              ; -0.00552 V          ; 0.096 V                              ; 0.019 V                              ; 4.18e-10 s                  ; 3.59e-10 s                  ; No                         ; Yes                        ; 2.32 V                      ; 4.49e-09 V                  ; 2.38 V             ; -0.00552 V         ; 0.096 V                             ; 0.019 V                             ; 4.18e-10 s                 ; 3.59e-10 s                 ; No                        ; Yes                       ;
; disp6[5]      ; 2.5 V        ; 0 s                 ; 0 s                 ; 2.32 V                       ; 4.49e-09 V                   ; 2.33 V              ; -0.00467 V          ; 0.226 V                              ; 0.087 V                              ; 2.91e-09 s                  ; 2.74e-09 s                  ; Yes                        ; Yes                        ; 2.32 V                      ; 4.49e-09 V                  ; 2.33 V             ; -0.00467 V         ; 0.226 V                             ; 0.087 V                             ; 2.91e-09 s                 ; 2.74e-09 s                 ; Yes                       ; Yes                       ;
; disp6[6]      ; 2.5 V        ; 0 s                 ; 0 s                 ; 2.32 V                       ; 4.49e-09 V                   ; 2.38 V              ; -0.00552 V          ; 0.096 V                              ; 0.019 V                              ; 4.18e-10 s                  ; 3.59e-10 s                  ; No                         ; Yes                        ; 2.32 V                      ; 4.49e-09 V                  ; 2.38 V             ; -0.00552 V         ; 0.096 V                             ; 0.019 V                             ; 4.18e-10 s                 ; 3.59e-10 s                 ; No                        ; Yes                       ;
; disp7[0]      ; 2.5 V        ; 0 s                 ; 0 s                 ; 2.32 V                       ; 4.49e-09 V                   ; 2.38 V              ; -0.00552 V          ; 0.096 V                              ; 0.019 V                              ; 4.18e-10 s                  ; 3.59e-10 s                  ; No                         ; Yes                        ; 2.32 V                      ; 4.49e-09 V                  ; 2.38 V             ; -0.00552 V         ; 0.096 V                             ; 0.019 V                             ; 4.18e-10 s                 ; 3.59e-10 s                 ; No                        ; Yes                       ;
; disp7[1]      ; 2.5 V        ; 0 s                 ; 0 s                 ; 2.32 V                       ; 4.49e-09 V                   ; 2.38 V              ; -0.00552 V          ; 0.096 V                              ; 0.019 V                              ; 4.18e-10 s                  ; 3.59e-10 s                  ; No                         ; Yes                        ; 2.32 V                      ; 4.49e-09 V                  ; 2.38 V             ; -0.00552 V         ; 0.096 V                             ; 0.019 V                             ; 4.18e-10 s                 ; 3.59e-10 s                 ; No                        ; Yes                       ;
; disp7[2]      ; 2.5 V        ; 0 s                 ; 0 s                 ; 2.32 V                       ; 4.49e-09 V                   ; 2.38 V              ; -0.00552 V          ; 0.096 V                              ; 0.019 V                              ; 4.18e-10 s                  ; 3.59e-10 s                  ; No                         ; Yes                        ; 2.32 V                      ; 4.49e-09 V                  ; 2.38 V             ; -0.00552 V         ; 0.096 V                             ; 0.019 V                             ; 4.18e-10 s                 ; 3.59e-10 s                 ; No                        ; Yes                       ;
; disp7[3]      ; 2.5 V        ; 0 s                 ; 0 s                 ; 2.32 V                       ; 4.49e-09 V                   ; 2.38 V              ; -0.00552 V          ; 0.096 V                              ; 0.019 V                              ; 4.18e-10 s                  ; 3.59e-10 s                  ; No                         ; Yes                        ; 2.32 V                      ; 4.49e-09 V                  ; 2.38 V             ; -0.00552 V         ; 0.096 V                             ; 0.019 V                             ; 4.18e-10 s                 ; 3.59e-10 s                 ; No                        ; Yes                       ;
; disp7[4]      ; 2.5 V        ; 0 s                 ; 0 s                 ; 2.32 V                       ; 4.49e-09 V                   ; 2.38 V              ; -0.00552 V          ; 0.096 V                              ; 0.019 V                              ; 4.18e-10 s                  ; 3.59e-10 s                  ; No                         ; Yes                        ; 2.32 V                      ; 4.49e-09 V                  ; 2.38 V             ; -0.00552 V         ; 0.096 V                             ; 0.019 V                             ; 4.18e-10 s                 ; 3.59e-10 s                 ; No                        ; Yes                       ;
; disp7[5]      ; 2.5 V        ; 0 s                 ; 0 s                 ; 2.32 V                       ; 4.49e-09 V                   ; 2.38 V              ; -0.00552 V          ; 0.096 V                              ; 0.019 V                              ; 4.18e-10 s                  ; 3.59e-10 s                  ; No                         ; Yes                        ; 2.32 V                      ; 4.49e-09 V                  ; 2.38 V             ; -0.00552 V         ; 0.096 V                             ; 0.019 V                             ; 4.18e-10 s                 ; 3.59e-10 s                 ; No                        ; Yes                       ;
; disp7[6]      ; 2.5 V        ; 0 s                 ; 0 s                 ; 2.32 V                       ; 4.49e-09 V                   ; 2.38 V              ; -0.00552 V          ; 0.096 V                              ; 0.019 V                              ; 4.18e-10 s                  ; 3.59e-10 s                  ; No                         ; Yes                        ; 2.32 V                      ; 4.49e-09 V                  ; 2.38 V             ; -0.00552 V         ; 0.096 V                             ; 0.019 V                             ; 4.18e-10 s                 ; 3.59e-10 s                 ; No                        ; Yes                       ;
; ~ALTERA_DCLK~ ; 2.5 V        ; 0 s                 ; 0 s                 ; 2.32 V                       ; 2.67e-09 V                   ; 2.38 V              ; -0.0485 V           ; 0.167 V                              ; 0.096 V                              ; 2.95e-10 s                  ; 2.73e-10 s                  ; Yes                        ; Yes                        ; 2.32 V                      ; 2.67e-09 V                  ; 2.38 V             ; -0.0485 V          ; 0.167 V                             ; 0.096 V                             ; 2.95e-10 s                 ; 2.73e-10 s                 ; Yes                       ; Yes                       ;
; ~ALTERA_nCEO~ ; 2.5 V        ; 0 s                 ; 0 s                 ; 2.32 V                       ; 4.18e-09 V                   ; 2.38 V              ; -0.00483 V          ; 0.152 V                              ; 0.012 V                              ; 4.81e-10 s                  ; 6.29e-10 s                  ; Yes                        ; Yes                        ; 2.32 V                      ; 4.18e-09 V                  ; 2.38 V             ; -0.00483 V         ; 0.152 V                             ; 0.012 V                             ; 4.81e-10 s                 ; 6.29e-10 s                 ; Yes                       ; Yes                       ;
+---------------+--------------+---------------------+---------------------+------------------------------+------------------------------+---------------------+---------------------+--------------------------------------+--------------------------------------+-----------------------------+-----------------------------+----------------------------+----------------------------+-----------------------------+-----------------------------+--------------------+--------------------+-------------------------------------+-------------------------------------+----------------------------+----------------------------+---------------------------+---------------------------+


+--------------------------------------------------------------------------------------------------------------------------------------------------------------------------------------------------------------------------------------------------------------------------------------------------------------------------------------------------------------------------------------------------------------------------------------------------------------------------------------------------------------------------------------------------------------------------------------------------------------------------------------------------------------------------------------------+
; Signal Integrity Metrics (Slow 1200mv 85c Model)                                                                                                                                                                                                                                                                                                                                                                                                                                                                                                                                                                                                                                           ;
+---------------+--------------+---------------------+---------------------+------------------------------+------------------------------+---------------------+---------------------+--------------------------------------+--------------------------------------+-----------------------------+-----------------------------+----------------------------+----------------------------+-----------------------------+-----------------------------+--------------------+--------------------+-------------------------------------+-------------------------------------+----------------------------+----------------------------+---------------------------+---------------------------+
; Pin           ; I/O Standard ; Board Delay on Rise ; Board Delay on Fall ; Steady State Voh at FPGA Pin ; Steady State Vol at FPGA Pin ; Voh Max at FPGA Pin ; Vol Min at FPGA Pin ; Ringback Voltage on Rise at FPGA Pin ; Ringback Voltage on Fall at FPGA Pin ; 10-90 Rise Time at FPGA Pin ; 90-10 Fall Time at FPGA Pin ; Monotonic Rise at FPGA Pin ; Monotonic Fall at FPGA Pin ; Steady State Voh at Far-end ; Steady State Vol at Far-end ; Voh Max at Far-end ; Vol Min at Far-end ; Ringback Voltage on Rise at Far-end ; Ringback Voltage on Fall at Far-end ; 10-90 Rise Time at Far-end ; 90-10 Fall Time at Far-end ; Monotonic Rise at Far-end ; Monotonic Fall at Far-end ;
+---------------+--------------+---------------------+---------------------+------------------------------+------------------------------+---------------------+---------------------+--------------------------------------+--------------------------------------+-----------------------------+-----------------------------+----------------------------+----------------------------+-----------------------------+-----------------------------+--------------------+--------------------+-------------------------------------+-------------------------------------+----------------------------+----------------------------+---------------------------+---------------------------+
; disp0[0]      ; 2.5 V        ; 0 s                 ; 0 s                 ; 2.32 V                       ; 6.92e-07 V                   ; 2.35 V              ; -0.00996 V          ; 0.121 V                              ; 0.03 V                               ; 4.64e-10 s                  ; 4.47e-10 s                  ; Yes                        ; Yes                        ; 2.32 V                      ; 6.92e-07 V                  ; 2.35 V             ; -0.00996 V         ; 0.121 V                             ; 0.03 V                              ; 4.64e-10 s                 ; 4.47e-10 s                 ; Yes                       ; Yes                       ;
; disp0[1]      ; 2.5 V        ; 0 s                 ; 0 s                 ; 2.32 V                       ; 6.92e-07 V                   ; 2.33 V              ; -0.00265 V          ; 0.133 V                              ; 0.056 V                              ; 3.55e-09 s                  ; 3.31e-09 s                  ; Yes                        ; Yes                        ; 2.32 V                      ; 6.92e-07 V                  ; 2.33 V             ; -0.00265 V         ; 0.133 V                             ; 0.056 V                             ; 3.55e-09 s                 ; 3.31e-09 s                 ; Yes                       ; Yes                       ;
; disp0[2]      ; 2.5 V        ; 0 s                 ; 0 s                 ; 2.32 V                       ; 6.92e-07 V                   ; 2.35 V              ; -0.00996 V          ; 0.121 V                              ; 0.03 V                               ; 4.64e-10 s                  ; 4.47e-10 s                  ; Yes                        ; Yes                        ; 2.32 V                      ; 6.92e-07 V                  ; 2.35 V             ; -0.00996 V         ; 0.121 V                             ; 0.03 V                              ; 4.64e-10 s                 ; 4.47e-10 s                 ; Yes                       ; Yes                       ;
; disp0[3]      ; 2.5 V        ; 0 s                 ; 0 s                 ; 2.32 V                       ; 4.67e-07 V                   ; 2.36 V              ; -0.00552 V          ; 0.11 V                               ; 0.007 V                              ; 4.54e-10 s                  ; 4.35e-10 s                  ; Yes                        ; Yes                        ; 2.32 V                      ; 4.67e-07 V                  ; 2.36 V             ; -0.00552 V         ; 0.11 V                              ; 0.007 V                             ; 4.54e-10 s                 ; 4.35e-10 s                 ; Yes                       ; Yes                       ;
; disp0[4]      ; 2.5 V        ; 0 s                 ; 0 s                 ; 2.32 V                       ; 4.67e-07 V                   ; 2.36 V              ; -0.00552 V          ; 0.11 V                               ; 0.007 V                              ; 4.54e-10 s                  ; 4.35e-10 s                  ; Yes                        ; Yes                        ; 2.32 V                      ; 4.67e-07 V                  ; 2.36 V             ; -0.00552 V         ; 0.11 V                              ; 0.007 V                             ; 4.54e-10 s                 ; 4.35e-10 s                 ; Yes                       ; Yes                       ;
; disp0[5]      ; 2.5 V        ; 0 s                 ; 0 s                 ; 2.32 V                       ; 4.67e-07 V                   ; 2.33 V              ; -0.00269 V          ; 0.13 V                               ; 0.055 V                              ; 3.54e-09 s                  ; 3.29e-09 s                  ; Yes                        ; Yes                        ; 2.32 V                      ; 4.67e-07 V                  ; 2.33 V             ; -0.00269 V         ; 0.13 V                              ; 0.055 V                             ; 3.54e-09 s                 ; 3.29e-09 s                 ; Yes                       ; Yes                       ;
; disp0[6]      ; 2.5 V        ; 0 s                 ; 0 s                 ; 2.32 V                       ; 4.67e-07 V                   ; 2.36 V              ; -0.00552 V          ; 0.11 V                               ; 0.007 V                              ; 4.54e-10 s                  ; 4.35e-10 s                  ; Yes                        ; Yes                        ; 2.32 V                      ; 4.67e-07 V                  ; 2.36 V             ; -0.00552 V         ; 0.11 V                              ; 0.007 V                             ; 4.54e-10 s                 ; 4.35e-10 s                 ; Yes                       ; Yes                       ;
; disp1[0]      ; 2.5 V        ; 0 s                 ; 0 s                 ; 2.32 V                       ; 4.67e-07 V                   ; 2.36 V              ; -0.00552 V          ; 0.11 V                               ; 0.007 V                              ; 4.54e-10 s                  ; 4.35e-10 s                  ; Yes                        ; Yes                        ; 2.32 V                      ; 4.67e-07 V                  ; 2.36 V             ; -0.00552 V         ; 0.11 V                              ; 0.007 V                             ; 4.54e-10 s                 ; 4.35e-10 s                 ; Yes                       ; Yes                       ;
; disp1[1]      ; 2.5 V        ; 0 s                 ; 0 s                 ; 2.32 V                       ; 4.67e-07 V                   ; 2.35 V              ; -0.00942 V          ; 0.116 V                              ; 0.033 V                              ; 6.66e-10 s                  ; 6.27e-10 s                  ; Yes                        ; Yes                        ; 2.32 V                      ; 4.67e-07 V                  ; 2.35 V             ; -0.00942 V         ; 0.116 V                             ; 0.033 V                             ; 6.66e-10 s                 ; 6.27e-10 s                 ; Yes                       ; Yes                       ;
; disp1[2]      ; 2.5 V        ; 0 s                 ; 0 s                 ; 2.32 V                       ; 4.67e-07 V                   ; 2.35 V              ; -0.00942 V          ; 0.116 V                              ; 0.033 V                              ; 6.66e-10 s                  ; 6.27e-10 s                  ; Yes                        ; Yes                        ; 2.32 V                      ; 4.67e-07 V                  ; 2.35 V             ; -0.00942 V         ; 0.116 V                             ; 0.033 V                             ; 6.66e-10 s                 ; 6.27e-10 s                 ; Yes                       ; Yes                       ;
; disp1[3]      ; 2.5 V        ; 0 s                 ; 0 s                 ; 2.32 V                       ; 4.67e-07 V                   ; 2.35 V              ; -0.00942 V          ; 0.116 V                              ; 0.033 V                              ; 6.66e-10 s                  ; 6.27e-10 s                  ; Yes                        ; Yes                        ; 2.32 V                      ; 4.67e-07 V                  ; 2.35 V             ; -0.00942 V         ; 0.116 V                             ; 0.033 V                             ; 6.66e-10 s                 ; 6.27e-10 s                 ; Yes                       ; Yes                       ;
; disp1[4]      ; 2.5 V        ; 0 s                 ; 0 s                 ; 2.32 V                       ; 4.67e-07 V                   ; 2.35 V              ; -0.00942 V          ; 0.116 V                              ; 0.033 V                              ; 6.66e-10 s                  ; 6.27e-10 s                  ; Yes                        ; Yes                        ; 2.32 V                      ; 4.67e-07 V                  ; 2.35 V             ; -0.00942 V         ; 0.116 V                             ; 0.033 V                             ; 6.66e-10 s                 ; 6.27e-10 s                 ; Yes                       ; Yes                       ;
; disp1[5]      ; 2.5 V        ; 0 s                 ; 0 s                 ; 2.32 V                       ; 4.67e-07 V                   ; 2.33 V              ; -0.00269 V          ; 0.13 V                               ; 0.055 V                              ; 3.54e-09 s                  ; 3.29e-09 s                  ; Yes                        ; Yes                        ; 2.32 V                      ; 4.67e-07 V                  ; 2.33 V             ; -0.00269 V         ; 0.13 V                              ; 0.055 V                             ; 3.54e-09 s                 ; 3.29e-09 s                 ; Yes                       ; Yes                       ;
; disp1[6]      ; 2.5 V        ; 0 s                 ; 0 s                 ; 2.32 V                       ; 4.67e-07 V                   ; 2.33 V              ; -0.00269 V          ; 0.13 V                               ; 0.055 V                              ; 3.54e-09 s                  ; 3.29e-09 s                  ; Yes                        ; Yes                        ; 2.32 V                      ; 4.67e-07 V                  ; 2.33 V             ; -0.00269 V         ; 0.13 V                              ; 0.055 V                             ; 3.54e-09 s                 ; 3.29e-09 s                 ; Yes                       ; Yes                       ;
; disp2[0]      ; 2.5 V        ; 0 s                 ; 0 s                 ; 2.32 V                       ; 4.67e-07 V                   ; 2.35 V              ; -0.00942 V          ; 0.116 V                              ; 0.033 V                              ; 6.66e-10 s                  ; 6.27e-10 s                  ; Yes                        ; Yes                        ; 2.32 V                      ; 4.67e-07 V                  ; 2.35 V             ; -0.00942 V         ; 0.116 V                             ; 0.033 V                             ; 6.66e-10 s                 ; 6.27e-10 s                 ; Yes                       ; Yes                       ;
; disp2[1]      ; 2.5 V        ; 0 s                 ; 0 s                 ; 2.32 V                       ; 4.67e-07 V                   ; 2.35 V              ; -0.00942 V          ; 0.116 V                              ; 0.033 V                              ; 6.66e-10 s                  ; 6.27e-10 s                  ; Yes                        ; Yes                        ; 2.32 V                      ; 4.67e-07 V                  ; 2.35 V             ; -0.00942 V         ; 0.116 V                             ; 0.033 V                             ; 6.66e-10 s                 ; 6.27e-10 s                 ; Yes                       ; Yes                       ;
; disp2[2]      ; 2.5 V        ; 0 s                 ; 0 s                 ; 2.32 V                       ; 4.67e-07 V                   ; 2.35 V              ; -0.00942 V          ; 0.116 V                              ; 0.033 V                              ; 6.66e-10 s                  ; 6.27e-10 s                  ; Yes                        ; Yes                        ; 2.32 V                      ; 4.67e-07 V                  ; 2.35 V             ; -0.00942 V         ; 0.116 V                             ; 0.033 V                             ; 6.66e-10 s                 ; 6.27e-10 s                 ; Yes                       ; Yes                       ;
; disp2[3]      ; 2.5 V        ; 0 s                 ; 0 s                 ; 2.32 V                       ; 4.67e-07 V                   ; 2.35 V              ; -0.00942 V          ; 0.116 V                              ; 0.033 V                              ; 6.66e-10 s                  ; 6.27e-10 s                  ; Yes                        ; Yes                        ; 2.32 V                      ; 4.67e-07 V                  ; 2.35 V             ; -0.00942 V         ; 0.116 V                             ; 0.033 V                             ; 6.66e-10 s                 ; 6.27e-10 s                 ; Yes                       ; Yes                       ;
; disp2[4]      ; 2.5 V        ; 0 s                 ; 0 s                 ; 2.32 V                       ; 4.67e-07 V                   ; 2.35 V              ; -0.00942 V          ; 0.116 V                              ; 0.033 V                              ; 6.66e-10 s                  ; 6.27e-10 s                  ; Yes                        ; Yes                        ; 2.32 V                      ; 4.67e-07 V                  ; 2.35 V             ; -0.00942 V         ; 0.116 V                             ; 0.033 V                             ; 6.66e-10 s                 ; 6.27e-10 s                 ; Yes                       ; Yes                       ;
; disp2[5]      ; 2.5 V        ; 0 s                 ; 0 s                 ; 2.32 V                       ; 4.67e-07 V                   ; 2.35 V              ; -0.00942 V          ; 0.116 V                              ; 0.033 V                              ; 6.66e-10 s                  ; 6.27e-10 s                  ; Yes                        ; Yes                        ; 2.32 V                      ; 4.67e-07 V                  ; 2.35 V             ; -0.00942 V         ; 0.116 V                             ; 0.033 V                             ; 6.66e-10 s                 ; 6.27e-10 s                 ; Yes                       ; Yes                       ;
; disp2[6]      ; 2.5 V        ; 0 s                 ; 0 s                 ; 2.32 V                       ; 4.67e-07 V                   ; 2.35 V              ; -0.00942 V          ; 0.116 V                              ; 0.033 V                              ; 6.66e-10 s                  ; 6.27e-10 s                  ; Yes                        ; Yes                        ; 2.32 V                      ; 4.67e-07 V                  ; 2.35 V             ; -0.00942 V         ; 0.116 V                             ; 0.033 V                             ; 6.66e-10 s                 ; 6.27e-10 s                 ; Yes                       ; Yes                       ;
; disp3[0]      ; 2.5 V        ; 0 s                 ; 0 s                 ; 2.32 V                       ; 4.67e-07 V                   ; 2.35 V              ; -0.00942 V          ; 0.116 V                              ; 0.033 V                              ; 6.66e-10 s                  ; 6.27e-10 s                  ; Yes                        ; Yes                        ; 2.32 V                      ; 4.67e-07 V                  ; 2.35 V             ; -0.00942 V         ; 0.116 V                             ; 0.033 V                             ; 6.66e-10 s                 ; 6.27e-10 s                 ; Yes                       ; Yes                       ;
; disp3[1]      ; 2.5 V        ; 0 s                 ; 0 s                 ; 2.32 V                       ; 4.67e-07 V                   ; 2.36 V              ; -0.00552 V          ; 0.11 V                               ; 0.007 V                              ; 4.54e-10 s                  ; 4.35e-10 s                  ; Yes                        ; Yes                        ; 2.32 V                      ; 4.67e-07 V                  ; 2.36 V             ; -0.00552 V         ; 0.11 V                              ; 0.007 V                             ; 4.54e-10 s                 ; 4.35e-10 s                 ; Yes                       ; Yes                       ;
; disp3[2]      ; 2.5 V        ; 0 s                 ; 0 s                 ; 2.32 V                       ; 6.92e-07 V                   ; 2.33 V              ; -0.00265 V          ; 0.133 V                              ; 0.056 V                              ; 3.55e-09 s                  ; 3.31e-09 s                  ; Yes                        ; Yes                        ; 2.32 V                      ; 6.92e-07 V                  ; 2.33 V             ; -0.00265 V         ; 0.133 V                             ; 0.056 V                             ; 3.55e-09 s                 ; 3.31e-09 s                 ; Yes                       ; Yes                       ;
; disp3[3]      ; 2.5 V        ; 0 s                 ; 0 s                 ; 2.32 V                       ; 6.92e-07 V                   ; 2.35 V              ; -0.00996 V          ; 0.121 V                              ; 0.03 V                               ; 4.64e-10 s                  ; 4.47e-10 s                  ; Yes                        ; Yes                        ; 2.32 V                      ; 6.92e-07 V                  ; 2.35 V             ; -0.00996 V         ; 0.121 V                             ; 0.03 V                              ; 4.64e-10 s                 ; 4.47e-10 s                 ; Yes                       ; Yes                       ;
; disp3[4]      ; 2.5 V        ; 0 s                 ; 0 s                 ; 2.32 V                       ; 6.92e-07 V                   ; 2.35 V              ; -0.00996 V          ; 0.121 V                              ; 0.03 V                               ; 4.64e-10 s                  ; 4.47e-10 s                  ; Yes                        ; Yes                        ; 2.32 V                      ; 6.92e-07 V                  ; 2.35 V             ; -0.00996 V         ; 0.121 V                             ; 0.03 V                              ; 4.64e-10 s                 ; 4.47e-10 s                 ; Yes                       ; Yes                       ;
; disp3[5]      ; 2.5 V        ; 0 s                 ; 0 s                 ; 2.32 V                       ; 6.92e-07 V                   ; 2.35 V              ; -0.00996 V          ; 0.121 V                              ; 0.03 V                               ; 4.64e-10 s                  ; 4.47e-10 s                  ; Yes                        ; Yes                        ; 2.32 V                      ; 6.92e-07 V                  ; 2.35 V             ; -0.00996 V         ; 0.121 V                             ; 0.03 V                              ; 4.64e-10 s                 ; 4.47e-10 s                 ; Yes                       ; Yes                       ;
; disp3[6]      ; 2.5 V        ; 0 s                 ; 0 s                 ; 2.32 V                       ; 6.92e-07 V                   ; 2.35 V              ; -0.00996 V          ; 0.121 V                              ; 0.03 V                               ; 4.64e-10 s                  ; 4.47e-10 s                  ; Yes                        ; Yes                        ; 2.32 V                      ; 6.92e-07 V                  ; 2.35 V             ; -0.00996 V         ; 0.121 V                             ; 0.03 V                              ; 4.64e-10 s                 ; 4.47e-10 s                 ; Yes                       ; Yes                       ;
; disp4[0]      ; 2.5 V        ; 0 s                 ; 0 s                 ; 2.32 V                       ; 6.92e-07 V                   ; 2.35 V              ; -0.00996 V          ; 0.121 V                              ; 0.03 V                               ; 4.64e-10 s                  ; 4.47e-10 s                  ; Yes                        ; Yes                        ; 2.32 V                      ; 6.92e-07 V                  ; 2.35 V             ; -0.00996 V         ; 0.121 V                             ; 0.03 V                              ; 4.64e-10 s                 ; 4.47e-10 s                 ; Yes                       ; Yes                       ;
; disp4[1]      ; 2.5 V        ; 0 s                 ; 0 s                 ; 2.32 V                       ; 6.92e-07 V                   ; 2.35 V              ; -0.00996 V          ; 0.121 V                              ; 0.03 V                               ; 4.64e-10 s                  ; 4.47e-10 s                  ; Yes                        ; Yes                        ; 2.32 V                      ; 6.92e-07 V                  ; 2.35 V             ; -0.00996 V         ; 0.121 V                             ; 0.03 V                              ; 4.64e-10 s                 ; 4.47e-10 s                 ; Yes                       ; Yes                       ;
; disp4[2]      ; 2.5 V        ; 0 s                 ; 0 s                 ; 2.32 V                       ; 6.92e-07 V                   ; 2.35 V              ; -0.00996 V          ; 0.121 V                              ; 0.03 V                               ; 4.64e-10 s                  ; 4.47e-10 s                  ; Yes                        ; Yes                        ; 2.32 V                      ; 6.92e-07 V                  ; 2.35 V             ; -0.00996 V         ; 0.121 V                             ; 0.03 V                              ; 4.64e-10 s                 ; 4.47e-10 s                 ; Yes                       ; Yes                       ;
; disp4[3]      ; 2.5 V        ; 0 s                 ; 0 s                 ; 2.32 V                       ; 6.92e-07 V                   ; 2.35 V              ; -0.00996 V          ; 0.121 V                              ; 0.03 V                               ; 4.64e-10 s                  ; 4.47e-10 s                  ; Yes                        ; Yes                        ; 2.32 V                      ; 6.92e-07 V                  ; 2.35 V             ; -0.00996 V         ; 0.121 V                             ; 0.03 V                              ; 4.64e-10 s                 ; 4.47e-10 s                 ; Yes                       ; Yes                       ;
; disp4[4]      ; 2.5 V        ; 0 s                 ; 0 s                 ; 2.32 V                       ; 6.92e-07 V                   ; 2.35 V              ; -0.00996 V          ; 0.121 V                              ; 0.03 V                               ; 4.64e-10 s                  ; 4.47e-10 s                  ; Yes                        ; Yes                        ; 2.32 V                      ; 6.92e-07 V                  ; 2.35 V             ; -0.00996 V         ; 0.121 V                             ; 0.03 V                              ; 4.64e-10 s                 ; 4.47e-10 s                 ; Yes                       ; Yes                       ;
; disp4[5]      ; 2.5 V        ; 0 s                 ; 0 s                 ; 2.32 V                       ; 6.92e-07 V                   ; 2.35 V              ; -0.00996 V          ; 0.121 V                              ; 0.03 V                               ; 4.64e-10 s                  ; 4.47e-10 s                  ; Yes                        ; Yes                        ; 2.32 V                      ; 6.92e-07 V                  ; 2.35 V             ; -0.00996 V         ; 0.121 V                             ; 0.03 V                              ; 4.64e-10 s                 ; 4.47e-10 s                 ; Yes                       ; Yes                       ;
; disp4[6]      ; 2.5 V        ; 0 s                 ; 0 s                 ; 2.32 V                       ; 6.92e-07 V                   ; 2.35 V              ; -0.00996 V          ; 0.121 V                              ; 0.03 V                               ; 4.64e-10 s                  ; 4.47e-10 s                  ; Yes                        ; Yes                        ; 2.32 V                      ; 6.92e-07 V                  ; 2.35 V             ; -0.00996 V         ; 0.121 V                             ; 0.03 V                              ; 4.64e-10 s                 ; 4.47e-10 s                 ; Yes                       ; Yes                       ;
; disp5[0]      ; 2.5 V        ; 0 s                 ; 0 s                 ; 2.32 V                       ; 6.92e-07 V                   ; 2.35 V              ; -0.00996 V          ; 0.121 V                              ; 0.03 V                               ; 4.64e-10 s                  ; 4.47e-10 s                  ; Yes                        ; Yes                        ; 2.32 V                      ; 6.92e-07 V                  ; 2.35 V             ; -0.00996 V         ; 0.121 V                             ; 0.03 V                              ; 4.64e-10 s                 ; 4.47e-10 s                 ; Yes                       ; Yes                       ;
; disp5[1]      ; 2.5 V        ; 0 s                 ; 0 s                 ; 2.32 V                       ; 6.92e-07 V                   ; 2.33 V              ; -0.00265 V          ; 0.133 V                              ; 0.056 V                              ; 3.55e-09 s                  ; 3.31e-09 s                  ; Yes                        ; Yes                        ; 2.32 V                      ; 6.92e-07 V                  ; 2.33 V             ; -0.00265 V         ; 0.133 V                             ; 0.056 V                             ; 3.55e-09 s                 ; 3.31e-09 s                 ; Yes                       ; Yes                       ;
; disp5[2]      ; 2.5 V        ; 0 s                 ; 0 s                 ; 2.32 V                       ; 6.92e-07 V                   ; 2.35 V              ; -0.00996 V          ; 0.121 V                              ; 0.03 V                               ; 4.64e-10 s                  ; 4.47e-10 s                  ; Yes                        ; Yes                        ; 2.32 V                      ; 6.92e-07 V                  ; 2.35 V             ; -0.00996 V         ; 0.121 V                             ; 0.03 V                              ; 4.64e-10 s                 ; 4.47e-10 s                 ; Yes                       ; Yes                       ;
; disp5[3]      ; 2.5 V        ; 0 s                 ; 0 s                 ; 2.32 V                       ; 6.92e-07 V                   ; 2.35 V              ; -0.00996 V          ; 0.121 V                              ; 0.03 V                               ; 4.64e-10 s                  ; 4.47e-10 s                  ; Yes                        ; Yes                        ; 2.32 V                      ; 6.92e-07 V                  ; 2.35 V             ; -0.00996 V         ; 0.121 V                             ; 0.03 V                              ; 4.64e-10 s                 ; 4.47e-10 s                 ; Yes                       ; Yes                       ;
; disp5[4]      ; 2.5 V        ; 0 s                 ; 0 s                 ; 2.32 V                       ; 6.92e-07 V                   ; 2.35 V              ; -0.00996 V          ; 0.121 V                              ; 0.03 V                               ; 4.64e-10 s                  ; 4.47e-10 s                  ; Yes                        ; Yes                        ; 2.32 V                      ; 6.92e-07 V                  ; 2.35 V             ; -0.00996 V         ; 0.121 V                             ; 0.03 V                              ; 4.64e-10 s                 ; 4.47e-10 s                 ; Yes                       ; Yes                       ;
; disp5[5]      ; 2.5 V        ; 0 s                 ; 0 s                 ; 2.32 V                       ; 6.92e-07 V                   ; 2.35 V              ; -0.00996 V          ; 0.121 V                              ; 0.03 V                               ; 4.64e-10 s                  ; 4.47e-10 s                  ; Yes                        ; Yes                        ; 2.32 V                      ; 6.92e-07 V                  ; 2.35 V             ; -0.00996 V         ; 0.121 V                             ; 0.03 V                              ; 4.64e-10 s                 ; 4.47e-10 s                 ; Yes                       ; Yes                       ;
; disp5[6]      ; 2.5 V        ; 0 s                 ; 0 s                 ; 2.32 V                       ; 6.92e-07 V                   ; 2.35 V              ; -0.00996 V          ; 0.121 V                              ; 0.03 V                               ; 4.64e-10 s                  ; 4.47e-10 s                  ; Yes                        ; Yes                        ; 2.32 V                      ; 6.92e-07 V                  ; 2.35 V             ; -0.00996 V         ; 0.121 V                             ; 0.03 V                              ; 4.64e-10 s                 ; 4.47e-10 s                 ; Yes                       ; Yes                       ;
; disp6[0]      ; 2.5 V        ; 0 s                 ; 0 s                 ; 2.32 V                       ; 6.92e-07 V                   ; 2.35 V              ; -0.00996 V          ; 0.121 V                              ; 0.03 V                               ; 4.64e-10 s                  ; 4.47e-10 s                  ; Yes                        ; Yes                        ; 2.32 V                      ; 6.92e-07 V                  ; 2.35 V             ; -0.00996 V         ; 0.121 V                             ; 0.03 V                              ; 4.64e-10 s                 ; 4.47e-10 s                 ; Yes                       ; Yes                       ;
; disp6[1]      ; 2.5 V        ; 0 s                 ; 0 s                 ; 2.32 V                       ; 6.92e-07 V                   ; 2.35 V              ; -0.00996 V          ; 0.121 V                              ; 0.03 V                               ; 4.64e-10 s                  ; 4.47e-10 s                  ; Yes                        ; Yes                        ; 2.32 V                      ; 6.92e-07 V                  ; 2.35 V             ; -0.00996 V         ; 0.121 V                             ; 0.03 V                              ; 4.64e-10 s                 ; 4.47e-10 s                 ; Yes                       ; Yes                       ;
; disp6[2]      ; 2.5 V        ; 0 s                 ; 0 s                 ; 2.32 V                       ; 6.92e-07 V                   ; 2.35 V              ; -0.00996 V          ; 0.121 V                              ; 0.03 V                               ; 4.64e-10 s                  ; 4.47e-10 s                  ; Yes                        ; Yes                        ; 2.32 V                      ; 6.92e-07 V                  ; 2.35 V             ; -0.00996 V         ; 0.121 V                             ; 0.03 V                              ; 4.64e-10 s                 ; 4.47e-10 s                 ; Yes                       ; Yes                       ;
; disp6[3]      ; 2.5 V        ; 0 s                 ; 0 s                 ; 2.32 V                       ; 6.92e-07 V                   ; 2.35 V              ; -0.00996 V          ; 0.121 V                              ; 0.03 V                               ; 4.64e-10 s                  ; 4.47e-10 s                  ; Yes                        ; Yes                        ; 2.32 V                      ; 6.92e-07 V                  ; 2.35 V             ; -0.00996 V         ; 0.121 V                             ; 0.03 V                              ; 4.64e-10 s                 ; 4.47e-10 s                 ; Yes                       ; Yes                       ;
; disp6[4]      ; 2.5 V        ; 0 s                 ; 0 s                 ; 2.32 V                       ; 6.92e-07 V                   ; 2.35 V              ; -0.00996 V          ; 0.121 V                              ; 0.03 V                               ; 4.64e-10 s                  ; 4.47e-10 s                  ; Yes                        ; Yes                        ; 2.32 V                      ; 6.92e-07 V                  ; 2.35 V             ; -0.00996 V         ; 0.121 V                             ; 0.03 V                              ; 4.64e-10 s                 ; 4.47e-10 s                 ; Yes                       ; Yes                       ;
; disp6[5]      ; 2.5 V        ; 0 s                 ; 0 s                 ; 2.32 V                       ; 6.92e-07 V                   ; 2.33 V              ; -0.00265 V          ; 0.133 V                              ; 0.056 V                              ; 3.55e-09 s                  ; 3.31e-09 s                  ; Yes                        ; Yes                        ; 2.32 V                      ; 6.92e-07 V                  ; 2.33 V             ; -0.00265 V         ; 0.133 V                             ; 0.056 V                             ; 3.55e-09 s                 ; 3.31e-09 s                 ; Yes                       ; Yes                       ;
; disp6[6]      ; 2.5 V        ; 0 s                 ; 0 s                 ; 2.32 V                       ; 6.92e-07 V                   ; 2.35 V              ; -0.00996 V          ; 0.121 V                              ; 0.03 V                               ; 4.64e-10 s                  ; 4.47e-10 s                  ; Yes                        ; Yes                        ; 2.32 V                      ; 6.92e-07 V                  ; 2.35 V             ; -0.00996 V         ; 0.121 V                             ; 0.03 V                              ; 4.64e-10 s                 ; 4.47e-10 s                 ; Yes                       ; Yes                       ;
; disp7[0]      ; 2.5 V        ; 0 s                 ; 0 s                 ; 2.32 V                       ; 6.92e-07 V                   ; 2.35 V              ; -0.00996 V          ; 0.121 V                              ; 0.03 V                               ; 4.64e-10 s                  ; 4.47e-10 s                  ; Yes                        ; Yes                        ; 2.32 V                      ; 6.92e-07 V                  ; 2.35 V             ; -0.00996 V         ; 0.121 V                             ; 0.03 V                              ; 4.64e-10 s                 ; 4.47e-10 s                 ; Yes                       ; Yes                       ;
; disp7[1]      ; 2.5 V        ; 0 s                 ; 0 s                 ; 2.32 V                       ; 6.92e-07 V                   ; 2.35 V              ; -0.00996 V          ; 0.121 V                              ; 0.03 V                               ; 4.64e-10 s                  ; 4.47e-10 s                  ; Yes                        ; Yes                        ; 2.32 V                      ; 6.92e-07 V                  ; 2.35 V             ; -0.00996 V         ; 0.121 V                             ; 0.03 V                              ; 4.64e-10 s                 ; 4.47e-10 s                 ; Yes                       ; Yes                       ;
; disp7[2]      ; 2.5 V        ; 0 s                 ; 0 s                 ; 2.32 V                       ; 6.92e-07 V                   ; 2.35 V              ; -0.00996 V          ; 0.121 V                              ; 0.03 V                               ; 4.64e-10 s                  ; 4.47e-10 s                  ; Yes                        ; Yes                        ; 2.32 V                      ; 6.92e-07 V                  ; 2.35 V             ; -0.00996 V         ; 0.121 V                             ; 0.03 V                              ; 4.64e-10 s                 ; 4.47e-10 s                 ; Yes                       ; Yes                       ;
; disp7[3]      ; 2.5 V        ; 0 s                 ; 0 s                 ; 2.32 V                       ; 6.92e-07 V                   ; 2.35 V              ; -0.00996 V          ; 0.121 V                              ; 0.03 V                               ; 4.64e-10 s                  ; 4.47e-10 s                  ; Yes                        ; Yes                        ; 2.32 V                      ; 6.92e-07 V                  ; 2.35 V             ; -0.00996 V         ; 0.121 V                             ; 0.03 V                              ; 4.64e-10 s                 ; 4.47e-10 s                 ; Yes                       ; Yes                       ;
; disp7[4]      ; 2.5 V        ; 0 s                 ; 0 s                 ; 2.32 V                       ; 6.92e-07 V                   ; 2.35 V              ; -0.00996 V          ; 0.121 V                              ; 0.03 V                               ; 4.64e-10 s                  ; 4.47e-10 s                  ; Yes                        ; Yes                        ; 2.32 V                      ; 6.92e-07 V                  ; 2.35 V             ; -0.00996 V         ; 0.121 V                             ; 0.03 V                              ; 4.64e-10 s                 ; 4.47e-10 s                 ; Yes                       ; Yes                       ;
; disp7[5]      ; 2.5 V        ; 0 s                 ; 0 s                 ; 2.32 V                       ; 6.92e-07 V                   ; 2.35 V              ; -0.00996 V          ; 0.121 V                              ; 0.03 V                               ; 4.64e-10 s                  ; 4.47e-10 s                  ; Yes                        ; Yes                        ; 2.32 V                      ; 6.92e-07 V                  ; 2.35 V             ; -0.00996 V         ; 0.121 V                             ; 0.03 V                              ; 4.64e-10 s                 ; 4.47e-10 s                 ; Yes                       ; Yes                       ;
; disp7[6]      ; 2.5 V        ; 0 s                 ; 0 s                 ; 2.32 V                       ; 6.92e-07 V                   ; 2.35 V              ; -0.00996 V          ; 0.121 V                              ; 0.03 V                               ; 4.64e-10 s                  ; 4.47e-10 s                  ; Yes                        ; Yes                        ; 2.32 V                      ; 6.92e-07 V                  ; 2.35 V             ; -0.00996 V         ; 0.121 V                             ; 0.03 V                              ; 4.64e-10 s                 ; 4.47e-10 s                 ; Yes                       ; Yes                       ;
; ~ALTERA_DCLK~ ; 2.5 V        ; 0 s                 ; 0 s                 ; 2.32 V                       ; 3.75e-07 V                   ; 2.35 V              ; -0.0109 V           ; 0.084 V                              ; 0.027 V                              ; 4.31e-10 s                  ; 3.61e-10 s                  ; Yes                        ; Yes                        ; 2.32 V                      ; 3.75e-07 V                  ; 2.35 V             ; -0.0109 V          ; 0.084 V                             ; 0.027 V                             ; 4.31e-10 s                 ; 3.61e-10 s                 ; Yes                       ; Yes                       ;
; ~ALTERA_nCEO~ ; 2.5 V        ; 0 s                 ; 0 s                 ; 2.32 V                       ; 6.15e-07 V                   ; 2.35 V              ; -0.00712 V          ; 0.093 V                              ; 0.02 V                               ; 6.21e-10 s                  ; 7.9e-10 s                   ; Yes                        ; Yes                        ; 2.32 V                      ; 6.15e-07 V                  ; 2.35 V             ; -0.00712 V         ; 0.093 V                             ; 0.02 V                              ; 6.21e-10 s                 ; 7.9e-10 s                  ; Yes                       ; Yes                       ;
+---------------+--------------+---------------------+---------------------+------------------------------+------------------------------+---------------------+---------------------+--------------------------------------+--------------------------------------+-----------------------------+-----------------------------+----------------------------+----------------------------+-----------------------------+-----------------------------+--------------------+--------------------+-------------------------------------+-------------------------------------+----------------------------+----------------------------+---------------------------+---------------------------+


+--------------------------------------------------------------------------------------------------------------------------------------------------------------------------------------------------------------------------------------------------------------------------------------------------------------------------------------------------------------------------------------------------------------------------------------------------------------------------------------------------------------------------------------------------------------------------------------------------------------------------------------------------------------------------------------------+
; Signal Integrity Metrics (Fast 1200mv 0c Model)                                                                                                                                                                                                                                                                                                                                                                                                                                                                                                                                                                                                                                            ;
+---------------+--------------+---------------------+---------------------+------------------------------+------------------------------+---------------------+---------------------+--------------------------------------+--------------------------------------+-----------------------------+-----------------------------+----------------------------+----------------------------+-----------------------------+-----------------------------+--------------------+--------------------+-------------------------------------+-------------------------------------+----------------------------+----------------------------+---------------------------+---------------------------+
; Pin           ; I/O Standard ; Board Delay on Rise ; Board Delay on Fall ; Steady State Voh at FPGA Pin ; Steady State Vol at FPGA Pin ; Voh Max at FPGA Pin ; Vol Min at FPGA Pin ; Ringback Voltage on Rise at FPGA Pin ; Ringback Voltage on Fall at FPGA Pin ; 10-90 Rise Time at FPGA Pin ; 90-10 Fall Time at FPGA Pin ; Monotonic Rise at FPGA Pin ; Monotonic Fall at FPGA Pin ; Steady State Voh at Far-end ; Steady State Vol at Far-end ; Voh Max at Far-end ; Vol Min at Far-end ; Ringback Voltage on Rise at Far-end ; Ringback Voltage on Fall at Far-end ; 10-90 Rise Time at Far-end ; 90-10 Fall Time at Far-end ; Monotonic Rise at Far-end ; Monotonic Fall at Far-end ;
+---------------+--------------+---------------------+---------------------+------------------------------+------------------------------+---------------------+---------------------+--------------------------------------+--------------------------------------+-----------------------------+-----------------------------+----------------------------+----------------------------+-----------------------------+-----------------------------+--------------------+--------------------+-------------------------------------+-------------------------------------+----------------------------+----------------------------+---------------------------+---------------------------+
; disp0[0]      ; 2.5 V        ; 0 s                 ; 0 s                 ; 2.62 V                       ; 4.05e-08 V                   ; 2.72 V              ; -0.0349 V           ; 0.173 V                              ; 0.1 V                                ; 2.72e-10 s                  ; 2.69e-10 s                  ; Yes                        ; Yes                        ; 2.62 V                      ; 4.05e-08 V                  ; 2.72 V             ; -0.0349 V          ; 0.173 V                             ; 0.1 V                               ; 2.72e-10 s                 ; 2.69e-10 s                 ; Yes                       ; Yes                       ;
; disp0[1]      ; 2.5 V        ; 0 s                 ; 0 s                 ; 2.62 V                       ; 4.05e-08 V                   ; 2.64 V              ; -0.0113 V           ; 0.208 V                              ; 0.179 V                              ; 2.38e-09 s                  ; 2.23e-09 s                  ; No                         ; Yes                        ; 2.62 V                      ; 4.05e-08 V                  ; 2.64 V             ; -0.0113 V          ; 0.208 V                             ; 0.179 V                             ; 2.38e-09 s                 ; 2.23e-09 s                 ; No                        ; Yes                       ;
; disp0[2]      ; 2.5 V        ; 0 s                 ; 0 s                 ; 2.62 V                       ; 4.05e-08 V                   ; 2.72 V              ; -0.0349 V           ; 0.173 V                              ; 0.1 V                                ; 2.72e-10 s                  ; 2.69e-10 s                  ; Yes                        ; Yes                        ; 2.62 V                      ; 4.05e-08 V                  ; 2.72 V             ; -0.0349 V          ; 0.173 V                             ; 0.1 V                               ; 2.72e-10 s                 ; 2.69e-10 s                 ; Yes                       ; Yes                       ;
; disp0[3]      ; 2.5 V        ; 0 s                 ; 0 s                 ; 2.62 V                       ; 2.74e-08 V                   ; 2.73 V              ; -0.0384 V           ; 0.169 V                              ; 0.089 V                              ; 2.7e-10 s                   ; 2.62e-10 s                  ; Yes                        ; Yes                        ; 2.62 V                      ; 2.74e-08 V                  ; 2.73 V             ; -0.0384 V          ; 0.169 V                             ; 0.089 V                             ; 2.7e-10 s                  ; 2.62e-10 s                 ; Yes                       ; Yes                       ;
; disp0[4]      ; 2.5 V        ; 0 s                 ; 0 s                 ; 2.62 V                       ; 2.74e-08 V                   ; 2.73 V              ; -0.0384 V           ; 0.169 V                              ; 0.089 V                              ; 2.7e-10 s                   ; 2.62e-10 s                  ; Yes                        ; Yes                        ; 2.62 V                      ; 2.74e-08 V                  ; 2.73 V             ; -0.0384 V          ; 0.169 V                             ; 0.089 V                             ; 2.7e-10 s                  ; 2.62e-10 s                 ; Yes                       ; Yes                       ;
; disp0[5]      ; 2.5 V        ; 0 s                 ; 0 s                 ; 2.62 V                       ; 2.74e-08 V                   ; 2.64 V              ; -0.0117 V           ; 0.202 V                              ; 0.176 V                              ; 2.38e-09 s                  ; 2.22e-09 s                  ; No                         ; Yes                        ; 2.62 V                      ; 2.74e-08 V                  ; 2.64 V             ; -0.0117 V          ; 0.202 V                             ; 0.176 V                             ; 2.38e-09 s                 ; 2.22e-09 s                 ; No                        ; Yes                       ;
; disp0[6]      ; 2.5 V        ; 0 s                 ; 0 s                 ; 2.62 V                       ; 2.74e-08 V                   ; 2.73 V              ; -0.0384 V           ; 0.169 V                              ; 0.089 V                              ; 2.7e-10 s                   ; 2.62e-10 s                  ; Yes                        ; Yes                        ; 2.62 V                      ; 2.74e-08 V                  ; 2.73 V             ; -0.0384 V          ; 0.169 V                             ; 0.089 V                             ; 2.7e-10 s                  ; 2.62e-10 s                 ; Yes                       ; Yes                       ;
; disp1[0]      ; 2.5 V        ; 0 s                 ; 0 s                 ; 2.62 V                       ; 2.74e-08 V                   ; 2.73 V              ; -0.0384 V           ; 0.169 V                              ; 0.089 V                              ; 2.7e-10 s                   ; 2.62e-10 s                  ; Yes                        ; Yes                        ; 2.62 V                      ; 2.74e-08 V                  ; 2.73 V             ; -0.0384 V          ; 0.169 V                             ; 0.089 V                             ; 2.7e-10 s                  ; 2.62e-10 s                 ; Yes                       ; Yes                       ;
; disp1[1]      ; 2.5 V        ; 0 s                 ; 0 s                 ; 2.62 V                       ; 2.74e-08 V                   ; 2.71 V              ; -0.0317 V           ; 0.148 V                              ; 0.064 V                              ; 4.51e-10 s                  ; 4.15e-10 s                  ; No                         ; Yes                        ; 2.62 V                      ; 2.74e-08 V                  ; 2.71 V             ; -0.0317 V          ; 0.148 V                             ; 0.064 V                             ; 4.51e-10 s                 ; 4.15e-10 s                 ; No                        ; Yes                       ;
; disp1[2]      ; 2.5 V        ; 0 s                 ; 0 s                 ; 2.62 V                       ; 2.74e-08 V                   ; 2.71 V              ; -0.0317 V           ; 0.148 V                              ; 0.064 V                              ; 4.51e-10 s                  ; 4.15e-10 s                  ; No                         ; Yes                        ; 2.62 V                      ; 2.74e-08 V                  ; 2.71 V             ; -0.0317 V          ; 0.148 V                             ; 0.064 V                             ; 4.51e-10 s                 ; 4.15e-10 s                 ; No                        ; Yes                       ;
; disp1[3]      ; 2.5 V        ; 0 s                 ; 0 s                 ; 2.62 V                       ; 2.74e-08 V                   ; 2.71 V              ; -0.0317 V           ; 0.148 V                              ; 0.064 V                              ; 4.51e-10 s                  ; 4.15e-10 s                  ; No                         ; Yes                        ; 2.62 V                      ; 2.74e-08 V                  ; 2.71 V             ; -0.0317 V          ; 0.148 V                             ; 0.064 V                             ; 4.51e-10 s                 ; 4.15e-10 s                 ; No                        ; Yes                       ;
; disp1[4]      ; 2.5 V        ; 0 s                 ; 0 s                 ; 2.62 V                       ; 2.74e-08 V                   ; 2.71 V              ; -0.0317 V           ; 0.148 V                              ; 0.064 V                              ; 4.51e-10 s                  ; 4.15e-10 s                  ; No                         ; Yes                        ; 2.62 V                      ; 2.74e-08 V                  ; 2.71 V             ; -0.0317 V          ; 0.148 V                             ; 0.064 V                             ; 4.51e-10 s                 ; 4.15e-10 s                 ; No                        ; Yes                       ;
; disp1[5]      ; 2.5 V        ; 0 s                 ; 0 s                 ; 2.62 V                       ; 2.74e-08 V                   ; 2.64 V              ; -0.0117 V           ; 0.202 V                              ; 0.176 V                              ; 2.38e-09 s                  ; 2.22e-09 s                  ; No                         ; Yes                        ; 2.62 V                      ; 2.74e-08 V                  ; 2.64 V             ; -0.0117 V          ; 0.202 V                             ; 0.176 V                             ; 2.38e-09 s                 ; 2.22e-09 s                 ; No                        ; Yes                       ;
; disp1[6]      ; 2.5 V        ; 0 s                 ; 0 s                 ; 2.62 V                       ; 2.74e-08 V                   ; 2.64 V              ; -0.0117 V           ; 0.202 V                              ; 0.176 V                              ; 2.38e-09 s                  ; 2.22e-09 s                  ; No                         ; Yes                        ; 2.62 V                      ; 2.74e-08 V                  ; 2.64 V             ; -0.0117 V          ; 0.202 V                             ; 0.176 V                             ; 2.38e-09 s                 ; 2.22e-09 s                 ; No                        ; Yes                       ;
; disp2[0]      ; 2.5 V        ; 0 s                 ; 0 s                 ; 2.62 V                       ; 2.74e-08 V                   ; 2.71 V              ; -0.0317 V           ; 0.148 V                              ; 0.064 V                              ; 4.51e-10 s                  ; 4.15e-10 s                  ; No                         ; Yes                        ; 2.62 V                      ; 2.74e-08 V                  ; 2.71 V             ; -0.0317 V          ; 0.148 V                             ; 0.064 V                             ; 4.51e-10 s                 ; 4.15e-10 s                 ; No                        ; Yes                       ;
; disp2[1]      ; 2.5 V        ; 0 s                 ; 0 s                 ; 2.62 V                       ; 2.74e-08 V                   ; 2.71 V              ; -0.0317 V           ; 0.148 V                              ; 0.064 V                              ; 4.51e-10 s                  ; 4.15e-10 s                  ; No                         ; Yes                        ; 2.62 V                      ; 2.74e-08 V                  ; 2.71 V             ; -0.0317 V          ; 0.148 V                             ; 0.064 V                             ; 4.51e-10 s                 ; 4.15e-10 s                 ; No                        ; Yes                       ;
; disp2[2]      ; 2.5 V        ; 0 s                 ; 0 s                 ; 2.62 V                       ; 2.74e-08 V                   ; 2.71 V              ; -0.0317 V           ; 0.148 V                              ; 0.064 V                              ; 4.51e-10 s                  ; 4.15e-10 s                  ; No                         ; Yes                        ; 2.62 V                      ; 2.74e-08 V                  ; 2.71 V             ; -0.0317 V          ; 0.148 V                             ; 0.064 V                             ; 4.51e-10 s                 ; 4.15e-10 s                 ; No                        ; Yes                       ;
; disp2[3]      ; 2.5 V        ; 0 s                 ; 0 s                 ; 2.62 V                       ; 2.74e-08 V                   ; 2.71 V              ; -0.0317 V           ; 0.148 V                              ; 0.064 V                              ; 4.51e-10 s                  ; 4.15e-10 s                  ; No                         ; Yes                        ; 2.62 V                      ; 2.74e-08 V                  ; 2.71 V             ; -0.0317 V          ; 0.148 V                             ; 0.064 V                             ; 4.51e-10 s                 ; 4.15e-10 s                 ; No                        ; Yes                       ;
; disp2[4]      ; 2.5 V        ; 0 s                 ; 0 s                 ; 2.62 V                       ; 2.74e-08 V                   ; 2.71 V              ; -0.0317 V           ; 0.148 V                              ; 0.064 V                              ; 4.51e-10 s                  ; 4.15e-10 s                  ; No                         ; Yes                        ; 2.62 V                      ; 2.74e-08 V                  ; 2.71 V             ; -0.0317 V          ; 0.148 V                             ; 0.064 V                             ; 4.51e-10 s                 ; 4.15e-10 s                 ; No                        ; Yes                       ;
; disp2[5]      ; 2.5 V        ; 0 s                 ; 0 s                 ; 2.62 V                       ; 2.74e-08 V                   ; 2.71 V              ; -0.0317 V           ; 0.148 V                              ; 0.064 V                              ; 4.51e-10 s                  ; 4.15e-10 s                  ; No                         ; Yes                        ; 2.62 V                      ; 2.74e-08 V                  ; 2.71 V             ; -0.0317 V          ; 0.148 V                             ; 0.064 V                             ; 4.51e-10 s                 ; 4.15e-10 s                 ; No                        ; Yes                       ;
; disp2[6]      ; 2.5 V        ; 0 s                 ; 0 s                 ; 2.62 V                       ; 2.74e-08 V                   ; 2.71 V              ; -0.0317 V           ; 0.148 V                              ; 0.064 V                              ; 4.51e-10 s                  ; 4.15e-10 s                  ; No                         ; Yes                        ; 2.62 V                      ; 2.74e-08 V                  ; 2.71 V             ; -0.0317 V          ; 0.148 V                             ; 0.064 V                             ; 4.51e-10 s                 ; 4.15e-10 s                 ; No                        ; Yes                       ;
; disp3[0]      ; 2.5 V        ; 0 s                 ; 0 s                 ; 2.62 V                       ; 2.74e-08 V                   ; 2.71 V              ; -0.0317 V           ; 0.148 V                              ; 0.064 V                              ; 4.51e-10 s                  ; 4.15e-10 s                  ; No                         ; Yes                        ; 2.62 V                      ; 2.74e-08 V                  ; 2.71 V             ; -0.0317 V          ; 0.148 V                             ; 0.064 V                             ; 4.51e-10 s                 ; 4.15e-10 s                 ; No                        ; Yes                       ;
; disp3[1]      ; 2.5 V        ; 0 s                 ; 0 s                 ; 2.62 V                       ; 2.74e-08 V                   ; 2.73 V              ; -0.0384 V           ; 0.169 V                              ; 0.089 V                              ; 2.7e-10 s                   ; 2.62e-10 s                  ; Yes                        ; Yes                        ; 2.62 V                      ; 2.74e-08 V                  ; 2.73 V             ; -0.0384 V          ; 0.169 V                             ; 0.089 V                             ; 2.7e-10 s                  ; 2.62e-10 s                 ; Yes                       ; Yes                       ;
; disp3[2]      ; 2.5 V        ; 0 s                 ; 0 s                 ; 2.62 V                       ; 4.05e-08 V                   ; 2.64 V              ; -0.0113 V           ; 0.208 V                              ; 0.179 V                              ; 2.38e-09 s                  ; 2.23e-09 s                  ; No                         ; Yes                        ; 2.62 V                      ; 4.05e-08 V                  ; 2.64 V             ; -0.0113 V          ; 0.208 V                             ; 0.179 V                             ; 2.38e-09 s                 ; 2.23e-09 s                 ; No                        ; Yes                       ;
; disp3[3]      ; 2.5 V        ; 0 s                 ; 0 s                 ; 2.62 V                       ; 4.05e-08 V                   ; 2.72 V              ; -0.0349 V           ; 0.173 V                              ; 0.1 V                                ; 2.72e-10 s                  ; 2.69e-10 s                  ; Yes                        ; Yes                        ; 2.62 V                      ; 4.05e-08 V                  ; 2.72 V             ; -0.0349 V          ; 0.173 V                             ; 0.1 V                               ; 2.72e-10 s                 ; 2.69e-10 s                 ; Yes                       ; Yes                       ;
; disp3[4]      ; 2.5 V        ; 0 s                 ; 0 s                 ; 2.62 V                       ; 4.05e-08 V                   ; 2.72 V              ; -0.0349 V           ; 0.173 V                              ; 0.1 V                                ; 2.72e-10 s                  ; 2.69e-10 s                  ; Yes                        ; Yes                        ; 2.62 V                      ; 4.05e-08 V                  ; 2.72 V             ; -0.0349 V          ; 0.173 V                             ; 0.1 V                               ; 2.72e-10 s                 ; 2.69e-10 s                 ; Yes                       ; Yes                       ;
; disp3[5]      ; 2.5 V        ; 0 s                 ; 0 s                 ; 2.62 V                       ; 4.05e-08 V                   ; 2.72 V              ; -0.0349 V           ; 0.173 V                              ; 0.1 V                                ; 2.72e-10 s                  ; 2.69e-10 s                  ; Yes                        ; Yes                        ; 2.62 V                      ; 4.05e-08 V                  ; 2.72 V             ; -0.0349 V          ; 0.173 V                             ; 0.1 V                               ; 2.72e-10 s                 ; 2.69e-10 s                 ; Yes                       ; Yes                       ;
; disp3[6]      ; 2.5 V        ; 0 s                 ; 0 s                 ; 2.62 V                       ; 4.05e-08 V                   ; 2.72 V              ; -0.0349 V           ; 0.173 V                              ; 0.1 V                                ; 2.72e-10 s                  ; 2.69e-10 s                  ; Yes                        ; Yes                        ; 2.62 V                      ; 4.05e-08 V                  ; 2.72 V             ; -0.0349 V          ; 0.173 V                             ; 0.1 V                               ; 2.72e-10 s                 ; 2.69e-10 s                 ; Yes                       ; Yes                       ;
; disp4[0]      ; 2.5 V        ; 0 s                 ; 0 s                 ; 2.62 V                       ; 4.05e-08 V                   ; 2.72 V              ; -0.0349 V           ; 0.173 V                              ; 0.1 V                                ; 2.72e-10 s                  ; 2.69e-10 s                  ; Yes                        ; Yes                        ; 2.62 V                      ; 4.05e-08 V                  ; 2.72 V             ; -0.0349 V          ; 0.173 V                             ; 0.1 V                               ; 2.72e-10 s                 ; 2.69e-10 s                 ; Yes                       ; Yes                       ;
; disp4[1]      ; 2.5 V        ; 0 s                 ; 0 s                 ; 2.62 V                       ; 4.05e-08 V                   ; 2.72 V              ; -0.0349 V           ; 0.173 V                              ; 0.1 V                                ; 2.72e-10 s                  ; 2.69e-10 s                  ; Yes                        ; Yes                        ; 2.62 V                      ; 4.05e-08 V                  ; 2.72 V             ; -0.0349 V          ; 0.173 V                             ; 0.1 V                               ; 2.72e-10 s                 ; 2.69e-10 s                 ; Yes                       ; Yes                       ;
; disp4[2]      ; 2.5 V        ; 0 s                 ; 0 s                 ; 2.62 V                       ; 4.05e-08 V                   ; 2.72 V              ; -0.0349 V           ; 0.173 V                              ; 0.1 V                                ; 2.72e-10 s                  ; 2.69e-10 s                  ; Yes                        ; Yes                        ; 2.62 V                      ; 4.05e-08 V                  ; 2.72 V             ; -0.0349 V          ; 0.173 V                             ; 0.1 V                               ; 2.72e-10 s                 ; 2.69e-10 s                 ; Yes                       ; Yes                       ;
; disp4[3]      ; 2.5 V        ; 0 s                 ; 0 s                 ; 2.62 V                       ; 4.05e-08 V                   ; 2.72 V              ; -0.0349 V           ; 0.173 V                              ; 0.1 V                                ; 2.72e-10 s                  ; 2.69e-10 s                  ; Yes                        ; Yes                        ; 2.62 V                      ; 4.05e-08 V                  ; 2.72 V             ; -0.0349 V          ; 0.173 V                             ; 0.1 V                               ; 2.72e-10 s                 ; 2.69e-10 s                 ; Yes                       ; Yes                       ;
; disp4[4]      ; 2.5 V        ; 0 s                 ; 0 s                 ; 2.62 V                       ; 4.05e-08 V                   ; 2.72 V              ; -0.0349 V           ; 0.173 V                              ; 0.1 V                                ; 2.72e-10 s                  ; 2.69e-10 s                  ; Yes                        ; Yes                        ; 2.62 V                      ; 4.05e-08 V                  ; 2.72 V             ; -0.0349 V          ; 0.173 V                             ; 0.1 V                               ; 2.72e-10 s                 ; 2.69e-10 s                 ; Yes                       ; Yes                       ;
; disp4[5]      ; 2.5 V        ; 0 s                 ; 0 s                 ; 2.62 V                       ; 4.05e-08 V                   ; 2.72 V              ; -0.0349 V           ; 0.173 V                              ; 0.1 V                                ; 2.72e-10 s                  ; 2.69e-10 s                  ; Yes                        ; Yes                        ; 2.62 V                      ; 4.05e-08 V                  ; 2.72 V             ; -0.0349 V          ; 0.173 V                             ; 0.1 V                               ; 2.72e-10 s                 ; 2.69e-10 s                 ; Yes                       ; Yes                       ;
; disp4[6]      ; 2.5 V        ; 0 s                 ; 0 s                 ; 2.62 V                       ; 4.05e-08 V                   ; 2.72 V              ; -0.0349 V           ; 0.173 V                              ; 0.1 V                                ; 2.72e-10 s                  ; 2.69e-10 s                  ; Yes                        ; Yes                        ; 2.62 V                      ; 4.05e-08 V                  ; 2.72 V             ; -0.0349 V          ; 0.173 V                             ; 0.1 V                               ; 2.72e-10 s                 ; 2.69e-10 s                 ; Yes                       ; Yes                       ;
; disp5[0]      ; 2.5 V        ; 0 s                 ; 0 s                 ; 2.62 V                       ; 4.05e-08 V                   ; 2.72 V              ; -0.0349 V           ; 0.173 V                              ; 0.1 V                                ; 2.72e-10 s                  ; 2.69e-10 s                  ; Yes                        ; Yes                        ; 2.62 V                      ; 4.05e-08 V                  ; 2.72 V             ; -0.0349 V          ; 0.173 V                             ; 0.1 V                               ; 2.72e-10 s                 ; 2.69e-10 s                 ; Yes                       ; Yes                       ;
; disp5[1]      ; 2.5 V        ; 0 s                 ; 0 s                 ; 2.62 V                       ; 4.05e-08 V                   ; 2.64 V              ; -0.0113 V           ; 0.208 V                              ; 0.179 V                              ; 2.38e-09 s                  ; 2.23e-09 s                  ; No                         ; Yes                        ; 2.62 V                      ; 4.05e-08 V                  ; 2.64 V             ; -0.0113 V          ; 0.208 V                             ; 0.179 V                             ; 2.38e-09 s                 ; 2.23e-09 s                 ; No                        ; Yes                       ;
; disp5[2]      ; 2.5 V        ; 0 s                 ; 0 s                 ; 2.62 V                       ; 4.05e-08 V                   ; 2.72 V              ; -0.0349 V           ; 0.173 V                              ; 0.1 V                                ; 2.72e-10 s                  ; 2.69e-10 s                  ; Yes                        ; Yes                        ; 2.62 V                      ; 4.05e-08 V                  ; 2.72 V             ; -0.0349 V          ; 0.173 V                             ; 0.1 V                               ; 2.72e-10 s                 ; 2.69e-10 s                 ; Yes                       ; Yes                       ;
; disp5[3]      ; 2.5 V        ; 0 s                 ; 0 s                 ; 2.62 V                       ; 4.05e-08 V                   ; 2.72 V              ; -0.0349 V           ; 0.173 V                              ; 0.1 V                                ; 2.72e-10 s                  ; 2.69e-10 s                  ; Yes                        ; Yes                        ; 2.62 V                      ; 4.05e-08 V                  ; 2.72 V             ; -0.0349 V          ; 0.173 V                             ; 0.1 V                               ; 2.72e-10 s                 ; 2.69e-10 s                 ; Yes                       ; Yes                       ;
; disp5[4]      ; 2.5 V        ; 0 s                 ; 0 s                 ; 2.62 V                       ; 4.05e-08 V                   ; 2.72 V              ; -0.0349 V           ; 0.173 V                              ; 0.1 V                                ; 2.72e-10 s                  ; 2.69e-10 s                  ; Yes                        ; Yes                        ; 2.62 V                      ; 4.05e-08 V                  ; 2.72 V             ; -0.0349 V          ; 0.173 V                             ; 0.1 V                               ; 2.72e-10 s                 ; 2.69e-10 s                 ; Yes                       ; Yes                       ;
; disp5[5]      ; 2.5 V        ; 0 s                 ; 0 s                 ; 2.62 V                       ; 4.05e-08 V                   ; 2.72 V              ; -0.0349 V           ; 0.173 V                              ; 0.1 V                                ; 2.72e-10 s                  ; 2.69e-10 s                  ; Yes                        ; Yes                        ; 2.62 V                      ; 4.05e-08 V                  ; 2.72 V             ; -0.0349 V          ; 0.173 V                             ; 0.1 V                               ; 2.72e-10 s                 ; 2.69e-10 s                 ; Yes                       ; Yes                       ;
; disp5[6]      ; 2.5 V        ; 0 s                 ; 0 s                 ; 2.62 V                       ; 4.05e-08 V                   ; 2.72 V              ; -0.0349 V           ; 0.173 V                              ; 0.1 V                                ; 2.72e-10 s                  ; 2.69e-10 s                  ; Yes                        ; Yes                        ; 2.62 V                      ; 4.05e-08 V                  ; 2.72 V             ; -0.0349 V          ; 0.173 V                             ; 0.1 V                               ; 2.72e-10 s                 ; 2.69e-10 s                 ; Yes                       ; Yes                       ;
; disp6[0]      ; 2.5 V        ; 0 s                 ; 0 s                 ; 2.62 V                       ; 4.05e-08 V                   ; 2.72 V              ; -0.0349 V           ; 0.173 V                              ; 0.1 V                                ; 2.72e-10 s                  ; 2.69e-10 s                  ; Yes                        ; Yes                        ; 2.62 V                      ; 4.05e-08 V                  ; 2.72 V             ; -0.0349 V          ; 0.173 V                             ; 0.1 V                               ; 2.72e-10 s                 ; 2.69e-10 s                 ; Yes                       ; Yes                       ;
; disp6[1]      ; 2.5 V        ; 0 s                 ; 0 s                 ; 2.62 V                       ; 4.05e-08 V                   ; 2.72 V              ; -0.0349 V           ; 0.173 V                              ; 0.1 V                                ; 2.72e-10 s                  ; 2.69e-10 s                  ; Yes                        ; Yes                        ; 2.62 V                      ; 4.05e-08 V                  ; 2.72 V             ; -0.0349 V          ; 0.173 V                             ; 0.1 V                               ; 2.72e-10 s                 ; 2.69e-10 s                 ; Yes                       ; Yes                       ;
; disp6[2]      ; 2.5 V        ; 0 s                 ; 0 s                 ; 2.62 V                       ; 4.05e-08 V                   ; 2.72 V              ; -0.0349 V           ; 0.173 V                              ; 0.1 V                                ; 2.72e-10 s                  ; 2.69e-10 s                  ; Yes                        ; Yes                        ; 2.62 V                      ; 4.05e-08 V                  ; 2.72 V             ; -0.0349 V          ; 0.173 V                             ; 0.1 V                               ; 2.72e-10 s                 ; 2.69e-10 s                 ; Yes                       ; Yes                       ;
; disp6[3]      ; 2.5 V        ; 0 s                 ; 0 s                 ; 2.62 V                       ; 4.05e-08 V                   ; 2.72 V              ; -0.0349 V           ; 0.173 V                              ; 0.1 V                                ; 2.72e-10 s                  ; 2.69e-10 s                  ; Yes                        ; Yes                        ; 2.62 V                      ; 4.05e-08 V                  ; 2.72 V             ; -0.0349 V          ; 0.173 V                             ; 0.1 V                               ; 2.72e-10 s                 ; 2.69e-10 s                 ; Yes                       ; Yes                       ;
; disp6[4]      ; 2.5 V        ; 0 s                 ; 0 s                 ; 2.62 V                       ; 4.05e-08 V                   ; 2.72 V              ; -0.0349 V           ; 0.173 V                              ; 0.1 V                                ; 2.72e-10 s                  ; 2.69e-10 s                  ; Yes                        ; Yes                        ; 2.62 V                      ; 4.05e-08 V                  ; 2.72 V             ; -0.0349 V          ; 0.173 V                             ; 0.1 V                               ; 2.72e-10 s                 ; 2.69e-10 s                 ; Yes                       ; Yes                       ;
; disp6[5]      ; 2.5 V        ; 0 s                 ; 0 s                 ; 2.62 V                       ; 4.05e-08 V                   ; 2.64 V              ; -0.0113 V           ; 0.208 V                              ; 0.179 V                              ; 2.38e-09 s                  ; 2.23e-09 s                  ; No                         ; Yes                        ; 2.62 V                      ; 4.05e-08 V                  ; 2.64 V             ; -0.0113 V          ; 0.208 V                             ; 0.179 V                             ; 2.38e-09 s                 ; 2.23e-09 s                 ; No                        ; Yes                       ;
; disp6[6]      ; 2.5 V        ; 0 s                 ; 0 s                 ; 2.62 V                       ; 4.05e-08 V                   ; 2.72 V              ; -0.0349 V           ; 0.173 V                              ; 0.1 V                                ; 2.72e-10 s                  ; 2.69e-10 s                  ; Yes                        ; Yes                        ; 2.62 V                      ; 4.05e-08 V                  ; 2.72 V             ; -0.0349 V          ; 0.173 V                             ; 0.1 V                               ; 2.72e-10 s                 ; 2.69e-10 s                 ; Yes                       ; Yes                       ;
; disp7[0]      ; 2.5 V        ; 0 s                 ; 0 s                 ; 2.62 V                       ; 4.05e-08 V                   ; 2.72 V              ; -0.0349 V           ; 0.173 V                              ; 0.1 V                                ; 2.72e-10 s                  ; 2.69e-10 s                  ; Yes                        ; Yes                        ; 2.62 V                      ; 4.05e-08 V                  ; 2.72 V             ; -0.0349 V          ; 0.173 V                             ; 0.1 V                               ; 2.72e-10 s                 ; 2.69e-10 s                 ; Yes                       ; Yes                       ;
; disp7[1]      ; 2.5 V        ; 0 s                 ; 0 s                 ; 2.62 V                       ; 4.05e-08 V                   ; 2.72 V              ; -0.0349 V           ; 0.173 V                              ; 0.1 V                                ; 2.72e-10 s                  ; 2.69e-10 s                  ; Yes                        ; Yes                        ; 2.62 V                      ; 4.05e-08 V                  ; 2.72 V             ; -0.0349 V          ; 0.173 V                             ; 0.1 V                               ; 2.72e-10 s                 ; 2.69e-10 s                 ; Yes                       ; Yes                       ;
; disp7[2]      ; 2.5 V        ; 0 s                 ; 0 s                 ; 2.62 V                       ; 4.05e-08 V                   ; 2.72 V              ; -0.0349 V           ; 0.173 V                              ; 0.1 V                                ; 2.72e-10 s                  ; 2.69e-10 s                  ; Yes                        ; Yes                        ; 2.62 V                      ; 4.05e-08 V                  ; 2.72 V             ; -0.0349 V          ; 0.173 V                             ; 0.1 V                               ; 2.72e-10 s                 ; 2.69e-10 s                 ; Yes                       ; Yes                       ;
; disp7[3]      ; 2.5 V        ; 0 s                 ; 0 s                 ; 2.62 V                       ; 4.05e-08 V                   ; 2.72 V              ; -0.0349 V           ; 0.173 V                              ; 0.1 V                                ; 2.72e-10 s                  ; 2.69e-10 s                  ; Yes                        ; Yes                        ; 2.62 V                      ; 4.05e-08 V                  ; 2.72 V             ; -0.0349 V          ; 0.173 V                             ; 0.1 V                               ; 2.72e-10 s                 ; 2.69e-10 s                 ; Yes                       ; Yes                       ;
; disp7[4]      ; 2.5 V        ; 0 s                 ; 0 s                 ; 2.62 V                       ; 4.05e-08 V                   ; 2.72 V              ; -0.0349 V           ; 0.173 V                              ; 0.1 V                                ; 2.72e-10 s                  ; 2.69e-10 s                  ; Yes                        ; Yes                        ; 2.62 V                      ; 4.05e-08 V                  ; 2.72 V             ; -0.0349 V          ; 0.173 V                             ; 0.1 V                               ; 2.72e-10 s                 ; 2.69e-10 s                 ; Yes                       ; Yes                       ;
; disp7[5]      ; 2.5 V        ; 0 s                 ; 0 s                 ; 2.62 V                       ; 4.05e-08 V                   ; 2.72 V              ; -0.0349 V           ; 0.173 V                              ; 0.1 V                                ; 2.72e-10 s                  ; 2.69e-10 s                  ; Yes                        ; Yes                        ; 2.62 V                      ; 4.05e-08 V                  ; 2.72 V             ; -0.0349 V          ; 0.173 V                             ; 0.1 V                               ; 2.72e-10 s                 ; 2.69e-10 s                 ; Yes                       ; Yes                       ;
; disp7[6]      ; 2.5 V        ; 0 s                 ; 0 s                 ; 2.62 V                       ; 4.05e-08 V                   ; 2.72 V              ; -0.0349 V           ; 0.173 V                              ; 0.1 V                                ; 2.72e-10 s                  ; 2.69e-10 s                  ; Yes                        ; Yes                        ; 2.62 V                      ; 4.05e-08 V                  ; 2.72 V             ; -0.0349 V          ; 0.173 V                             ; 0.1 V                               ; 2.72e-10 s                 ; 2.69e-10 s                 ; Yes                       ; Yes                       ;
; ~ALTERA_DCLK~ ; 2.5 V        ; 0 s                 ; 0 s                 ; 2.62 V                       ; 2.22e-08 V                   ; 2.74 V              ; -0.06 V             ; 0.158 V                              ; 0.08 V                               ; 2.68e-10 s                  ; 2.19e-10 s                  ; Yes                        ; Yes                        ; 2.62 V                      ; 2.22e-08 V                  ; 2.74 V             ; -0.06 V            ; 0.158 V                             ; 0.08 V                              ; 2.68e-10 s                 ; 2.19e-10 s                 ; Yes                       ; Yes                       ;
; ~ALTERA_nCEO~ ; 2.5 V        ; 0 s                 ; 0 s                 ; 2.62 V                       ; 3.54e-08 V                   ; 2.7 V               ; -0.00943 V          ; 0.276 V                              ; 0.035 V                              ; 3.19e-10 s                  ; 4.99e-10 s                  ; No                         ; Yes                        ; 2.62 V                      ; 3.54e-08 V                  ; 2.7 V              ; -0.00943 V         ; 0.276 V                             ; 0.035 V                             ; 3.19e-10 s                 ; 4.99e-10 s                 ; No                        ; Yes                       ;
+---------------+--------------+---------------------+---------------------+------------------------------+------------------------------+---------------------+---------------------+--------------------------------------+--------------------------------------+-----------------------------+-----------------------------+----------------------------+----------------------------+-----------------------------+-----------------------------+--------------------+--------------------+-------------------------------------+-------------------------------------+----------------------------+----------------------------+---------------------------+---------------------------+


+---------------------------------------------------------------------------------------------------------------+
; Setup Transfers                                                                                               ;
+--------------------------------+--------------------------------+----------+----------+-----------+-----------+
; From Clock                     ; To Clock                       ; RR Paths ; FR Paths ; RF Paths  ; FF Paths  ;
+--------------------------------+--------------------------------+----------+----------+-----------+-----------+
; clk_i                          ; clk_i                          ; 976      ; 0        ; 0         ; 0         ;
; divisor50mhz:div50_u0|clk1hz_o ; clk_i                          ; 1        ; 1        ; 0         ; 0         ;
; divisor50mhz:div50_u0|clk1hz_o ; divisor50mhz:div50_u0|clk1hz_o ; 0        ; 0        ; 0         ; 423002889 ;
; monociclo:DUT|pc_w[2]          ; divisor50mhz:div50_u0|clk1hz_o ; 0        ; 0        ; 112677961 ; 112677968 ;
; divisor50mhz:div50_u0|clk1hz_o ; monociclo:DUT|pc_w[2]          ; 0        ; 0        ; 0         ; 4         ;
; monociclo:DUT|pc_w[2]          ; monociclo:DUT|pc_w[2]          ; 0        ; 0        ; 1         ; 1         ;
+--------------------------------+--------------------------------+----------+----------+-----------+-----------+
Entries labeled "false path" only account for clock-to-clock false paths and not path-based false paths. As a result, actual path counts may be lower than reported.


+---------------------------------------------------------------------------------------------------------------+
; Hold Transfers                                                                                                ;
+--------------------------------+--------------------------------+----------+----------+-----------+-----------+
; From Clock                     ; To Clock                       ; RR Paths ; FR Paths ; RF Paths  ; FF Paths  ;
+--------------------------------+--------------------------------+----------+----------+-----------+-----------+
; clk_i                          ; clk_i                          ; 976      ; 0        ; 0         ; 0         ;
; divisor50mhz:div50_u0|clk1hz_o ; clk_i                          ; 1        ; 1        ; 0         ; 0         ;
; divisor50mhz:div50_u0|clk1hz_o ; divisor50mhz:div50_u0|clk1hz_o ; 0        ; 0        ; 0         ; 423002889 ;
; monociclo:DUT|pc_w[2]          ; divisor50mhz:div50_u0|clk1hz_o ; 0        ; 0        ; 112677961 ; 112677968 ;
; divisor50mhz:div50_u0|clk1hz_o ; monociclo:DUT|pc_w[2]          ; 0        ; 0        ; 0         ; 4         ;
; monociclo:DUT|pc_w[2]          ; monociclo:DUT|pc_w[2]          ; 0        ; 0        ; 1         ; 1         ;
+--------------------------------+--------------------------------+----------+----------+-----------+-----------+
Entries labeled "false path" only account for clock-to-clock false paths and not path-based false paths. As a result, actual path counts may be lower than reported.


---------------
; Report TCCS ;
---------------
No dedicated SERDES Transmitter circuitry present in device or used in design


---------------
; Report RSKM ;
---------------
No non-DPA dedicated SERDES Receiver circuitry present in device or used in design


+-------------------------------------------------+
; Unconstrained Paths Summary                     ;
+---------------------------------+-------+-------+
; Property                        ; Setup ; Hold  ;
+---------------------------------+-------+-------+
; Illegal Clocks                  ; 0     ; 0     ;
; Unconstrained Clocks            ; 0     ; 0     ;
; Unconstrained Input Ports       ; 1     ; 1     ;
; Unconstrained Input Port Paths  ; 40    ; 40    ;
; Unconstrained Output Ports      ; 56    ; 56    ;
; Unconstrained Output Port Paths ; 25368 ; 25368 ;
+---------------------------------+-------+-------+


+--------------------------------------------------------------------------------------+
; Clock Status Summary                                                                 ;
+--------------------------------+--------------------------------+------+-------------+
; Target                         ; Clock                          ; Type ; Status      ;
+--------------------------------+--------------------------------+------+-------------+
; clk_i                          ; clk_i                          ; Base ; Constrained ;
; divisor50mhz:div50_u0|clk1hz_o ; divisor50mhz:div50_u0|clk1hz_o ; Base ; Constrained ;
; monociclo:DUT|pc_w[2]          ; monociclo:DUT|pc_w[2]          ; Base ; Constrained ;
+--------------------------------+--------------------------------+------+-------------+


+---------------------------------------------------------------------------------------------------+
; Unconstrained Input Ports                                                                         ;
+------------+--------------------------------------------------------------------------------------+
; Input Port ; Comment                                                                              ;
+------------+--------------------------------------------------------------------------------------+
; rst_ni     ; No input delay, min/max delays, false-path exceptions, or max skew assignments found ;
+------------+--------------------------------------------------------------------------------------+


+-----------------------------------------------------------------------------------------------------+
; Unconstrained Output Ports                                                                          ;
+-------------+---------------------------------------------------------------------------------------+
; Output Port ; Comment                                                                               ;
+-------------+---------------------------------------------------------------------------------------+
; disp0[0]    ; No output delay, min/max delays, false-path exceptions, or max skew assignments found ;
; disp0[1]    ; No output delay, min/max delays, false-path exceptions, or max skew assignments found ;
; disp0[2]    ; No output delay, min/max delays, false-path exceptions, or max skew assignments found ;
; disp0[3]    ; No output delay, min/max delays, false-path exceptions, or max skew assignments found ;
; disp0[4]    ; No output delay, min/max delays, false-path exceptions, or max skew assignments found ;
; disp0[5]    ; No output delay, min/max delays, false-path exceptions, or max skew assignments found ;
; disp0[6]    ; No output delay, min/max delays, false-path exceptions, or max skew assignments found ;
; disp1[0]    ; No output delay, min/max delays, false-path exceptions, or max skew assignments found ;
; disp1[1]    ; No output delay, min/max delays, false-path exceptions, or max skew assignments found ;
; disp1[2]    ; No output delay, min/max delays, false-path exceptions, or max skew assignments found ;
; disp1[3]    ; No output delay, min/max delays, false-path exceptions, or max skew assignments found ;
; disp1[4]    ; No output delay, min/max delays, false-path exceptions, or max skew assignments found ;
; disp1[5]    ; No output delay, min/max delays, false-path exceptions, or max skew assignments found ;
; disp1[6]    ; No output delay, min/max delays, false-path exceptions, or max skew assignments found ;
; disp2[0]    ; No output delay, min/max delays, false-path exceptions, or max skew assignments found ;
; disp2[1]    ; No output delay, min/max delays, false-path exceptions, or max skew assignments found ;
; disp2[2]    ; No output delay, min/max delays, false-path exceptions, or max skew assignments found ;
; disp2[3]    ; No output delay, min/max delays, false-path exceptions, or max skew assignments found ;
; disp2[4]    ; No output delay, min/max delays, false-path exceptions, or max skew assignments found ;
; disp2[5]    ; No output delay, min/max delays, false-path exceptions, or max skew assignments found ;
; disp2[6]    ; No output delay, min/max delays, false-path exceptions, or max skew assignments found ;
; disp3[0]    ; No output delay, min/max delays, false-path exceptions, or max skew assignments found ;
; disp3[1]    ; No output delay, min/max delays, false-path exceptions, or max skew assignments found ;
; disp3[2]    ; No output delay, min/max delays, false-path exceptions, or max skew assignments found ;
; disp3[3]    ; No output delay, min/max delays, false-path exceptions, or max skew assignments found ;
; disp3[4]    ; No output delay, min/max delays, false-path exceptions, or max skew assignments found ;
; disp3[5]    ; No output delay, min/max delays, false-path exceptions, or max skew assignments found ;
; disp3[6]    ; No output delay, min/max delays, false-path exceptions, or max skew assignments found ;
; disp4[0]    ; No output delay, min/max delays, false-path exceptions, or max skew assignments found ;
; disp4[1]    ; No output delay, min/max delays, false-path exceptions, or max skew assignments found ;
; disp4[2]    ; No output delay, min/max delays, false-path exceptions, or max skew assignments found ;
; disp4[3]    ; No output delay, min/max delays, false-path exceptions, or max skew assignments found ;
; disp4[4]    ; No output delay, min/max delays, false-path exceptions, or max skew assignments found ;
; disp4[5]    ; No output delay, min/max delays, false-path exceptions, or max skew assignments found ;
; disp4[6]    ; No output delay, min/max delays, false-path exceptions, or max skew assignments found ;
; disp5[0]    ; No output delay, min/max delays, false-path exceptions, or max skew assignments found ;
; disp5[1]    ; No output delay, min/max delays, false-path exceptions, or max skew assignments found ;
; disp5[2]    ; No output delay, min/max delays, false-path exceptions, or max skew assignments found ;
; disp5[3]    ; No output delay, min/max delays, false-path exceptions, or max skew assignments found ;
; disp5[4]    ; No output delay, min/max delays, false-path exceptions, or max skew assignments found ;
; disp5[5]    ; No output delay, min/max delays, false-path exceptions, or max skew assignments found ;
; disp5[6]    ; No output delay, min/max delays, false-path exceptions, or max skew assignments found ;
; disp6[0]    ; No output delay, min/max delays, false-path exceptions, or max skew assignments found ;
; disp6[1]    ; No output delay, min/max delays, false-path exceptions, or max skew assignments found ;
; disp6[2]    ; No output delay, min/max delays, false-path exceptions, or max skew assignments found ;
; disp6[3]    ; No output delay, min/max delays, false-path exceptions, or max skew assignments found ;
; disp6[4]    ; No output delay, min/max delays, false-path exceptions, or max skew assignments found ;
; disp6[5]    ; No output delay, min/max delays, false-path exceptions, or max skew assignments found ;
; disp6[6]    ; No output delay, min/max delays, false-path exceptions, or max skew assignments found ;
; disp7[0]    ; No output delay, min/max delays, false-path exceptions, or max skew assignments found ;
; disp7[1]    ; No output delay, min/max delays, false-path exceptions, or max skew assignments found ;
; disp7[2]    ; No output delay, min/max delays, false-path exceptions, or max skew assignments found ;
; disp7[3]    ; No output delay, min/max delays, false-path exceptions, or max skew assignments found ;
; disp7[4]    ; No output delay, min/max delays, false-path exceptions, or max skew assignments found ;
; disp7[5]    ; No output delay, min/max delays, false-path exceptions, or max skew assignments found ;
; disp7[6]    ; No output delay, min/max delays, false-path exceptions, or max skew assignments found ;
+-------------+---------------------------------------------------------------------------------------+


+---------------------------------------------------------------------------------------------------+
; Unconstrained Input Ports                                                                         ;
+------------+--------------------------------------------------------------------------------------+
; Input Port ; Comment                                                                              ;
+------------+--------------------------------------------------------------------------------------+
; rst_ni     ; No input delay, min/max delays, false-path exceptions, or max skew assignments found ;
+------------+--------------------------------------------------------------------------------------+


+-----------------------------------------------------------------------------------------------------+
; Unconstrained Output Ports                                                                          ;
+-------------+---------------------------------------------------------------------------------------+
; Output Port ; Comment                                                                               ;
+-------------+---------------------------------------------------------------------------------------+
; disp0[0]    ; No output delay, min/max delays, false-path exceptions, or max skew assignments found ;
; disp0[1]    ; No output delay, min/max delays, false-path exceptions, or max skew assignments found ;
; disp0[2]    ; No output delay, min/max delays, false-path exceptions, or max skew assignments found ;
; disp0[3]    ; No output delay, min/max delays, false-path exceptions, or max skew assignments found ;
; disp0[4]    ; No output delay, min/max delays, false-path exceptions, or max skew assignments found ;
; disp0[5]    ; No output delay, min/max delays, false-path exceptions, or max skew assignments found ;
; disp0[6]    ; No output delay, min/max delays, false-path exceptions, or max skew assignments found ;
; disp1[0]    ; No output delay, min/max delays, false-path exceptions, or max skew assignments found ;
; disp1[1]    ; No output delay, min/max delays, false-path exceptions, or max skew assignments found ;
; disp1[2]    ; No output delay, min/max delays, false-path exceptions, or max skew assignments found ;
; disp1[3]    ; No output delay, min/max delays, false-path exceptions, or max skew assignments found ;
; disp1[4]    ; No output delay, min/max delays, false-path exceptions, or max skew assignments found ;
; disp1[5]    ; No output delay, min/max delays, false-path exceptions, or max skew assignments found ;
; disp1[6]    ; No output delay, min/max delays, false-path exceptions, or max skew assignments found ;
; disp2[0]    ; No output delay, min/max delays, false-path exceptions, or max skew assignments found ;
; disp2[1]    ; No output delay, min/max delays, false-path exceptions, or max skew assignments found ;
; disp2[2]    ; No output delay, min/max delays, false-path exceptions, or max skew assignments found ;
; disp2[3]    ; No output delay, min/max delays, false-path exceptions, or max skew assignments found ;
; disp2[4]    ; No output delay, min/max delays, false-path exceptions, or max skew assignments found ;
; disp2[5]    ; No output delay, min/max delays, false-path exceptions, or max skew assignments found ;
; disp2[6]    ; No output delay, min/max delays, false-path exceptions, or max skew assignments found ;
; disp3[0]    ; No output delay, min/max delays, false-path exceptions, or max skew assignments found ;
; disp3[1]    ; No output delay, min/max delays, false-path exceptions, or max skew assignments found ;
; disp3[2]    ; No output delay, min/max delays, false-path exceptions, or max skew assignments found ;
; disp3[3]    ; No output delay, min/max delays, false-path exceptions, or max skew assignments found ;
; disp3[4]    ; No output delay, min/max delays, false-path exceptions, or max skew assignments found ;
; disp3[5]    ; No output delay, min/max delays, false-path exceptions, or max skew assignments found ;
; disp3[6]    ; No output delay, min/max delays, false-path exceptions, or max skew assignments found ;
; disp4[0]    ; No output delay, min/max delays, false-path exceptions, or max skew assignments found ;
; disp4[1]    ; No output delay, min/max delays, false-path exceptions, or max skew assignments found ;
; disp4[2]    ; No output delay, min/max delays, false-path exceptions, or max skew assignments found ;
; disp4[3]    ; No output delay, min/max delays, false-path exceptions, or max skew assignments found ;
; disp4[4]    ; No output delay, min/max delays, false-path exceptions, or max skew assignments found ;
; disp4[5]    ; No output delay, min/max delays, false-path exceptions, or max skew assignments found ;
; disp4[6]    ; No output delay, min/max delays, false-path exceptions, or max skew assignments found ;
; disp5[0]    ; No output delay, min/max delays, false-path exceptions, or max skew assignments found ;
; disp5[1]    ; No output delay, min/max delays, false-path exceptions, or max skew assignments found ;
; disp5[2]    ; No output delay, min/max delays, false-path exceptions, or max skew assignments found ;
; disp5[3]    ; No output delay, min/max delays, false-path exceptions, or max skew assignments found ;
; disp5[4]    ; No output delay, min/max delays, false-path exceptions, or max skew assignments found ;
; disp5[5]    ; No output delay, min/max delays, false-path exceptions, or max skew assignments found ;
; disp5[6]    ; No output delay, min/max delays, false-path exceptions, or max skew assignments found ;
; disp6[0]    ; No output delay, min/max delays, false-path exceptions, or max skew assignments found ;
; disp6[1]    ; No output delay, min/max delays, false-path exceptions, or max skew assignments found ;
; disp6[2]    ; No output delay, min/max delays, false-path exceptions, or max skew assignments found ;
; disp6[3]    ; No output delay, min/max delays, false-path exceptions, or max skew assignments found ;
; disp6[4]    ; No output delay, min/max delays, false-path exceptions, or max skew assignments found ;
; disp6[5]    ; No output delay, min/max delays, false-path exceptions, or max skew assignments found ;
; disp6[6]    ; No output delay, min/max delays, false-path exceptions, or max skew assignments found ;
; disp7[0]    ; No output delay, min/max delays, false-path exceptions, or max skew assignments found ;
; disp7[1]    ; No output delay, min/max delays, false-path exceptions, or max skew assignments found ;
; disp7[2]    ; No output delay, min/max delays, false-path exceptions, or max skew assignments found ;
; disp7[3]    ; No output delay, min/max delays, false-path exceptions, or max skew assignments found ;
; disp7[4]    ; No output delay, min/max delays, false-path exceptions, or max skew assignments found ;
; disp7[5]    ; No output delay, min/max delays, false-path exceptions, or max skew assignments found ;
; disp7[6]    ; No output delay, min/max delays, false-path exceptions, or max skew assignments found ;
+-------------+---------------------------------------------------------------------------------------+


+--------------------------+
; Timing Analyzer Messages ;
+--------------------------+
Info: *******************************************************************
Info: Running Quartus Prime Timing Analyzer
    Info: Version 23.1std.0 Build 991 11/28/2023 SC Lite Edition
    Info: Processing started: Wed Jan 10 19:34:02 2024
Info: Command: quartus_sta monociclo -c monociclo
Info: qsta_default_script.tcl version: #1
Warning (18236): Number of processors has not been specified which may cause overloading on shared machines.  Set the global assignment NUM_PARALLEL_PROCESSORS in your QSF to an appropriate value for best performance.
Info (20030): Parallel compilation is enabled and will use 12 of the 12 processors detected
Info (21077): Low junction temperature is 0 degrees C
Info (21077): High junction temperature is 85 degrees C
Warning (335093): The Timing Analyzer is analyzing 1 combinational loops as latches. For more details, run the Check Timing command in the Timing Analyzer or view the "User-Specified and Inferred Latches" table in the Analysis & Synthesis report.
Critical Warning (332012): Synopsys Design Constraints File file not found: 'monociclo.sdc'. A Synopsys Design Constraints File is required by the Timing Analyzer to get proper timing constraints. Without it, the Compiler will not properly optimize the design.
Info (332142): No user constrained base clocks found in the design. Calling "derive_clocks -period 1.0"
Info (332105): Deriving Clocks
    Info (332105): create_clock -period 1.000 -name divisor50mhz:div50_u0|clk1hz_o divisor50mhz:div50_u0|clk1hz_o
    Info (332105): create_clock -period 1.000 -name clk_i clk_i
    Info (332105): create_clock -period 1.000 -name monociclo:DUT|pc_w[2] monociclo:DUT|pc_w[2]
Info (332097): The following timing edges are non-unate.  The Timing Analyzer will assume pos-unate behavior for these edges in the clock network.
    Info (332098): Cell: DUT|aluctrl_u0|Selector4~2  from: dataa  to: combout
Info (332143): No user constrained clock uncertainty found in the design. Calling "derive_clock_uncertainty"
Info (332123): Deriving Clock Uncertainty. Please refer to report_sdc in the Timing Analyzer to see clock uncertainties.
Info: Found TIMING_ANALYZER_REPORT_SCRIPT_INCLUDE_DEFAULT_ANALYSIS = ON
Info: Analyzing Slow 1200mV 85C Model
Critical Warning (332148): Timing requirements not met
    Info (11105): For recommendations on closing timing, run Report Timing Closure Recommendations in the Timing Analyzer.
Info (332146): Worst-case setup slack is -21.976
    Info (332119):     Slack       End Point TNS Clock 
    Info (332119): ========= =================== =====================
    Info (332119):   -21.976          -21510.555 divisor50mhz:div50_u0|clk1hz_o 
    Info (332119):    -4.207             -68.434 clk_i 
    Info (332119):    -2.998              -2.998 monociclo:DUT|pc_w[2] 
Info (332146): Worst-case hold slack is 0.117
    Info (332119):     Slack       End Point TNS Clock 
    Info (332119): ========= =================== =====================
    Info (332119):     0.117               0.000 monociclo:DUT|pc_w[2] 
    Info (332119):     0.636               0.000 divisor50mhz:div50_u0|clk1hz_o 
    Info (332119):     0.654               0.000 clk_i 
Info (332140): No Recovery paths to report
Info (332140): No Removal paths to report
Info (332146): Worst-case minimum pulse width slack is -3.000
    Info (332119):     Slack       End Point TNS Clock 
    Info (332119): ========= =================== =====================
    Info (332119):    -3.000             -45.405 clk_i 
    Info (332119):    -1.285           -1736.035 divisor50mhz:div50_u0|clk1hz_o 
    Info (332119):     0.359               0.000 monociclo:DUT|pc_w[2] 
Info: Analyzing Slow 1200mV 0C Model
Info (334003): Started post-fitting delay annotation
Info (334004): Delay annotation completed successfully
Info (332097): The following timing edges are non-unate.  The Timing Analyzer will assume pos-unate behavior for these edges in the clock network.
    Info (332098): Cell: DUT|aluctrl_u0|Selector4~2  from: dataa  to: combout
Info (332123): Deriving Clock Uncertainty. Please refer to report_sdc in the Timing Analyzer to see clock uncertainties.
Critical Warning (332148): Timing requirements not met
    Info (11105): For recommendations on closing timing, run Report Timing Closure Recommendations in the Timing Analyzer.
Info (332146): Worst-case setup slack is -20.208
    Info (332119):     Slack       End Point TNS Clock 
    Info (332119): ========= =================== =====================
    Info (332119):   -20.208          -19796.051 divisor50mhz:div50_u0|clk1hz_o 
    Info (332119):    -3.736             -58.037 clk_i 
    Info (332119):    -2.615              -2.615 monociclo:DUT|pc_w[2] 
Info (332146): Worst-case hold slack is 0.124
    Info (332119):     Slack       End Point TNS Clock 
    Info (332119): ========= =================== =====================
    Info (332119):     0.124               0.000 monociclo:DUT|pc_w[2] 
    Info (332119):     0.579               0.000 divisor50mhz:div50_u0|clk1hz_o 
    Info (332119):     0.598               0.000 clk_i 
Info (332140): No Recovery paths to report
Info (332140): No Removal paths to report
Info (332146): Worst-case minimum pulse width slack is -3.000
    Info (332119):     Slack       End Point TNS Clock 
    Info (332119): ========= =================== =====================
    Info (332119):    -3.000             -45.405 clk_i 
    Info (332119):    -1.285           -1736.035 divisor50mhz:div50_u0|clk1hz_o 
    Info (332119):     0.428               0.000 monociclo:DUT|pc_w[2] 
Info: Analyzing Fast 1200mV 0C Model
Info (332097): The following timing edges are non-unate.  The Timing Analyzer will assume pos-unate behavior for these edges in the clock network.
    Info (332098): Cell: DUT|aluctrl_u0|Selector4~2  from: dataa  to: combout
Info (332123): Deriving Clock Uncertainty. Please refer to report_sdc in the Timing Analyzer to see clock uncertainties.
Critical Warning (332148): Timing requirements not met
    Info (11105): For recommendations on closing timing, run Report Timing Closure Recommendations in the Timing Analyzer.
Info (332146): Worst-case setup slack is -10.344
    Info (332119):     Slack       End Point TNS Clock 
    Info (332119): ========= =================== =====================
    Info (332119):   -10.344          -10262.042 divisor50mhz:div50_u0|clk1hz_o 
    Info (332119):    -1.655             -17.512 clk_i 
    Info (332119):    -1.093              -1.093 monociclo:DUT|pc_w[2] 
Info (332146): Worst-case hold slack is 0.023
    Info (332119):     Slack       End Point TNS Clock 
    Info (332119): ========= =================== =====================
    Info (332119):     0.023               0.000 monociclo:DUT|pc_w[2] 
    Info (332119):     0.287               0.000 divisor50mhz:div50_u0|clk1hz_o 
    Info (332119):     0.298               0.000 clk_i 
Info (332140): No Recovery paths to report
Info (332140): No Removal paths to report
Info (332146): Worst-case minimum pulse width slack is -3.000
    Info (332119):     Slack       End Point TNS Clock 
    Info (332119): ========= =================== =====================
    Info (332119):    -3.000             -38.007 clk_i 
    Info (332119):    -1.000           -1351.000 divisor50mhz:div50_u0|clk1hz_o 
    Info (332119):     0.363               0.000 monociclo:DUT|pc_w[2] 
Info (332102): Design is not fully constrained for setup requirements
Info (332102): Design is not fully constrained for hold requirements
Info: Quartus Prime Timing Analyzer was successful. 0 errors, 6 warnings
    Info: Peak virtual memory: 5009 megabytes
    Info: Processing ended: Wed Jan 10 19:34:10 2024
    Info: Elapsed time: 00:00:08
    Info: Total CPU time (on all processors): 00:00:09


